date,ut1_minus_utc_s,lod_excess_ms
1973-01-02,0.8084178,0.0000
1973-01-03,0.8056163,3.5563
1973-01-04,0.8027895,2.6599
1973-01-05,0.7998729,3.0344
1973-01-06,0.7968144,3.1276
1973-01-07,0.7935822,3.3271
1973-01-08,0.7901710,3.4940
1973-01-09,0.7866053,3.6275
1973-01-10,0.7829389,3.6924
1973-01-11,0.7792487,3.6729
1973-01-12,0.7756218,3.5674
1973-01-13,0.7721359,3.3960
1973-01-14,0.7688378,3.2007
1973-01-15,0.7657235,3.0383
1973-01-16,0.7627325,2.9620
1973-01-17,0.7597608,3.0019
1973-01-18,0.7566931,3.1486
1973-01-19,0.7534441,3.3540
1973-01-20,0.7499880,3.5509
1973-01-21,0.7463651,3.6794
1973-01-22,0.7426621,3.7091
1973-01-23,0.7389789,3.6428
1973-01-24,0.7353998,3.5067
1973-01-25,0.7319778,3.3338
1973-01-26,0.7287348,3.1529
1973-01-27,0.7256670,2.9868
1973-01-28,0.7227502,2.8538
1973-01-29,0.7199427,2.7710
1973-01-30,0.7171871,2.7515
1973-01-31,0.7144166,2.8012
1973-02-01,0.7115628,2.9167
1973-02-02,0.7085656,3.0849
1973-02-03,0.7053831,3.2828
1973-02-04,0.7020005,3.4793
1973-02-05,0.6984370,3.6385
1973-02-06,0.6947473,3.7265
1973-02-07,0.6910149,3.7218
1973-02-08,0.6873348,3.6237
1973-02-09,0.6837911,3.4547
1973-02-10,0.6804349,3.2572
1973-02-11,0.6772686,3.0839
1973-02-12,0.6742427,2.9836
1973-02-13,0.6712667,2.9872
1973-02-14,0.6682328,3.0973
1973-02-15,0.6650466,3.2841
1973-02-16,0.6616571,3.4936
1973-02-17,0.6580719,3.6657
1973-02-18,0.6543535,3.7543
1973-02-19,0.6505970,3.7418
1973-02-20,0.6468995,3.6403
1973-02-21,0.6433358,3.4804
1973-02-22,0.6399465,3.2971
1973-02-23,0.6367394,3.1203
1973-02-24,0.6336961,2.9728
1973-02-25,0.6307782,2.8720
1973-02-26,0.6279321,2.8311
1973-02-27,0.6250933,2.8582
1973-02-28,0.6221928,2.9540
1973-03-01,0.6191649,3.1108
1973-03-02,0.6159565,3.3115
1973-03-03,0.6125364,3.5288
1973-03-04,0.6089055,3.7263
1973-03-05,0.6051039,3.8634
1973-03-06,0.6012100,3.9064
1973-03-07,0.5973269,3.8419
1973-03-08,0.5935565,3.6865
1973-03-09,0.5899692,3.4851
1973-03-10,0.5865821,3.2964
1973-03-11,0.5833541,3.1747
1973-03-12,0.5801992,3.1535
1973-03-13,0.5770120,3.2375
1973-03-14,0.5736970,3.4032
1973-03-15,0.5701931,3.6066
1973-03-16,0.5664886,3.7956
1973-03-17,0.5626220,3.9242
1973-03-18,0.5586697,3.9642
1973-03-19,0.5547245,3.9115
1973-03-20,0.5508716,3.7840
1973-03-21,0.5471712,3.6126
1973-03-22,0.5436500,3.4306
1973-03-23,0.5403039,3.2668
1973-03-24,0.5371033,3.1424
1973-03-25,0.5340013,3.0715
1973-03-26,0.5309397,3.0626
1973-03-27,0.5278547,3.1181
1973-03-28,0.5246836,3.2335
1973-03-29,0.5213715,3.3976
1973-03-30,0.5178783,3.5920
1973-03-31,0.5141868,3.7884
1973-04-01,0.5103137,3.9482
1973-04-02,0.5063163,4.0304
1973-04-03,0.5022885,4.0058
1973-04-04,0.4983412,3.8718
1973-04-05,0.4945702,3.6619
1973-04-06,0.4910225,3.4366
1973-04-07,0.4876799,3.2625
1973-04-08,0.4844647,3.1868
1973-04-09,0.4812696,3.2211
1973-04-10,0.4779933,3.3431
1973-04-11,0.4745689,3.5087
1973-04-12,0.4709778,3.6687
1973-04-13,0.4672468,3.7828
1973-04-14,0.4634359,3.8256
1973-04-15,0.4596221,3.7888
1973-04-16,0.4558821,3.6806
1973-04-17,0.4522776,3.5222
1973-04-18,0.4488449,3.3421
1973-04-19,0.4455907,3.1700
1973-04-20,0.4424939,3.0308
1973-04-21,0.4395122,2.9421
1973-04-22,0.4365897,2.9133
1973-04-23,0.4336648,2.9468
1973-04-24,0.4306768,3.0381
1973-04-25,0.4275726,3.1773
1973-04-26,0.4243110,3.3502
1973-04-27,0.4208678,3.5365
1973-04-28,0.4172431,3.7076
1973-04-29,0.4134697,3.8275
1973-04-30,0.4096171,3.8605
1973-05-01,0.4057844,3.7865
1973-05-02,0.4020762,3.6163
1973-05-03,0.3985685,3.3961
1973-05-04,0.3952777,3.1948
1973-05-05,0.3921511,3.0767
1973-05-06,0.3890860,3.0734
1973-05-07,0.3859701,3.1727
1973-05-08,0.3827218,3.3283
1973-05-09,0.3793140,3.4823
1973-05-10,0.3757735,3.5875
1973-05-11,0.3721634,3.6195
1973-05-12,0.3685599,3.5752
1973-05-13,0.3650348,3.4653
1973-05-14,0.3616450,3.3082
1973-05-15,0.3584266,3.1264
1973-05-16,0.3553922,2.9444
1973-05-17,0.3525297,2.7866
1973-05-18,0.3498042,2.6733
1973-05-19,0.3471638,2.6178
1973-05-20,0.3445481,2.6239
1973-05-21,0.3418967,2.6878
1973-05-22,0.3391570,2.7983
1973-05-23,0.3362893,2.9411
1973-05-24,0.3332699,3.0985
1973-05-25,0.3300944,3.2495
1973-05-26,0.3267817,3.3681
1973-05-27,0.3233789,3.4247
1973-05-28,0.3199611,3.3949
1973-05-29,0.3166201,3.2722
1973-05-30,0.3134398,3.0804
1973-05-31,0.3104640,2.8746
1973-06-01,0.3076727,2.7225
1973-06-02,0.3049837,2.6763
1973-06-03,0.3022809,2.7478
1973-06-04,0.2994605,2.9021
1973-06-05,0.2964705,3.0751
1973-06-06,0.2933252,3.2035
1973-06-07,0.2900913,3.2485
1973-06-08,0.2868582,3.2035
1973-06-09,0.2837086,3.0857
1973-06-10,0.2807024,2.9212
1973-06-11,0.2778733,2.7353
1973-06-12,0.2752317,2.5498
1973-06-13,0.2727668,2.3851
1973-06-14,0.2704483,2.2600
1973-06-15,0.2682287,2.1893
1973-06-16,0.2660491,2.1806
1973-06-17,0.2638477,2.2315
1973-06-18,0.2615698,2.3313
1973-06-19,0.2591741,2.4642
1973-06-20,0.2566369,2.6107
1973-06-21,0.2539551,2.7501
1973-06-22,0.2511461,2.8613
1973-06-23,0.2482491,2.9228
1973-06-24,0.2453232,2.9161
1973-06-25,0.2424429,2.8314
1973-06-26,0.2396828,2.6795
1973-06-27,0.2370944,2.4962
1973-06-28,0.2346823,2.3374
1973-06-29,0.2323922,2.2610
1973-06-30,0.2301216,2.3006
1973-07-01,0.2277557,2.4460
1973-07-02,0.2252119,2.6446
1973-07-03,0.2224729,2.8242
1973-07-04,0.2195902,2.9239
1973-07-05,0.2166607,2.9169
1973-07-06,0.2137885,2.8135
1973-07-07,0.2110549,2.6464
1973-07-08,0.2085047,2.4524
1973-07-09,0.2061493,2.2609
1973-07-10,0.2039750,2.0931
1973-07-11,0.2019501,1.9644
1973-07-12,0.2000285,1.8887
1973-07-13,0.1981521,1.8749
1973-07-14,0.1962575,1.9246
1973-07-15,0.1942844,2.0297
1973-07-16,0.1921851,2.1738
1973-07-17,0.1899311,2.3351
1973-07-18,0.1875170,2.4900
1973-07-19,0.1849610,2.6151
1973-07-20,0.1823037,2.6896
1973-07-21,0.1796035,2.6990
1973-07-22,0.1769293,2.6378
1973-07-23,0.1743483,2.5156
1973-07-24,0.1719096,2.3591
1973-07-25,0.1696270,2.2120
1973-07-26,0.1674656,2.1251
1973-07-27,0.1653434,2.1386
1973-07-28,0.1631514,2.2633
1973-07-29,0.1607898,2.4692
1973-07-30,0.1582066,2.6944
1973-07-31,0.1554181,2.8682
1973-08-01,0.1525044,2.9394
1973-08-02,0.1495778,2.8953
1973-08-03,0.1467448,2.7584
1973-08-04,0.1440777,2.5713
1973-08-05,0.1416050,2.3756
1973-08-06,0.1393192,2.2017
1973-08-07,0.1371881,2.0685
1973-08-08,0.1351648,1.9877
1973-08-09,0.1331923,1.9680
1973-08-10,0.1312073,2.0127
1973-08-11,0.1291470,2.1172
1973-08-12,0.1269571,2.2690
1973-08-13,0.1246002,2.4472
1973-08-14,0.1220622,2.6269
1973-08-15,0.1193548,2.7814
1973-08-16,0.1165163,2.8853
1973-08-17,0.1136071,2.9204
1973-08-18,0.1107006,2.8803
1973-08-19,0.1078680,2.7757
1973-08-20,0.1051613,2.6347
1973-08-21,0.1025971,2.4982
1973-08-22,0.1001482,2.4117
1973-08-23,0.0977447,2.4123
1973-08-24,0.0952896,2.5151
1973-08-25,0.0926851,2.7061
1973-08-26,0.0898626,2.9415
1973-08-27,0.0868080,3.1591
1973-08-28,0.0835702,3.2991
1973-08-29,0.0802474,3.3262
1973-08-30,0.0769554,3.2406
1973-08-31,0.0737935,3.0732
1973-09-01,0.0708212,2.8693
1973-09-02,0.0680534,2.6701
1973-09-03,0.0654699,2.5044
1973-09-04,0.0630280,2.3887
1973-09-05,0.0606731,2.3314
1973-09-06,0.0583445,2.3363
1973-09-07,0.0559804,2.4016
1973-09-08,0.0535242,2.5182
1973-09-09,0.0509322,2.6702
1973-09-10,0.0481788,2.8370
1973-09-11,0.0452619,2.9925
1973-09-12,0.0422068,3.1088
1973-09-13,0.0390659,3.1602
1973-09-14,0.0359132,3.1313
1973-09-15,0.0328289,3.0258
1973-09-16,0.0298786,2.8694
1973-09-17,0.0270925,2.7058
1973-09-18,0.0244530,2.5841
1973-09-19,0.0218975,2.5428
1973-09-20,0.0193345,2.6000
1973-09-21,0.0166675,2.7470
1973-09-22,0.0138216,2.9505
1973-09-23,0.0107642,3.1609
1973-09-24,0.0075152,3.3253
1973-09-25,0.0041426,3.4029
1973-09-26,0.0007438,3.3773
1973-09-27,-0.0025816,3.2604
1973-09-28,-0.0057578,3.0858
1973-09-29,-0.0087481,2.8958
1973-09-30,-0.0115567,2.7276
1973-10-01,-0.0142187,2.6057
1973-10-02,-0.0167878,2.5431
1973-10-03,-0.0193259,2.5437
1973-10-04,-0.0218957,2.6058
1973-10-05,-0.0245553,2.7215
1973-10-06,-0.0273522,2.8778
1973-10-07,-0.0303185,3.0567
1973-10-08,-0.0334655,3.2351
1973-10-09,-0.0367801,3.3876
1973-10-10,-0.0402230,3.4871
1973-10-11,-0.0437289,3.5103
1973-10-12,-0.0472151,3.4479
1973-10-13,-0.0506007,3.3136
1973-10-14,-0.0538311,3.1459
1973-10-15,-0.0568993,2.9987
1973-10-16,-0.0598522,2.9225
1973-10-17,-0.0627770,2.9444
1973-10-18,-0.0657721,3.0595
1973-10-19,-0.0689162,3.2354
1973-10-20,-0.0722474,3.4250
1973-10-21,-0.0757549,3.5806
1973-10-22,-0.0793851,3.6657
1973-10-23,-0.0830574,3.6640
1973-10-24,-0.0866852,3.5787
1973-10-25,-0.0901937,3.4303
1973-10-26,-0.0935357,3.2517
1973-10-27,-0.0966987,3.0779
1973-10-28,-0.0997029,2.9383
1973-10-29,-0.1025932,2.8522
1973-10-30,-0.1054279,2.8278
1973-10-31,-0.1082691,2.8645
1973-11-01,-0.1111747,2.9548
1973-11-02,-0.1141927,3.0870
1973-11-03,-0.1173573,3.2450
1973-11-04,-0.1206852,3.4103
1973-11-05,-0.1241736,3.5625
1973-11-06,-0.1277982,3.6787
1973-11-07,-0.1315113,3.7357
1973-11-08,-0.1352436,3.7148
1973-11-09,-0.1389145,3.6146
1973-11-10,-0.1424540,3.4579
1973-11-11,-0.1458272,3.2919
1973-11-12,-0.1490537,3.1737
1973-11-13,-0.1522051,3.1469
1973-11-14,-0.1553812,3.2212
1973-11-15,-0.1586718,3.3683
1973-11-16,-0.1621245,3.5353
1973-11-17,-0.1657309,3.6676
1973-11-18,-0.1694358,3.7280
1973-11-19,-0.1731585,3.7030
1973-11-20,-0.1768161,3.6008
1973-11-21,-0.1803414,3.4424
1973-11-22,-0.1836911,3.2544
1973-11-23,-0.1868497,3.0648
1973-11-24,-0.1898289,2.8998
1973-11-25,-0.1926643,2.7800
1973-11-26,-0.1954080,2.7177
1973-11-27,-0.1981199,2.7160
1973-11-28,-0.2008582,2.7689
1973-11-29,-0.2036719,2.8644
1973-11-30,-0.2065957,2.9861
1973-12-01,-0.2096471,3.1166
1973-12-02,-0.2128261,3.2385
1973-12-03,-0.2161153,3.3340
1973-12-04,-0.2194796,3.3858
1973-12-05,-0.2228670,3.3777
1973-12-06,-0.2262122,3.3013
1973-12-07,-0.2294497,3.1654
1973-12-08,-0.2325339,3.0022
1973-12-09,-0.2354623,2.8637
1973-12-10,-0.2382872,2.8030
1973-12-11,-0.2411036,2.8482
1973-12-12,-0.2440146,2.9864
1973-12-13,-0.2470908,3.1677
1973-12-14,-0.2503419,3.3248
1973-12-15,-0.2537141,3.4030
1973-12-16,-0.2571138,3.3791
1973-12-17,-0.2604418,3.2639
1973-12-18,-0.2636212,3.0877
1973-12-19,-0.2666082,2.8847
1973-12-20,-0.2693916,2.6847
1973-12-21,-0.2719860,2.5099
1973-12-22,-0.2744256,2.3775
1973-12-23,-0.2767591,2.2993
1973-12-24,-0.2790441,2.2810
1973-12-25,-0.2813401,2.3199
1973-12-26,-0.2836993,2.4051
1973-12-27,-0.2861602,2.5200
1973-12-28,-0.2887427,2.6451
1973-12-29,-0.2914476,2.7618
1973-12-30,-0.2942581,2.8538
1973-12-31,-0.2971424,2.9073
1974-01-01,0.6999438,2.9112
1974-01-02,0.6970539,2.8589
1974-01-03,0.6942436,2.7537
1974-01-04,0.6915576,2.6152
1974-01-05,0.6890115,2.4818
1974-01-06,0.6865758,2.4028
1974-01-07,0.6841739,2.4196
1974-01-08,0.6817011,2.5430
1974-01-09,0.6790627,2.7420
1974-01-10,0.6762134,2.9521
1974-01-11,0.6731788,3.1015
1974-01-12,0.6700467,3.1421
1974-01-13,0.6669336,3.0656
1974-01-14,0.6639450,2.9004
1974-01-15,0.6611472,2.6920
1974-01-16,0.6585612,2.4830
1974-01-17,0.6561715,2.3030
1974-01-18,0.6539399,2.1687
1974-01-19,0.6518159,2.0890
1974-01-20,0.6497421,2.0688
1974-01-21,0.6476585,2.1080
1974-01-22,0.6455090,2.1986
1974-01-23,0.6432493,2.3253
1974-01-24,0.6408530,2.4680
1974-01-25,0.6383150,2.6054
1974-01-26,0.6356505,2.7180
1974-01-27,0.6328924,2.7905
1974-01-28,0.6300862,2.8129
1974-01-29,0.6272847,2.7812
1974-01-30,0.6245402,2.7005
1974-01-31,0.6218946,2.5873
1974-02-01,0.6193665,2.4714
1974-02-02,0.6169393,2.3930
1974-02-03,0.6145544,2.3930
1974-02-04,0.6121192,2.4954
1974-02-05,0.6095322,2.6918
1974-02-06,0.6067194,2.9366
1974-02-07,0.6036662,3.1598
1974-02-08,0.6004295,3.2939
1974-02-09,0.5971202,3.3026
1974-02-10,0.5938641,3.1920
1974-02-11,0.5907626,3.0024
1974-02-12,0.5878679,2.7871
1974-02-13,0.5851819,2.5913
1974-02-14,0.5826700,2.4415
1974-02-15,0.5802797,2.3492
1974-02-16,0.5779513,2.3177
1974-02-17,0.5756244,2.3459
1974-02-18,0.5732413,2.4287
1974-02-19,0.5707527,2.5544
1974-02-20,0.5681244,2.7045
1974-02-21,0.5653429,2.8570
1974-02-22,0.5624169,2.9898
1974-02-23,0.5593762,3.0837
1974-02-24,0.5562673,3.1243
1974-02-25,0.5531474,3.1056
1974-02-26,0.5500745,3.0318
1974-02-27,0.5470965,2.9198
1974-02-28,0.5442380,2.7986
1974-03-01,0.5414901,2.7050
1974-03-02,0.5388066,2.6756
1974-03-03,0.5361088,2.7367
1974-03-04,0.5333018,2.8922
1974-03-05,0.5303016,3.1162
1974-03-06,0.5270642,3.3558
1974-03-07,0.5236066,3.5456
1974-03-08,0.5200074,3.6321
1974-03-09,0.5163838,3.5942
1974-03-10,0.5128546,3.4494
1974-03-11,0.5095052,3.2440
1974-03-12,0.5063690,3.0313
1974-03-13,0.5034312,2.8527
1974-03-14,0.5006447,2.7308
1974-03-15,0.4979486,2.6719
1974-03-16,0.4952804,2.6744
1974-03-17,0.4925811,2.7329
1974-03-18,0.4897991,2.8379
1974-03-19,0.4868946,2.9749
1974-03-20,0.4838452,3.1242
1974-03-21,0.4806495,3.2638
1974-03-22,0.4773279,3.3726
1974-03-23,0.4739205,3.4327
1974-03-24,0.4704827,3.4322
1974-03-25,0.4670769,3.3694
1974-03-26,0.4637605,3.2569
1974-03-27,0.4605702,3.1231
1974-03-28,0.4575087,3.0061
1974-03-29,0.4545396,2.9443
1974-03-30,0.4515928,2.9645
1974-03-31,0.4485812,3.0730
1974-04-01,0.4454233,3.2520
1974-04-02,0.4420667,3.4624
1974-04-03,0.4385054,3.6522
1974-04-04,0.4347858,3.7714
1974-04-05,0.4309973,3.7866
1974-04-06,0.4272484,3.6944
1974-04-07,0.4236357,3.5207
1974-04-08,0.4202190,3.3110
1974-04-09,0.4170100,3.1124
1974-04-10,0.4139793,2.9587
1974-04-11,0.4110721,2.8666
1974-04-12,0.4082249,2.8380
1974-04-13,0.4053770,2.8667
1974-04-14,0.4024755,2.9433
1974-04-15,0.3994786,3.0551
1974-04-16,0.3963591,3.1853
1974-04-17,0.3931082,3.3148
1974-04-18,0.3897363,3.4240
1974-04-19,0.3862732,3.4943
1974-04-20,0.3827656,3.5110
1974-04-21,0.3792718,3.4661
1974-04-22,0.3758526,3.3637
1974-04-23,0.3725566,3.2247
1974-04-24,0.3694030,3.0862
1974-04-25,0.3663697,2.9912
1974-04-26,0.3633949,2.9734
1974-04-27,0.3603935,3.0437
1974-04-28,0.3572837,3.1853
1974-04-29,0.3540118,3.3603
1974-04-30,0.3505675,3.5220
1974-05-01,0.3469865,3.6277
1974-05-02,0.3433401,3.6495
1974-05-03,0.3397183,3.5789
1974-05-04,0.3362085,3.4296
1974-05-05,0.3328749,3.2328
1974-05-06,0.3297456,3.0277
1974-05-07,0.3268099,2.8512
1974-05-08,0.3240255,2.7278
1974-05-09,0.3213335,2.6669
1974-05-10,0.3186717,2.6660
1974-05-11,0.3159848,2.7151
1974-05-12,0.3132294,2.8005
1974-05-13,0.3103768,2.9068
1974-05-14,0.3074146,3.0167
1974-05-15,0.3043480,3.1127
1974-05-16,0.3011990,3.1791
1974-05-17,0.2980043,3.2019
1974-05-18,0.2948130,3.1711
1974-05-19,0.2916807,3.0844
1974-05-20,0.2886593,2.9525
1974-05-21,0.2857812,2.8040
1974-05-22,0.2830427,2.6813
1974-05-23,0.2803960,2.6265
1974-05-24,0.2777595,2.6625
1974-05-25,0.2750436,2.7807
1974-05-26,0.2721837,2.9419
1974-05-27,0.2691634,3.0922
1974-05-28,0.2660190,3.1835
1974-05-29,0.2628251,3.1888
1974-05-30,0.2596711,3.1052
1974-05-31,0.2566387,2.9497
1974-06-01,0.2537862,2.7507
1974-06-02,0.2511410,2.5405
1974-06-03,0.2486987,2.3498
1974-06-04,0.2464268,2.2030
1974-06-05,0.2442733,2.1143
1974-06-06,0.2421779,2.0864
1974-06-07,0.2400825,2.1123
1974-06-08,0.2379399,2.1782
1974-06-09,0.2357183,2.2674
1974-06-10,0.2334032,2.3623
1974-06-11,0.2309975,2.4459
1974-06-12,0.2285200,2.5038
1974-06-13,0.2260020,2.5254
1974-06-14,0.2234839,2.5030
1974-06-15,0.2210118,2.4333
1974-06-16,0.2186316,2.3207
1974-06-17,0.2163787,2.1832
1974-06-18,0.2142621,2.0550
1974-06-19,0.2122513,1.9791
1974-06-20,0.2102747,1.9909
1974-06-21,0.2082374,2.0990
1974-06-22,0.2060541,2.2748
1974-06-23,0.2036846,2.4601
1974-06-24,0.2011517,2.5920
1974-06-25,0.1985326,2.6277
1974-06-26,0.1959314,2.5579
1974-06-27,0.1934446,2.4047
1974-06-28,0.1911372,2.2059
1974-06-29,0.1890351,2.0003
1974-06-30,0.1871290,1.8176
1974-07-01,0.1853854,1.6782
1974-07-02,0.1837541,1.5941
1974-07-03,0.1821775,1.5691
1974-07-04,0.1805972,1.6001
1974-07-05,0.1789623,1.6760
1974-07-06,0.1772358,1.7801
1974-07-07,0.1753992,1.8931
1974-07-08,0.1734528,1.9967
1974-07-09,0.1714139,2.0760
1974-07-10,0.1693126,2.1200
1974-07-11,0.1671878,2.1224
1974-07-12,0.1650821,2.0819
1974-07-13,0.1630370,2.0025
1974-07-14,0.1610859,1.8967
1974-07-15,0.1592442,1.7890
1974-07-16,0.1574964,1.7157
1974-07-17,0.1557884,1.7156
1974-07-18,0.1540328,1.8127
1974-07-19,0.1521334,1.9987
1974-07-20,0.1500210,2.2280
1974-07-21,0.1476858,2.4321
1974-07-22,0.1451868,2.5464
1974-07-23,0.1426340,2.5378
1974-07-24,0.1401491,2.4154
1974-07-25,0.1378273,2.2206
1974-07-26,0.1357144,2.0061
1974-07-27,0.1338074,1.8146
1974-07-28,0.1320688,1.6722
1974-07-29,0.1304431,1.5895
1974-07-30,0.1288695,1.5678
1974-07-31,0.1272882,1.6040
1974-08-01,0.1256451,1.6895
1974-08-02,0.1238975,1.8101
1974-08-03,0.1220194,1.9470
1974-08-04,0.1200048,2.0798
1974-08-05,0.1178673,2.1901
1974-08-06,0.1156365,2.2649
1974-08-07,0.1133517,2.2972
1974-08-08,0.1110567,2.2856
1974-08-09,0.1087935,2.2348
1974-08-10,0.1065964,2.1559
1974-08-11,0.1044843,2.0690
1974-08-12,0.1024513,2.0032
1974-08-13,0.1004595,1.9925
1974-08-14,0.0984382,2.0660
1974-08-15,0.0962965,2.2324
1974-08-16,0.0939503,2.4680
1974-08-17,0.0913562,2.7166
1974-08-18,0.0885363,2.9077
1974-08-19,0.0855791,2.9839
1974-08-20,0.0826134,2.9253
1974-08-21,0.0797654,2.7559
1974-08-22,0.0771206,2.5296
1974-08-23,0.0747058,2.3047
1974-08-24,0.0724966,2.1236
1974-08-25,0.0704374,2.0061
1974-08-26,0.0684627,1.9538
1974-08-27,0.0665101,1.9606
1974-08-28,0.0645249,2.0173
1974-08-29,0.0624629,2.1118
1974-08-30,0.0602943,2.2273
1974-08-31,0.0580075,2.3453
1974-09-01,0.0556089,2.4477
1974-09-02,0.0531226,2.5187
1974-09-03,0.0505851,2.5487
1974-09-04,0.0480399,2.5344
1974-09-05,0.0455299,2.4794
1974-09-06,0.0430908,2.3953
1974-09-07,0.0407426,2.3013
1974-09-08,0.0384828,2.2236
1974-09-09,0.0362799,2.1923
1974-09-10,0.0340742,2.2330
1974-09-11,0.0317851,2.3600
1974-09-12,0.0293283,2.5648
1974-09-13,0.0266415,2.8116
1974-09-14,0.0237106,3.0420
1974-09-15,0.0205839,3.1934
1974-09-16,0.0173645,3.2229
1974-09-17,0.0141804,3.1256
1974-09-18,0.0111442,2.9358
1974-09-19,0.0083205,2.7111
1974-09-20,0.0057149,2.5078
1974-09-21,0.0032855,2.3628
1974-09-22,0.0009657,2.2886
1974-09-23,-0.0013138,2.2806
1974-09-24,-0.0036138,2.3274
1974-09-25,-0.0059825,2.4157
1974-09-26,-0.0084542,2.5308
1974-09-27,-0.0110472,2.6552
1974-09-28,-0.0137616,2.7706
1974-09-29,-0.0165796,2.8596
1974-09-30,-0.0194678,2.9096
1974-10-01,-0.0223835,2.9138
1974-10-02,-0.0252801,2.8722
1974-10-03,-0.0281155,2.7934
1974-10-04,-0.0308605,2.6952
1974-10-05,-0.0335083,2.6041
1974-10-06,-0.0360812,2.5504
1974-10-07,-0.0386305,2.5607
1974-10-08,-0.0412288,2.6495
1974-10-09,-0.0439543,2.8127
1974-10-10,-0.0468704,3.0247
1974-10-11,-0.0500056,3.2426
1974-10-12,-0.0533405,3.4152
1974-10-13,-0.0568059,3.4976
1974-10-14,-0.0602980,3.4671
1974-10-15,-0.0637056,3.3332
1974-10-16,-0.0669432,3.1357
1974-10-17,-0.0699736,2.9279
1974-10-18,-0.0728115,2.7575
1974-10-19,-0.0755102,2.6520
1974-10-20,-0.0781390,2.6170
1974-10-21,-0.0807645,2.6428
1974-10-22,-0.0834400,2.7146
1974-10-23,-0.0862039,2.8169
1974-10-24,-0.0890785,2.9334
1974-10-25,-0.0920700,3.0476
1974-10-26,-0.0951674,3.1427
1974-10-27,-0.0983442,3.2043
1974-10-28,-0.1015618,3.2234
1974-10-29,-0.1047759,3.1972
1974-10-30,-0.1079424,3.1295
1974-10-31,-0.1110253,3.0331
1974-11-01,-0.1140068,2.9314
1974-11-02,-0.1168966,2.8552
1974-11-03,-0.1197360,2.8354
1974-11-04,-0.1225924,2.8906
1974-11-05,-0.1255415,3.0187
1974-11-06,-0.1286461,3.1958
1974-11-07,-0.1319364,3.3827
1974-11-08,-0.1354003,3.5358
1974-11-09,-0.1389844,3.6179
1974-11-10,-0.1426054,3.6078
1974-11-11,-0.1461694,3.5061
1974-11-12,-0.1495947,3.3359
1974-11-13,-0.1528314,3.1363
1974-11-14,-0.1558721,2.9511
1974-11-15,-0.1587500,2.8150
1974-11-16,-0.1615237,2.7438
1974-11-17,-0.1642589,2.7364
1974-11-18,-0.1670133,2.7795
1974-11-19,-0.1698291,2.8561
1974-11-20,-0.1727309,2.9489
1974-11-21,-0.1757270,3.0422
1974-11-22,-0.1788103,3.1207
1974-11-23,-0.1819591,3.1714
1974-11-24,-0.1851408,3.1852
1974-11-25,-0.1883156,3.1574
1974-11-26,-0.1914423,3.0896
1974-11-27,-0.1944842,2.9898
1974-11-28,-0.1974171,2.8754
1974-11-29,-0.2002394,2.7742
1974-11-30,-0.2029809,2.7191
1974-12-01,-0.2057017,2.7362
1974-12-02,-0.2084797,2.8324
1974-12-03,-0.2113859,2.9868
1974-12-04,-0.2144586,3.1571
1974-12-05,-0.2176890,3.2941
1974-12-06,-0.2210227,3.3588
1974-12-07,-0.2243769,3.3343
1974-12-08,-0.2276635,3.2262
1974-12-09,-0.2308093,3.0579
1974-12-10,-0.2337703,2.8625
1974-12-11,-0.2365371,2.6754
1974-12-12,-0.2391339,2.5268
1974-12-13,-0.2416100,2.4361
1974-12-14,-0.2440273,2.4090
1974-12-15,-0.2464465,2.4375
1974-12-16,-0.2489155,2.5056
1974-12-17,-0.2514648,2.5949
1974-12-18,-0.2541065,2.6877
1974-12-19,-0.2568362,2.7686
1974-12-20,-0.2596358,2.8257
1974-12-21,-0.2624767,2.8502
1974-12-22,-0.2653240,2.8382
1974-12-23,-0.2681412,2.7907
1974-12-24,-0.2708955,2.7137
1974-12-25,-0.2735629,2.6196
1974-12-26,-0.2761359,2.5293
1974-12-27,-0.2786327,2.4728
1974-12-28,-0.2811029,2.4807
1974-12-29,-0.2836216,2.5712
1974-12-30,-0.2862702,2.7364
1974-12-31,-0.2891063,2.9374
1975-01-01,0.7078620,3.1173
1975-01-02,0.7046843,3.2216
1975-01-03,0.7014537,3.2211
1975-01-04,0.6982754,3.1205
1975-01-05,0.6952360,2.9500
1975-01-06,0.6923847,2.7517
1975-01-07,0.6897288,2.5648
1975-01-08,0.6872419,2.4175
1975-01-09,0.6848751,2.3263
1975-01-10,0.6825688,2.2967
1975-01-11,0.6802626,2.3246
1975-01-12,0.6779046,2.3977
1975-01-13,0.6754580,2.4984
1975-01-14,0.6729050,2.6074
1975-01-15,0.6702462,2.7072
1975-01-16,0.6674983,2.7838
1975-01-17,0.6646893,2.8284
1975-01-18,0.6618535,2.8371
1975-01-19,0.6590266,2.8112
1975-01-20,0.6562407,2.7565
1975-01-21,0.6535197,2.6836
1975-01-22,0.6508739,2.6093
1975-01-23,0.6482936,2.5573
1975-01-24,0.6457422,2.5567
1975-01-25,0.6431545,2.6332
1975-01-26,0.6404476,2.7944
1975-01-27,0.6375449,3.0180
1975-01-28,0.6344086,3.2507
1975-01-29,0.6310622,3.4272
1975-01-30,0.6275904,3.4949
1975-01-31,0.6241144,3.4366
1975-02-01,0.6207515,3.2755
1975-02-02,0.6175812,3.0610
1975-02-03,0.6146292,2.8472
1975-02-04,0.6118733,2.6737
1975-02-05,0.6092617,2.5603
1975-02-06,0.6067312,2.5112
1975-02-07,0.6042198,2.5205
1975-02-08,0.6016743,2.5775
1975-02-09,0.5990538,2.6675
1975-02-10,0.5963343,2.7723
1975-02-11,0.5935105,2.8730
1975-02-12,0.5905952,2.9528
1975-02-13,0.5876157,3.0001
1975-02-14,0.5846077,3.0094
1975-02-15,0.5816096,2.9808
1975-02-16,0.5786568,2.9202
1975-02-17,0.5757765,2.8377
1975-02-18,0.5729835,2.7488
1975-02-19,0.5702742,2.6741
1975-02-20,0.5676221,2.6390
1975-02-21,0.5649742,2.6697
1975-02-22,0.5622551,2.7831
1975-02-23,0.5593821,2.9744
1975-02-24,0.5562918,3.2094
1975-02-25,0.5529687,3.4284
1975-02-26,0.5494621,3.5663
1975-02-27,0.5458778,3.5793
1975-02-28,0.5423464,3.4636
1975-03-01,0.5389811,3.2562
1975-03-02,0.5358444,3.0174
1975-03-03,0.5329378,2.8042
1975-03-04,0.5302157,2.6521
1975-03-05,0.5276097,2.5719
1975-03-06,0.5250500,2.5575
1975-03-07,0.5224774,2.5951
1975-03-08,0.5198474,2.6700
1975-03-09,0.5171301,2.7668
1975-03-10,0.5143123,2.8681
1975-03-11,0.5113982,2.9564
1975-03-12,0.5084088,3.0167
1975-03-13,0.5053768,3.0408
1975-03-14,0.5023401,3.0262
1975-03-15,0.4993360,2.9769
1975-03-16,0.4963947,2.9024
1975-03-17,0.4935350,2.8166
1975-03-18,0.4907588,2.7389
1975-03-19,0.4880470,2.6919
1975-03-20,0.4853569,2.6993
1975-03-21,0.4826241,2.7795
1975-03-22,0.4797722,2.9369
1975-03-23,0.4767299,3.1554
1975-03-24,0.4734549,3.3932
1975-03-25,0.4699565,3.5919
1975-03-26,0.4663029,3.6952
1975-03-27,0.4626084,3.6715
1975-03-28,0.4589992,3.5298
1975-03-29,0.4555732,3.3150
1975-03-30,0.4523729,3.0890
1975-03-31,0.4493813,2.9046
1975-04-01,0.4465407,2.7893
1975-04-02,0.4437788,2.7456
1975-04-03,0.4410300,2.7603
1975-04-04,0.4382447,2.8156
1975-04-05,0.4353906,2.8954
1975-04-06,0.4324509,2.9843
1975-04-07,0.4294241,3.0668
1975-04-08,0.4263244,3.1278
1975-04-09,0.4231794,3.1559
1975-04-10,0.4200251,3.1463
1975-04-11,0.4168989,3.1004
1975-04-12,0.4138340,3.0255
1975-04-13,0.4108533,2.9344
1975-04-14,0.4079649,2.8443
1975-04-15,0.4051570,2.7773
1975-04-16,0.4023952,2.7557
1975-04-17,0.3996246,2.7970
1975-04-18,0.3967781,2.9075
1975-04-19,0.3937899,3.0772
1975-04-20,0.3906134,3.2780
1975-04-21,0.3872379,3.4669
1975-04-22,0.3836997,3.5956
1975-04-23,0.3800794,3.6261
1975-04-24,0.3764845,3.5455
1975-04-25,0.3730187,3.3741
1975-04-26,0.3697510,3.1587
1975-04-27,0.3666976,2.9545
1975-04-28,0.3638240,2.8041
1975-04-29,0.3610656,2.7249
1975-04-30,0.3583524,2.7111
1975-05-01,0.3556279,2.7439
1975-05-02,0.3528558,2.8032
1975-05-03,0.3500183,2.8721
1975-05-04,0.3471131,2.9364
1975-05-05,0.3441513,2.9832
1975-05-06,0.3411564,3.0009
1975-05-07,0.3381611,2.9837
1975-05-08,0.3352008,2.9312
1975-05-09,0.3323086,2.8489
1975-05-10,0.3295094,2.7474
1975-05-11,0.3268149,2.6425
1975-05-12,0.3242189,2.5543
1975-05-13,0.3216932,2.5056
1975-05-14,0.3191880,2.5159
1975-05-15,0.3166393,2.5924
1975-05-16,0.3139843,2.7256
1975-05-17,0.3111779,2.8895
1975-05-18,0.3082074,3.0471
1975-05-19,0.3050988,3.1593
1975-05-20,0.3019142,3.1951
1975-05-21,0.2987388,3.1401
1975-05-22,0.2956617,3.0020
1975-05-23,0.2927525,2.8107
1975-05-24,0.2900434,2.6099
1975-05-25,0.2875213,2.4433
1975-05-26,0.2851360,2.3392
1975-05-27,0.2828200,2.3039
1975-05-28,0.2805093,2.3253
1975-05-29,0.2781577,2.3819
1975-05-30,0.2757407,2.4529
1975-05-31,0.2732527,2.5216
1975-06-01,0.2707024,2.5757
1975-06-02,0.2681096,2.6050
1975-06-03,0.2655034,2.6015
1975-06-04,0.2629185,2.5624
1975-06-05,0.2603892,2.4916
1975-06-06,0.2579426,2.3988
1975-06-07,0.2555943,2.2978
1975-06-08,0.2533436,2.2069
1975-06-09,0.2511698,2.1481
1975-06-10,0.2490292,2.1437
1975-06-11,0.2468600,2.2063
1975-06-12,0.2445960,2.3307
1975-06-13,0.2421869,2.4903
1975-06-14,0.2396174,2.6440
1975-06-15,0.2369150,2.7494
1975-06-16,0.2341448,2.7764
1975-06-17,0.2313915,2.7156
1975-06-18,0.2287388,2.5790
1975-06-19,0.2262494,2.3945
1975-06-20,0.2239539,2.1976
1975-06-21,0.2218465,2.0240
1975-06-22,0.2198887,1.9022
1975-06-23,0.2180206,1.8450
1975-06-24,0.2161786,1.8480
1975-06-25,0.2143102,1.8943
1975-06-26,0.2123831,1.9615
1975-06-27,0.2103870,2.0293
1975-06-28,0.2083295,2.0820
1975-06-29,0.2062314,2.1096
1975-06-30,0.2041206,2.1064
1975-07-01,0.2020295,2.0704
1975-07-02,0.1999898,2.0044
1975-07-03,0.1980282,1.9160
1975-07-04,0.1961611,1.8178
1975-07-05,0.1943904,1.7261
1975-07-06,0.1926999,1.6612
1975-07-07,0.1910515,1.6456
1975-07-08,0.1893860,1.6979
1975-07-09,0.1876314,1.8229
1975-07-10,0.1857224,2.0013
1975-07-11,0.1836248,2.1916
1975-07-12,0.1813529,2.3409
1975-07-13,0.1789710,2.4061
1975-07-14,0.1765746,2.3696
1975-07-15,0.1742613,2.2444
1975-07-16,0.1721038,2.0650
1975-07-17,0.1701352,1.8737
1975-07-18,0.1683480,1.7076
1975-07-19,0.1667032,1.5920
1975-07-20,0.1651432,1.5390
1975-07-21,0.1636046,1.5479
1975-07-22,0.1620306,1.6071
1975-07-23,0.1603799,1.6977
1975-07-24,0.1586320,1.7979
1975-07-25,0.1567872,1.8887
1975-07-26,0.1548623,1.9565
1975-07-27,0.1528845,1.9936
1975-07-28,0.1508862,1.9975
1975-07-29,0.1488999,1.9702
1975-07-30,0.1469542,1.9178
1975-07-31,0.1450691,1.8512
1975-08-01,0.1432516,1.7852
1975-08-02,0.1414926,1.7375
1975-08-03,0.1397635,1.7291
1975-08-04,0.1380145,1.7806
1975-08-05,0.1361780,1.9052
1975-08-06,0.1341813,2.0981
1975-08-07,0.1319693,2.3283
1975-08-08,0.1295300,2.5426
1975-08-09,0.1269087,2.6831
1975-08-10,0.1242014,2.7107
1975-08-11,0.1215261,2.6219
1975-08-12,0.1189857,2.4488
1975-08-13,0.1166393,2.2434
1975-08-14,0.1144927,2.0566
1975-08-15,0.1125086,1.9222
1975-08-16,0.1106264,1.8535
1975-08-17,0.1087804,1.8483
1975-08-18,0.1069126,1.8947
1975-08-19,0.1049793,1.9761
1975-08-20,0.1029550,2.0736
1975-08-21,0.1008334,2.1674
1975-08-22,0.0986271,2.2407
1975-08-23,0.0963623,2.2830
1975-08-24,0.0940731,2.2893
1975-08-25,0.0917951,2.2614
1975-08-26,0.0895594,2.2060
1975-08-27,0.0873887,2.1336
1975-08-28,0.0852931,2.0585
1975-08-29,0.0832673,1.9967
1975-08-30,0.0812891,1.9667
1975-08-31,0.0793170,1.9875
1975-09-01,0.0772916,2.0757
1975-09-02,0.0751413,2.2369
1975-09-03,0.0727981,2.4571
1975-09-04,0.0702207,2.6963
1975-09-05,0.0674183,2.8969
1975-09-06,0.0644583,3.0031
1975-09-07,0.0614537,2.9843
1975-09-08,0.0585280,2.8505
1975-09-09,0.0557757,2.6476
1975-09-10,0.0532356,2.4364
1975-09-11,0.0508883,2.2689
1975-09-12,0.0486743,2.1719
1975-09-13,0.0465203,2.1474
1975-09-14,0.0443600,2.1815
1975-09-15,0.0421439,2.2557
1975-09-16,0.0398415,2.3513
1975-09-17,0.0374400,2.4508
1975-09-18,0.0349439,2.5383
1975-09-19,0.0323719,2.6005
1975-09-20,0.0297541,2.6293
1975-09-21,0.0271247,2.6241
1975-09-22,0.0245156,2.5899
1975-09-23,0.0219512,2.5367
1975-09-24,0.0194443,2.4773
1975-09-25,0.0169938,2.4265
1975-09-26,0.0145829,2.4010
1975-09-27,0.0121777,2.4178
1975-09-28,0.0097282,2.4917
1975-09-29,0.0071724,2.6311
1975-09-30,0.0044456,2.8318
1975-10-01,0.0014959,3.0713
1975-10-02,-0.0016954,3.3061
1975-10-03,-0.0050966,3.4819
1975-10-04,-0.0086242,3.5527
1975-10-05,-0.0121610,3.5005
1975-10-06,-0.0155912,3.3464
1975-10-07,-0.0188373,3.1428
1975-10-08,-0.0218807,2.9508
1975-10-09,-0.0247580,2.8161
1975-10-10,-0.0275378,2.7562
1975-10-11,-0.0302926,2.7629
1975-10-12,-0.0330788,2.8150
1975-10-13,-0.0359304,2.8904
1975-10-14,-0.0388617,2.9720
1975-10-15,-0.0418719,3.0460
1975-10-16,-0.0449471,3.1000
1975-10-17,-0.0480620,3.1241
1975-10-18,-0.0511839,3.1140
1975-10-19,-0.0542794,3.0722
1975-10-20,-0.0573205,3.0072
1975-10-21,-0.0602901,2.9313
1975-10-22,-0.0631842,2.8586
1975-10-23,-0.0660136,2.8046
1975-10-24,-0.0688051,2.7857
1975-10-25,-0.0716014,2.8162
1975-10-26,-0.0744569,2.9050
1975-10-27,-0.0774306,3.0513
1975-10-28,-0.0805737,3.2403
1975-10-29,-0.0839158,3.4430
1975-10-30,-0.0874502,3.6172
1975-10-31,-0.0911263,3.7198
1975-11-01,-0.0948561,3.7213
1975-11-02,-0.0985343,3.6191
1975-11-03,-0.1020696,3.4428
1975-11-04,-0.1054123,3.2437
1975-11-05,-0.1085673,3.0754
1975-11-06,-0.1115847,2.9720
1975-11-07,-0.1145351,2.9400
1975-11-08,-0.1174833,2.9637
1975-11-09,-0.1204725,3.0175
1975-11-10,-0.1235210,3.0793
1975-11-11,-0.1266285,3.1334
1975-11-12,-0.1297818,3.1694
1975-11-13,-0.1329585,3.1790
1975-11-14,-0.1361291,3.1565
1975-11-15,-0.1392609,3.1021
1975-11-16,-0.1423246,3.0217
1975-11-17,-0.1452995,2.9268
1975-11-18,-0.1481779,2.8311
1975-11-19,-0.1509664,2.7497
1975-11-20,-0.1536873,2.6984
1975-11-21,-0.1563780,2.6915
1975-11-22,-0.1590882,2.7385
1975-11-23,-0.1618727,2.8387
1975-11-24,-0.1647790,2.9789
1975-11-25,-0.1678355,3.1339
1975-11-26,-0.1710407,3.2706
1975-11-27,-0.1743596,3.3559
1975-11-28,-0.1777271,3.3649
1975-11-29,-0.1810612,3.2894
1975-11-30,-0.1842822,3.1430
1975-12-01,-0.1873351,2.9604
1975-12-02,-0.1902060,2.7867
1975-12-03,-0.1929245,2.6611
1975-12-04,-0.1955510,2.6039
1975-12-05,-0.1981536,2.6107
1975-12-06,-0.2007866,2.6601
1975-12-07,-0.2034792,2.7256
1975-12-08,-0.2062362,2.7862
1975-12-09,-0.2090458,2.8293
1975-12-10,-0.2118865,2.8477
1975-12-11,-0.2147317,2.8378
1975-12-12,-0.2175525,2.7991
1975-12-13,-0.2203215,2.7353
1975-12-14,-0.2230177,2.6554
1975-12-15,-0.2256313,2.5725
1975-12-16,-0.2281667,2.5014
1975-12-17,-0.2306432,2.4574
1975-12-18,-0.2330956,2.4556
1975-12-19,-0.2355722,2.5073
1975-12-20,-0.2381288,2.6150
1975-12-21,-0.2408168,2.7667
1975-12-22,-0.2436677,2.9350
1975-12-23,-0.2466803,3.0837
1975-12-24,-0.2498172,3.1786
1975-12-25,-0.2530125,3.1985
1975-12-26,-0.2561882,3.1404
1975-12-27,-0.2592722,3.0189
1975-12-28,-0.2622145,2.8628
1975-12-29,-0.2649982,2.7081
1975-12-30,-0.2676425,2.5890
1975-12-31,-0.2701957,2.5284
1976-01-01,0.7272793,2.5319
1976-01-02,0.7247235,2.5864
1976-01-03,0.7220977,2.6674
1976-01-04,0.7193884,2.7494
1976-01-05,0.7166048,2.8136
1976-01-06,0.7137704,2.8500
1976-01-07,0.7109152,2.8551
1976-01-08,0.7080704,2.8296
1976-01-09,0.7052651,2.7770
1976-01-10,0.7025227,2.7056
1976-01-11,0.6998561,2.6275
1976-01-12,0.6972650,2.5574
1976-01-13,0.6947333,2.5111
1976-01-14,0.6922296,2.5043
1976-01-15,0.6897067,2.5514
1976-01-16,0.6871063,2.6599
1976-01-17,0.6843682,2.8244
1976-01-18,0.6814470,3.0204
1976-01-19,0.6783304,3.2073
1976-01-20,0.6750506,3.3395
1976-01-21,0.6716801,3.3855
1976-01-22,0.6683108,3.3380
1976-01-23,0.6650293,3.2150
1976-01-24,0.6618941,3.0523
1976-01-25,0.6589248,2.8895
1976-01-26,0.6561040,2.7600
1976-01-27,0.6533864,2.6855
1976-01-28,0.6507125,2.6724
1976-01-29,0.6480234,2.7138
1976-01-30,0.6452727,2.7917
1976-01-31,0.6424362,2.8812
1976-02-01,0.6395140,2.9598
1976-02-02,0.6365256,3.0115
1976-02-03,0.6335025,3.0288
1976-02-04,0.6304796,3.0114
1976-02-05,0.6274900,2.9633
1976-02-06,0.6245606,2.8924
1976-02-07,0.6217091,2.8096
1976-02-08,0.6189407,2.7288
1976-02-09,0.6162458,2.6652
1976-02-10,0.6135993,2.6346
1976-02-11,0.6109607,2.6517
1976-02-12,0.6082763,2.7278
1976-02-13,0.6054842,2.8667
1976-02-14,0.6025261,3.0558
1976-02-15,0.5993671,3.2612
1976-02-16,0.5960145,3.4343
1976-02-17,0.5925249,3.5283
1976-02-18,0.5889930,3.5170
1976-02-19,0.5855239,3.4066
1976-02-20,0.5822010,3.2327
1976-02-21,0.5790631,3.0449
1976-02-22,0.5761012,2.8872
1976-02-23,0.5732693,2.7875
1976-02-24,0.5705043,2.7533
1976-02-25,0.5677434,2.7771
1976-02-26,0.5649360,2.8431
1976-02-27,0.5620501,2.9305
1976-02-28,0.5590749,3.0182
1976-02-29,0.5560198,3.0876
1976-03-01,0.5529101,3.1259
1976-03-02,0.5497798,3.1287
1976-03-03,0.5466638,3.0982
1976-03-04,0.5435922,3.0415
1976-03-05,0.5405861,2.9690
1976-03-06,0.5376552,2.8934
1976-03-07,0.5347955,2.8292
1976-03-08,0.5319882,2.7909
1976-03-09,0.5292000,2.7936
1976-03-10,0.5263832,2.8498
1976-03-11,0.5234797,2.9680
1976-03-12,0.5204274,3.1456
1976-03-13,0.5171755,3.3623
1976-03-14,0.5137031,3.5783
1976-03-15,0.5100364,3.7419
1976-03-16,0.5062517,3.8081
1976-03-17,0.5024587,3.7586
1976-03-18,0.4987669,3.6120
1976-03-19,0.4952510,3.4166
1976-03-20,0.4919312,3.2289
1976-03-21,0.4887763,3.0921
1976-03-22,0.4857239,3.0246
1976-03-23,0.4827058,3.0210
1976-03-24,0.4796666,3.0635
1976-03-25,0.4765704,3.1314
1976-03-26,0.4734018,3.2053
1976-03-27,0.4701631,3.2692
1976-03-28,0.4668712,3.3096
1976-03-29,0.4635546,3.3178
1976-03-30,0.4602468,3.2924
1976-03-31,0.4569794,3.2381
1976-04-01,0.4537769,3.1647
1976-04-02,0.4506523,3.0843
1976-04-03,0.4476063,3.0098
1976-04-04,0.4446260,2.9552
1976-04-05,0.4416849,2.9334
1976-04-06,0.4387441,2.9567
1976-04-07,0.4357534,3.0343
1976-04-08,0.4326566,3.1686
1976-04-09,0.4294003,3.3507
1976-04-10,0.4259475,3.5559
1976-04-11,0.4222945,3.7430
1976-04-12,0.4184833,3.8647
1976-04-13,0.4145990,3.8848
1976-04-14,0.4107499,3.7961
1976-04-15,0.4070336,3.6268
1976-04-16,0.4035056,3.4296
1976-04-17,0.4001653,3.2597
1976-04-18,0.3969651,3.1529
1976-04-19,0.3938361,3.1162
1976-04-20,0.3907146,3.1339
1976-04-21,0.3875584,3.1813
1976-04-22,0.3843495,3.2364
1976-04-23,0.3810883,3.2836
1976-04-24,0.3777885,3.3122
1976-04-25,0.3744727,3.3145
1976-04-26,0.3711696,3.2866
1976-04-27,0.3679092,3.2298
1976-04-28,0.3647171,3.1517
1976-04-29,0.3616088,3.0645
1976-04-30,0.3585869,2.9810
1976-05-01,0.3556412,2.9143
1976-05-02,0.3527487,2.8764
1976-05-03,0.3498753,2.8779
1976-05-04,0.3469771,2.9269
1976-05-05,0.3440048,3.0261
1976-05-06,0.3409099,3.1702
1976-05-07,0.3376548,3.3430
1976-05-08,0.3342237,3.5165
1976-05-09,0.3306338,3.6541
1976-05-10,0.3269395,3.7198
1976-05-11,0.3232252,3.6924
1976-05-12,0.3195839,3.5774
1976-05-13,0.3160883,3.4087
1976-05-14,0.3127673,3.2374
1976-05-15,0.3095987,3.1103
1976-05-16,0.3065239,3.0514
1976-05-17,0.3034746,3.0564
1976-05-18,0.3003976,3.1018
1976-05-19,0.2972669,3.1595
1976-05-20,0.2940822,3.2064
1976-05-21,0.2908622,3.2288
1976-05-22,0.2876346,3.2211
1976-05-23,0.2844308,3.1811
1976-05-24,0.2812826,3.1104
1976-05-25,0.2782184,3.0144
1976-05-26,0.2752588,2.9034
1976-05-27,0.2724120,2.7911
1976-05-28,0.2696726,2.6909
1976-05-29,0.2670220,2.6154
1976-05-30,0.2644299,2.5755
1976-05-31,0.2618564,2.5793
1976-06-01,0.2592557,2.6297
1976-06-02,0.2565833,2.7211
1976-06-03,0.2538051,2.8377
1976-06-04,0.2509074,2.9557
1976-06-05,0.2479026,3.0468
1976-06-06,0.2448319,3.0834
1976-06-07,0.2417603,3.0464
1976-06-08,0.2387643,2.9338
1976-06-09,0.2359114,2.7650
1976-06-10,0.2332408,2.5767
1976-06-11,0.2307498,2.4129
1976-06-12,0.2283957,2.3070
1976-06-13,0.2261128,2.2700
1976-06-14,0.2238375,2.2876
1976-06-15,0.2215288,2.3315
1976-06-16,0.2191751,2.3734
1976-06-17,0.2167889,2.3945
1976-06-18,0.2143953,2.3878
1976-06-19,0.2120227,2.3528
1976-06-20,0.2096983,2.2919
1976-06-21,0.2074462,2.2092
1976-06-22,0.2052841,2.1139
1976-06-23,0.2032185,2.0184
1976-06-24,0.2012426,1.9371
1976-06-25,0.1993349,1.8840
1976-06-26,0.1974614,1.8704
1976-06-27,0.1955782,1.9044
1976-06-28,0.1936356,1.9894
1976-06-29,0.1915842,2.1200
1976-06-30,0.1893860,2.2795
1976-07-01,0.1870243,2.4419
1976-07-02,0.1845115,2.5765
1976-07-03,0.1818895,2.6567
1976-07-04,0.1792212,2.6678
1976-07-05,0.1765765,2.6111
1976-07-06,0.1740161,2.5031
1976-07-07,0.1715776,2.3731
1976-07-08,0.1692657,2.2558
1976-07-09,0.1670512,2.1828
1976-07-10,0.1648797,2.1709
1976-07-11,0.1626904,2.2161
1976-07-12,0.1604353,2.2978
1976-07-13,0.1580926,2.3862
1976-07-14,0.1556695,2.4549
1976-07-15,0.1531943,2.4891
1976-07-16,0.1507039,2.4854
1976-07-17,0.1482349,2.4474
1976-07-18,0.1458182,2.3820
1976-07-19,0.1434774,2.2972
1976-07-20,0.1412263,2.2047
1976-07-21,0.1390659,2.1183
1976-07-22,0.1369828,2.0527
1976-07-23,0.1349489,2.0218
1976-07-24,0.1329242,2.0358
1976-07-25,0.1308603,2.1007
1976-07-26,0.1287061,2.2157
1976-07-27,0.1264160,2.3694
1976-07-28,0.1239628,2.5366
1976-07-29,0.1213501,2.6819
1976-07-30,0.1186180,2.7702
1976-07-31,0.1158360,2.7796
1976-08-01,0.1130852,2.7097
1976-08-02,0.1104361,2.5814
1976-08-03,0.1079306,2.4287
1976-08-04,0.1055750,2.2873
1976-08-05,0.1033424,2.1868
1976-08-06,0.1011825,2.1431
1976-08-07,0.0990371,2.1567
1976-08-08,0.0968547,2.2136
1976-08-09,0.0946034,2.2900
1976-08-10,0.0922767,2.3605
1976-08-11,0.0898910,2.4052
1976-08-12,0.0874785,2.4132
1976-08-13,0.0850769,2.3843
1976-08-14,0.0827199,2.3255
1976-08-15,0.0804324,2.2472
1976-08-16,0.0782283,2.1605
1976-08-17,0.0761102,2.0775
1976-08-18,0.0740671,2.0131
1976-08-19,0.0720730,1.9818
1976-08-20,0.0700887,1.9951
1976-08-21,0.0680656,2.0602
1976-08-22,0.0659503,2.1795
1976-08-23,0.0636903,2.3479
1976-08-24,0.0612441,2.5476
1976-08-25,0.0585955,2.7460
1976-08-26,0.0557664,2.9015
1976-08-27,0.0528187,2.9783
1976-08-28,0.0498411,2.9610
1976-08-29,0.0469235,2.8632
1976-08-30,0.0441290,2.7223
1976-08-31,0.0414781,2.5836
1976-09-01,0.0389485,2.4848
1976-09-02,0.0364884,2.4464
1976-09-03,0.0340349,2.4705
1976-09-04,0.0315307,2.5449
1976-09-05,0.0289351,2.6494
1976-09-06,0.0262297,2.7604
1976-09-07,0.0234196,2.8554
1976-09-08,0.0205296,2.9183
1976-09-09,0.0175962,2.9418
1976-09-10,0.0146585,2.9279
1976-09-11,0.0117497,2.8860
1976-09-12,0.0088917,2.8285
1976-09-13,0.0060937,2.7681
1976-09-14,0.0033520,2.7183
1976-09-15,0.0006492,2.6923
1976-09-16,-0.0020446,2.7022
1976-09-17,-0.0047701,2.7569
1976-09-18,-0.0075751,2.8618
1976-09-19,-0.0105104,3.0170
1976-09-20,-0.0136229,3.2136
1976-09-21,-0.0169440,3.4292
1976-09-22,-0.0204755,3.6272
1976-09-23,-0.0241782,3.7647
1976-09-24,-0.0279738,3.8090
1976-09-25,-0.0317629,3.7533
1976-09-26,-0.0354553,3.6223
1976-09-27,-0.0389984,3.4638
1976-09-28,-0.0423905,3.3279
1976-09-29,-0.0456728,3.2478
1976-09-30,-0.0489075,3.2319
1976-10-01,-0.0521542,3.2687
1976-10-02,-0.0554553,3.3368
1976-10-03,-0.0588305,3.4131
1976-10-04,-0.0622778,3.4782
1976-10-05,-0.0657781,3.5170
1976-10-06,-0.0692999,3.5200
1976-10-07,-0.0728058,3.4859
1976-10-08,-0.0762616,3.4215
1976-10-09,-0.0796421,3.3370
1976-10-10,-0.0829332,3.2451
1976-10-11,-0.0861346,3.1599
1976-10-12,-0.0892595,3.0942
1976-10-13,-0.0923330,3.0585
1976-10-14,-0.0953893,3.0613
1976-10-15,-0.0984704,3.1086
1976-10-16,-0.1016220,3.2025
1976-10-17,-0.1048897,3.3393
1976-10-18,-0.1083106,3.5062
1976-10-19,-0.1119040,3.6790
1976-10-20,-0.1156586,3.8219
1976-10-21,-0.1195251,3.8967
1976-10-22,-0.1234210,3.8784
1976-10-23,-0.1272516,3.7691
1976-10-24,-0.1309398,3.6016
1976-10-25,-0.1344522,3.4264
1976-10-26,-0.1378055,3.2899
1976-10-27,-0.1410532,3.2169
1976-10-28,-0.1442595,3.2046
1976-10-29,-0.1474754,3.2313
1976-10-30,-0.1507262,3.2704
1976-10-31,-0.1540137,3.3022
1976-11-01,-0.1573241,3.3147
1976-11-02,-0.1606338,3.2995
1976-11-03,-0.1639125,3.2527
1976-11-04,-0.1671292,3.1761
1976-11-05,-0.1702568,3.0760
1976-11-06,-0.1732772,2.9639
1976-11-07,-0.1761852,2.8536
1976-11-08,-0.1789899,2.7597
1976-11-09,-0.1817139,2.6938
1976-11-10,-0.1843896,2.6642
1976-11-11,-0.1870564,2.6768
1976-11-12,-0.1897580,2.7336
1976-11-13,-0.1925376,2.8322
1976-11-14,-0.1954333,2.9635
1976-11-15,-0.1984697,3.1102
1976-11-16,-0.2016502,3.2465
1976-11-17,-0.2049494,3.3429
1976-11-18,-0.2083144,3.3745
1976-11-19,-0.2116730,3.3297
1976-11-20,-0.2149518,3.2187
1976-11-21,-0.2180999,3.0762
1976-11-22,-0.2211095,2.9497
1976-11-23,-0.2240172,2.8768
1976-11-24,-0.2268848,2.8689
1976-11-25,-0.2297720,2.9118
1976-11-26,-0.2327159,2.9770
1976-11-27,-0.2357238,3.0356
1976-11-28,-0.2387789,3.0698
1976-11-29,-0.2418531,3.0733
1976-11-30,-0.2449153,3.0462
1976-12-01,-0.2479364,2.9918
1976-12-02,-0.2508917,2.9156
1976-12-03,-0.2537633,2.8264
1976-12-04,-0.2565442,2.7365
1976-12-05,-0.2592407,2.6600
1976-12-06,-0.2618727,2.6090
1976-12-07,-0.2644700,2.5918
1976-12-08,-0.2670691,2.6129
1976-12-09,-0.2697089,2.6731
1976-12-10,-0.2724274,2.7695
1976-12-11,-0.2752571,2.8935
1976-12-12,-0.2782186,3.0302
1976-12-13,-0.2813151,3.1596
1976-12-14,-0.2845277,3.2585
1976-12-15,-0.2878148,3.3053
1976-12-16,-0.2911165,3.2867
1976-12-17,-0.2943671,3.2049
1976-12-18,-0.2975122,3.0808
1976-12-19,-0.3005265,2.9502
1976-12-20,-0.3034234,2.8521
1976-12-21,-0.3062498,2.8114
1976-12-22,-0.3090653,2.8281
1976-12-23,-0.3119181,2.8811
1976-12-24,-0.3148291,2.9390
1976-12-25,-0.3177886,2.9745
1976-12-26,-0.3207663,2.9745
1976-12-27,-0.3237258,2.9390
1976-12-28,-0.3266345,2.8741
1976-12-29,-0.3294667,2.7873
1976-12-30,-0.3322049,2.6878
1976-12-31,-0.3348417,2.5865
1977-01-01,0.6626185,2.4961
1977-01-02,0.6601581,2.4297
1977-01-03,0.6577476,2.3977
1977-01-04,0.6553493,2.4058
1977-01-05,0.6529220,2.4559
1977-01-06,0.6504243,2.5457
1977-01-07,0.6478203,2.6665
1977-01-08,0.6450864,2.8020
1977-01-09,0.6422189,2.9297
1977-01-10,0.6392375,3.0258
1977-01-11,0.6361842,3.0710
1977-01-12,0.6331152,3.0571
1977-01-13,0.6300883,2.9885
1977-01-14,0.6271505,2.8831
1977-01-15,0.6243251,2.7688
1977-01-16,0.6216051,2.6778
1977-01-17,0.6189530,2.6363
1977-01-18,0.6163126,2.6544
1977-01-19,0.6136280,2.7210
1977-01-20,0.6108637,2.8081
1977-01-21,0.6080158,2.8830
1977-01-22,0.6051100,2.9210
1977-01-23,0.6021892,2.9129
1977-01-24,0.5992982,2.8629
1977-01-25,0.5964735,2.7825
1977-01-26,0.5937394,2.6836
1977-01-27,0.5911085,2.5781
1977-01-28,0.5885810,2.4790
1977-01-29,0.5861440,2.3992
1977-01-30,0.5837720,2.3510
1977-01-31,0.5814283,2.3440
1977-02-01,0.5790687,2.3831
1977-02-02,0.5766468,2.4681
1977-02-03,0.5741194,2.5925
1977-02-04,0.5714534,2.7421
1977-02-05,0.5686346,2.8934
1977-02-06,0.5656757,3.0173
1977-02-07,0.5626180,3.0873
1977-02-08,0.5595238,3.0894
1977-02-09,0.5564602,3.0285
1977-02-10,0.5534807,2.9260
1977-02-11,0.5506118,2.8129
1977-02-12,0.5478478,2.7211
1977-02-13,0.5451542,2.6754
1977-02-14,0.5424775,2.6880
1977-02-15,0.5397602,2.7545
1977-02-16,0.5369573,2.8545
1977-02-17,0.5340500,2.9582
1977-02-18,0.5310492,3.0370
1977-02-19,0.5279908,3.0714
1977-02-20,0.5249227,3.0568
1977-02-21,0.5218909,3.0009
1977-02-22,0.5189301,2.9172
1977-02-23,0.5160611,2.8197
1977-02-24,0.5132906,2.7224
1977-02-25,0.5106119,2.6382
1977-02-26,0.5080055,2.5801
1977-02-27,0.5054395,2.5586
1977-02-28,0.5028736,2.5812
1977-03-01,0.5002612,2.6514
1977-03-02,0.4975561,2.7658
1977-03-03,0.4947180,2.9150
1977-03-04,0.4917208,3.0799
1977-03-05,0.4885627,3.2312
1977-03-06,0.4852740,3.3356
1977-03-07,0.4819160,3.3666
1977-03-08,0.4785676,3.3173
1977-03-09,0.4753023,3.2052
1977-03-10,0.4721665,3.0652
1977-03-11,0.4691678,2.9373
1977-03-12,0.4662772,2.8533
1977-03-13,0.4634414,2.8287
1977-03-14,0.4606005,2.8620
1977-03-15,0.4577033,2.9377
1977-03-16,0.4547186,3.0329
1977-03-17,0.4516395,3.1221
1977-03-18,0.4484838,3.1831
1977-03-19,0.4452868,3.2037
1977-03-20,0.4420902,3.1831
1977-03-21,0.4389315,3.1300
1977-03-22,0.4358371,3.0564
1977-03-23,0.4328211,2.9756
1977-03-24,0.4298835,2.9018
1977-03-25,0.4270109,2.8476
1977-03-26,0.4241782,2.8237
1977-03-27,0.4213506,2.8385
1977-03-28,0.4184867,2.8967
1977-03-29,0.4155428,2.9981
1977-03-30,0.4124775,3.1386
1977-03-31,0.4092564,3.3068
1977-04-01,0.4058619,3.4809
1977-04-02,0.4023032,3.6292
1977-04-03,0.3986232,3.7182
1977-04-04,0.3948942,3.7249
1977-04-05,0.3912009,3.6493
1977-04-06,0.3876139,3.5190
1977-04-07,0.3841665,3.3780
1977-04-08,0.3808477,3.2677
1977-04-09,0.3776128,3.2124
1977-04-10,0.3744038,3.2144
1977-04-11,0.3711700,3.2586
1977-04-12,0.3678802,3.3222
1977-04-13,0.3645267,3.3825
1977-04-14,0.3611225,3.4210
1977-04-15,0.3576961,3.4255
1977-04-16,0.3542844,3.3914
1977-04-17,0.3509252,3.3218
1977-04-18,0.3476494,3.2266
1977-04-19,0.3444757,3.1202
1977-04-20,0.3414078,3.0173
1977-04-21,0.3384355,2.9314
1977-04-22,0.3355354,2.8745
1977-04-23,0.3326741,2.8548
1977-04-24,0.3298116,2.8776
1977-04-25,0.3269046,2.9435
1977-04-26,0.3239115,3.0489
1977-04-27,0.3207960,3.1866
1977-04-28,0.3175325,3.3417
1977-04-29,0.3141144,3.4913
1977-04-30,0.3105615,3.6059
1977-05-01,0.3069244,3.6550
1977-05-02,0.3032788,3.6221
1977-05-03,0.2997048,3.5155
1977-05-04,0.2962607,3.3701
1977-05-05,0.2929619,3.2327
1977-05-06,0.2897801,3.1410
1977-05-07,0.2866596,3.1101
1977-05-08,0.2835434,3.1288
1977-05-09,0.2803938,3.1720
1977-05-10,0.2772006,3.2116
1977-05-11,0.2739783,3.2280
1977-05-12,0.2707555,3.2115
1977-05-13,0.2675670,3.1597
1977-05-14,0.2644468,3.0757
1977-05-15,0.2614238,2.9669
1977-05-16,0.2585176,2.8442
1977-05-17,0.2557354,2.7213
1977-05-18,0.2530705,2.6117
1977-05-19,0.2505039,2.5264
1977-05-20,0.2480069,2.4734
1977-05-21,0.2455448,2.4573
1977-05-22,0.2430797,2.4792
1977-05-23,0.2405745,2.5369
1977-05-24,0.2379961,2.6241
1977-05-25,0.2353201,2.7299
1977-05-26,0.2325353,2.8386
1977-05-27,0.2296489,2.9291
1977-05-28,0.2266911,2.9774
1977-05-29,0.2237150,2.9631
1977-05-30,0.2207873,2.8818
1977-05-31,0.2179679,2.7511
1977-06-01,0.2152896,2.6069
1977-06-02,0.2127446,2.4912
1977-06-03,0.2102882,2.4325
1977-06-04,0.2078594,2.4343
1977-06-05,0.2054067,2.4749
1977-06-06,0.2029074,2.5220
1977-06-07,0.2003697,2.5481
1977-06-08,0.1978232,2.5384
1977-06-09,0.1953057,2.4905
1977-06-10,0.1928528,2.4107
1977-06-11,0.1904918,2.3083
1977-06-12,0.1882404,2.1931
1977-06-13,0.1861060,2.0765
1977-06-14,0.1840834,1.9718
1977-06-15,0.1821549,1.8897
1977-06-16,0.1802937,1.8384
1977-06-17,0.1784663,1.8225
1977-06-18,0.1766367,1.8427
1977-06-19,0.1747697,1.8967
1977-06-20,0.1728340,1.9788
1977-06-21,0.1708059,2.0795
1977-06-22,0.1686738,2.1837
1977-06-23,0.1664431,2.2740
1977-06-24,0.1641366,2.3320
1977-06-25,0.1617951,2.3419
1977-06-26,0.1594713,2.2964
1977-06-27,0.1572181,2.2034
1977-06-28,0.1550723,2.0870
1977-06-29,0.1530401,1.9825
1977-06-30,0.1510924,1.9227
1977-07-01,0.1491743,1.9240
1977-07-02,0.1472272,1.9768
1977-07-03,0.1452138,2.0504
1977-07-04,0.1431315,2.1088
1977-07-05,0.1410102,2.1253
1977-07-06,0.1388972,2.0929
1977-07-07,0.1368378,2.0202
1977-07-08,0.1348656,1.9211
1977-07-09,0.1330001,1.8087
1977-07-10,0.1312487,1.6949
1977-07-11,0.1296067,1.5918
1977-07-12,0.1280574,1.5118
1977-07-13,0.1265717,1.4661
1977-07-14,0.1251116,1.4613
1977-07-15,0.1236351,1.4986
1977-07-16,0.1221012,1.5754
1977-07-17,0.1204734,1.6849
1977-07-18,0.1187243,1.8158
1977-07-19,0.1168399,1.9523
1977-07-20,0.1148243,2.0750
1977-07-21,0.1127012,2.1639
1977-07-22,0.1105123,2.2053
1977-07-23,0.1083077,2.1955
1977-07-24,0.1061359,2.1419
1977-07-25,0.1040324,2.0626
1977-07-26,0.1020104,1.9840
1977-07-27,0.1000546,1.9348
1977-07-28,0.0981241,1.9359
1977-07-29,0.0961651,1.9903
1977-07-30,0.0941317,2.0800
1977-07-31,0.0920042,2.1723
1977-08-01,0.0897979,2.2323
1977-08-02,0.0875573,2.2392
1977-08-03,0.0853374,2.1925
1977-08-04,0.0831856,2.1058
1977-08-05,0.0811332,1.9968
1977-08-06,0.0791938,1.8822
1977-08-07,0.0773662,1.7753
1977-08-08,0.0756364,1.6887
1977-08-09,0.0739781,1.6342
1977-08-10,0.0723543,1.6207
1977-08-11,0.0707221,1.6508
1977-08-12,0.0690390,1.7219
1977-08-13,0.0672667,1.8280
1977-08-14,0.0653746,1.9595
1977-08-15,0.0633441,2.1017
1977-08-16,0.0611742,2.2348
1977-08-17,0.0588849,2.3365
1977-08-18,0.0565178,2.3882
1977-08-19,0.0541272,2.3837
1977-08-20,0.0517664,2.3314
1977-08-21,0.0494732,2.2529
1977-08-22,0.0472599,2.1765
1977-08-23,0.0451103,2.1298
1977-08-24,0.0429836,2.1333
1977-08-25,0.0408246,2.1942
1977-08-26,0.0385791,2.3033
1977-08-27,0.0362104,2.4353
1977-08-28,0.0337119,2.5571
1977-08-29,0.0311093,2.6394
1977-08-30,0.0284512,2.6673
1977-08-31,0.0257924,2.6422
1977-09-01,0.0231795,2.5791
1977-09-02,0.0206401,2.4984
1977-09-03,0.0181826,2.4180
1977-09-04,0.0157992,2.3521
1977-09-05,0.0134699,2.3115
1977-09-06,0.0111649,2.3048
1977-09-07,0.0088469,2.3383
1977-09-08,0.0064745,2.4132
1977-09-09,0.0040079,2.5258
1977-09-10,0.0014130,2.6682
1977-09-11,-0.0013344,2.8284
1977-09-12,-0.0042437,2.9881
1977-09-13,-0.0073023,3.1227
1977-09-14,-0.0104725,3.2074
1977-09-15,-0.0136949,3.2254
1977-09-16,-0.0169013,3.1773
1977-09-17,-0.0200341,3.0829
1977-09-18,-0.0230626,2.9749
1977-09-19,-0.0259907,2.8872
1977-09-20,-0.0288518,2.8439
1977-09-21,-0.0316966,2.8549
1977-09-22,-0.0345779,2.9148
1977-09-23,-0.0375362,3.0046
1977-09-24,-0.0405881,3.0974
1977-09-25,-0.0437228,3.1657
1977-09-26,-0.0469046,3.1892
1977-09-27,-0.0500839,3.1608
1977-09-28,-0.0532112,3.0874
1977-09-29,-0.0562493,2.9857
1977-09-30,-0.0591797,2.8753
1977-10-01,-0.0620028,2.7735
1977-10-02,-0.0647341,2.6939
1977-10-03,-0.0674021,2.6487
1977-10-04,-0.0700452,2.6447
1977-10-05,-0.0727063,2.6851
1977-10-06,-0.0754298,2.7688
1977-10-07,-0.0782563,2.8899
1977-10-08,-0.0812191,3.0397
1977-10-09,-0.0843411,3.2057
1977-10-10,-0.0876288,3.3664
1977-10-11,-0.0910627,3.4933
1977-10-12,-0.0945959,3.5615
1977-10-13,-0.0981618,3.5579
1977-10-14,-0.1016902,3.4897
1977-10-15,-0.1051289,3.3848
1977-10-16,-0.1084605,3.2822
1977-10-17,-0.1117055,3.2161
1977-10-18,-0.1149104,3.2030
1977-10-19,-0.1181282,3.2401
1977-10-20,-0.1214013,3.3094
1977-10-21,-0.1247493,3.3857
1977-10-22,-0.1281672,3.4456
1977-10-23,-0.1316292,3.4715
1977-10-24,-0.1350957,3.4538
1977-10-25,-0.1385223,3.3924
1977-10-26,-0.1418689,3.2961
1977-10-27,-0.1451081,3.1806
1977-10-28,-0.1482296,3.0638
1977-10-29,-0.1512403,2.9610
1977-10-30,-0.1541601,2.8838
1977-10-31,-0.1570190,2.8401
1977-11-01,-0.1598529,2.8343
1977-11-02,-0.1627007,2.8678
1977-11-03,-0.1656005,2.9373
1977-11-04,-0.1685848,3.0353
1977-11-05,-0.1716771,3.1513
1977-11-06,-0.1748889,3.2718
1977-11-07,-0.1782163,3.3790
1977-11-08,-0.1816348,3.4500
1977-11-09,-0.1850976,3.4648
1977-11-10,-0.1885430,3.4154
1977-11-11,-0.1919116,3.3154
1977-11-12,-0.1951680,3.1978
1977-11-13,-0.1983145,3.1021
1977-11-14,-0.2013892,3.0573
1977-11-15,-0.2044481,3.0693
1977-11-16,-0.2075413,3.1216
1977-11-17,-0.2106952,3.1855
1977-11-18,-0.2139069,3.2333
1977-11-19,-0.2171508,3.2482
1977-11-20,-0.2203904,3.2243
1977-11-21,-0.2235871,3.1634
1977-11-22,-0.2267076,3.0736
1977-11-23,-0.2297285,2.9663
1977-11-24,-0.2326390,2.8554
1977-11-25,-0.2354430,2.7556
1977-11-26,-0.2381579,2.6789
1977-11-27,-0.2408114,2.6340
1977-11-28,-0.2434384,2.6266
1977-11-29,-0.2460776,2.6583
1977-11-30,-0.2487671,2.7264
1977-12-01,-0.2515405,2.8249
1977-12-02,-0.2544239,2.9445
1977-12-03,-0.2574326,3.0734
1977-12-04,-0.2605691,3.1976
1977-12-05,-0.2638210,3.3013
1977-12-06,-0.2671588,3.3664
1977-12-07,-0.2705366,3.3798
1977-12-08,-0.2739012,3.3414
1977-12-09,-0.2772087,3.2709
1977-12-10,-0.2804441,3.2038
1977-12-11,-0.2836291,3.1752
1977-12-12,-0.2868129,3.2018
1977-12-13,-0.2900484,3.2754
1977-12-14,-0.2933703,3.3686
1977-12-15,-0.2967807,3.4469
1977-12-16,-0.3002507,3.4849
1977-12-17,-0.3037341,3.4736
1977-12-18,-0.3071833,3.4184
1977-12-19,-0.3105604,3.3318
1977-12-20,-0.3138409,3.2274
1977-12-21,-0.3170136,3.1183
1977-12-22,-0.3200801,3.0171
1977-12-23,-0.3230544,2.9357
1977-12-24,-0.3259612,2.8833
1977-12-25,-0.3288325,2.8654
1977-12-26,-0.3317040,2.8834
1977-12-27,-0.3346102,2.9342
1977-12-28,-0.3375816,3.0125
1977-12-29,-0.3406413,3.1092
1977-12-30,-0.3438023,3.2129
1977-12-31,-0.3470650,3.3103
1978-01-01,0.6495837,3.3880
1978-01-02,0.6461695,3.4342
1978-01-03,0.6427289,3.4396
1978-01-04,0.6393046,3.4021
1978-01-05,0.6359360,3.3308
1978-01-06,0.6326465,3.2488
1978-01-07,0.6294315,3.1873
1978-01-08,0.6262563,3.1726
1978-01-09,0.6230682,3.2121
1978-01-10,0.6198196,3.2892
1978-01-11,0.6164887,3.3698
1978-01-12,0.6130910,3.4175
1978-01-13,0.6096721,3.4101
1978-01-14,0.6062895,3.3466
1978-01-15,0.6029926,3.2419
1978-01-16,0.5998129,3.1156
1978-01-17,0.5967623,2.9865
1978-01-18,0.5938363,2.8683
1978-01-19,0.5910181,2.7728
1978-01-20,0.5882799,2.7096
1978-01-21,0.5855859,2.6852
1978-01-22,0.5828958,2.7018
1978-01-23,0.5801696,2.7566
1978-01-24,0.5773717,2.8441
1978-01-25,0.5744735,2.9553
1978-01-26,0.5714572,3.0781
1978-01-27,0.5683182,3.1981
1978-01-28,0.5650671,3.2997
1978-01-29,0.5617291,3.3703
1978-01-30,0.5583390,3.4032
1978-01-31,0.5549349,3.3994
1978-02-01,0.5515494,3.3679
1978-02-02,0.5482029,3.3250
1978-02-03,0.5448952,3.2948
1978-02-04,0.5416005,3.3029
1978-02-05,0.5382717,3.3642
1978-02-06,0.5348558,3.4743
1978-02-07,0.5313156,3.6067
1978-02-08,0.5276480,3.7223
1978-02-09,0.5238881,3.7865
1978-02-10,0.5200979,3.7820
1978-02-11,0.5163453,3.7140
1978-02-12,0.5126843,3.6030
1978-02-13,0.5091454,3.4739
1978-02-14,0.5057354,3.3481
1978-02-15,0.5024432,3.2402
1978-02-16,0.4992455,3.1608
1978-02-17,0.4961093,3.1183
1978-02-18,0.4929954,3.1165
1978-02-19,0.4898629,3.1551
1978-02-20,0.4866734,3.2291
1978-02-21,0.4833960,3.3292
1978-02-22,0.4800104,3.4430
1978-02-23,0.4765106,3.5549
1978-02-24,0.4729070,3.6476
1978-02-25,0.4692277,3.7035
1978-02-26,0.4655161,3.7113
1978-02-27,0.4618208,3.6722
1978-02-28,0.4581833,3.5985
1978-03-01,0.4546282,3.5116
1978-03-02,0.4511561,3.4368
1978-03-03,0.4477425,3.3983
1978-03-04,0.4443420,3.4125
1978-03-05,0.4408993,3.4815
1978-03-06,0.4373656,3.5908
1978-03-07,0.4337146,3.7094
1978-03-08,0.4299562,3.7996
1978-03-09,0.4261347,3.8318
1978-03-10,0.4223156,3.7951
1978-03-11,0.4185641,3.6997
1978-03-12,0.4149282,3.5683
1978-03-13,0.4114311,3.4262
1978-03-14,0.4080726,3.2937
1978-03-15,0.4048358,3.1848
1978-03-16,0.4016919,3.1091
1978-03-17,0.3986047,3.0722
1978-03-18,0.3955330,3.0786
1978-03-19,0.3924333,3.1274
1978-03-20,0.3892666,3.2111
1978-03-21,0.3860030,3.3191
1978-03-22,0.3826246,3.4384
1978-03-23,0.3791281,3.5520
1978-03-24,0.3755294,3.6391
1978-03-25,0.3718651,3.6804
1978-03-26,0.3681869,3.6666
1978-03-27,0.3645485,3.6029
1978-03-28,0.3609908,3.5100
1978-03-29,0.3575284,3.4175
1978-03-30,0.3541465,3.3531
1978-03-31,0.3508067,3.3354
1978-04-01,0.3474586,3.3692
1978-04-02,0.3440540,3.4459
1978-04-03,0.3405596,3.5440
1978-04-04,0.3369688,3.6336
1978-04-05,0.3333051,3.6851
1978-04-06,0.3296181,3.6782
1978-04-07,0.3259694,3.6094
1978-04-08,0.3224153,3.4926
1978-04-09,0.3189922,3.3517
1978-04-10,0.3157120,3.2104
1978-04-11,0.3125655,3.0868
1978-04-12,0.3095284,2.9932
1978-04-13,0.3065667,2.9370
1978-04-14,0.3036402,2.9235
1978-04-15,0.3007051,2.9537
1978-04-16,0.2977200,3.0222
1978-04-17,0.2946518,3.1175
1978-04-18,0.2914803,3.2269
1978-04-19,0.2881979,3.3367
1978-04-20,0.2848121,3.4308
1978-04-21,0.2813478,3.4902
1978-04-22,0.2778487,3.4984
1978-04-23,0.2743702,3.4490
1978-04-24,0.2709660,3.3537
1978-04-25,0.2676683,3.2417
1978-04-26,0.2644766,3.1475
1978-04-27,0.2613583,3.0981
1978-04-28,0.2582621,3.1034
1978-04-29,0.2551362,3.1544
1978-04-30,0.2519451,3.2299
1978-05-01,0.2486768,3.3043
1978-05-02,0.2453449,3.3536
1978-05-03,0.2419836,3.3609
1978-05-04,0.2386393,3.3195
1978-05-05,0.2353591,3.2344
1978-05-06,0.2321799,3.1211
1978-05-07,0.2291195,3.0002
1978-05-08,0.2261756,2.8911
1978-05-09,0.2233282,2.8092
1978-05-10,0.2205458,2.7614
1978-05-11,0.2177930,2.7506
1978-05-12,0.2150318,2.7780
1978-05-13,0.2122252,2.8406
1978-05-14,0.2093413,2.9309
1978-05-15,0.2063578,3.0379
1978-05-16,0.2032638,3.1499
1978-05-17,0.2000605,3.2543
1978-05-18,0.1967624,3.3369
1978-05-19,0.1933993,3.3816
1978-05-20,0.1900161,3.3757
1978-05-21,0.1866651,3.3183
1978-05-22,0.1833913,3.2256
1978-05-23,0.1802152,3.1290
1978-05-24,0.1771234,3.0621
1978-05-25,0.1740744,3.0451
1978-05-26,0.1710172,3.0761
1978-05-27,0.1679135,3.1330
1978-05-28,0.1647525,3.1858
1978-05-29,0.1615517,3.2090
1978-05-30,0.1583492,3.1881
1978-05-31,0.1551910,3.1207
1978-06-01,0.1521219,3.0110
1978-06-02,0.1491796,2.8695
1978-06-03,0.1463881,2.7122
1978-06-04,0.1437546,2.5565
1978-06-05,0.1412696,2.4174
1978-06-06,0.1389108,2.3054
1978-06-07,0.1366481,2.2257
1978-06-08,0.1344472,2.1827
1978-06-09,0.1322703,2.1770
1978-06-10,0.1300826,2.2031
1978-06-11,0.1278566,2.2517
1978-06-12,0.1255754,2.3115
1978-06-13,0.1232336,2.3711
1978-06-14,0.1208370,2.4192
1978-06-15,0.1184027,2.4446
1978-06-16,0.1159589,2.4367
1978-06-17,0.1135425,2.3894
1978-06-18,0.1111914,2.3084
1978-06-19,0.1089300,2.2146
1978-06-20,0.1067559,2.1397
1978-06-21,0.1046347,2.1125
1978-06-22,0.1025116,2.1433
1978-06-23,0.1003337,2.2174
1978-06-24,0.0980735,2.3013
1978-06-25,0.0957399,2.3586
1978-06-26,0.0933732,2.3651
1978-06-27,0.0910285,2.3153
1978-06-28,0.0887581,2.2192
1978-06-29,0.0865997,2.0943
1978-06-30,0.0845729,1.9591
1978-07-01,0.0826795,1.8300
1978-07-02,0.0809063,1.7207
1978-07-03,0.0792280,1.6418
1978-07-04,0.0776105,1.5996
1978-07-05,0.0760160,1.5957
1978-07-06,0.0744070,1.6280
1978-07-07,0.0727501,1.6900
1978-07-08,0.0710202,1.7724
1978-07-09,0.0692022,1.8642
1978-07-10,0.0672930,1.9525
1978-07-11,0.0653022,2.0257
1978-07-12,0.0632501,2.0735
1978-07-13,0.0611657,2.0897
1978-07-14,0.0590820,2.0718
1978-07-15,0.0570327,2.0221
1978-07-16,0.0550440,1.9537
1978-07-17,0.0531236,1.8903
1978-07-18,0.0512523,1.8602
1978-07-19,0.0493852,1.8839
1978-07-20,0.0474668,1.9605
1978-07-21,0.0454547,2.0655
1978-07-22,0.0433395,2.1592
1978-07-23,0.0411526,2.2039
1978-07-24,0.0389542,2.1811
1978-07-25,0.0368111,2.0964
1978-07-26,0.0347747,1.9720
1978-07-27,0.0328718,1.8335
1978-07-28,0.0311050,1.7029
1978-07-29,0.0294582,1.5955
1978-07-30,0.0279029,1.5214
1978-07-31,0.0264023,1.4867
1978-08-01,0.0249156,1.4936
1978-08-02,0.0234018,1.5403
1978-08-03,0.0218238,1.6206
1978-08-04,0.0201525,1.7254
1978-08-05,0.0183683,1.8445
1978-08-06,0.0164629,1.9654
1978-08-07,0.0144413,2.0749
1978-08-08,0.0123208,2.1613
1978-08-09,0.0101289,2.2169
1978-08-10,0.0078977,2.2403
1978-08-11,0.0056578,2.2353
1978-08-12,0.0034327,2.2134
1978-08-13,0.0012305,2.1930
1978-08-14,-0.0009617,2.1976
1978-08-15,-0.0031802,2.2485
1978-08-16,-0.0054772,2.3548
1978-08-17,-0.0079042,2.5043
1978-08-18,-0.0104891,2.6636
1978-08-19,-0.0132203,2.7897
1978-08-20,-0.0160459,2.8479
1978-08-21,-0.0188891,2.8252
1978-08-22,-0.0216734,2.7339
1978-08-23,-0.0243430,2.6010
1978-08-24,-0.0268715,2.4564
1978-08-25,-0.0292597,2.3236
1978-08-26,-0.0315276,2.2175
1978-08-27,-0.0337064,2.1466
1978-08-28,-0.0358339,2.1150
1978-08-29,-0.0379492,2.1218
1978-08-30,-0.0400888,2.1626
1978-08-31,-0.0422832,2.2297
1978-09-01,-0.0445534,2.3122
1978-09-02,-0.0469087,2.3978
1978-09-03,-0.0493461,2.4746
1978-09-04,-0.0518512,2.5314
1978-09-05,-0.0543988,2.5580
1978-09-06,-0.0569553,2.5489
1978-09-07,-0.0594862,2.5086
1978-09-08,-0.0619664,2.4502
1978-09-09,-0.0643867,2.3923
1978-09-10,-0.0667587,2.3575
1978-09-11,-0.0691163,2.3666
1978-09-12,-0.0715105,2.4316
1978-09-13,-0.0739971,2.5495
1978-09-14,-0.0766204,2.7000
1978-09-15,-0.0793961,2.8473
1978-09-16,-0.0823006,2.9514
1978-09-17,-0.0852752,2.9845
1978-09-18,-0.0882444,2.9420
1978-09-19,-0.0911401,2.8421
1978-09-20,-0.0939198,2.7158
1978-09-21,-0.0965733,2.5943
1978-09-22,-0.0991171,2.4990
1978-09-23,-0.1015837,2.4410
1978-09-24,-0.1040132,2.4254
1978-09-25,-0.1064490,2.4533
1978-09-26,-0.1089332,2.5213
1978-09-27,-0.1115022,2.6210
1978-09-28,-0.1141821,2.7412
1978-09-29,-0.1169875,2.8699
1978-09-30,-0.1199202,2.9936
1978-10-01,-0.1229683,3.0983
1978-10-02,-0.1261057,3.1699
1978-10-03,-0.1292935,3.1978
1978-10-04,-0.1324859,3.1796
1978-10-05,-0.1356407,3.1253
1978-10-06,-0.1387315,3.0561
1978-10-07,-0.1417569,2.9990
1978-10-08,-0.1447412,2.9770
1978-10-09,-0.1477273,3.0041
1978-10-10,-0.1507659,3.0808
1978-10-11,-0.1539010,3.1937
1978-10-12,-0.1571565,3.3161
1978-10-13,-0.1605252,3.4143
1978-10-14,-0.1639674,3.4592
1978-10-15,-0.1674204,3.4345
1978-10-16,-0.1708141,3.3431
1978-10-17,-0.1740909,3.2048
1978-10-18,-0.1772174,3.0477
1978-10-19,-0.1801891,2.8989
1978-10-20,-0.1830246,2.7784
1978-10-21,-0.1857591,2.6976
1978-10-22,-0.1884340,2.6593
1978-10-23,-0.1910914,2.6622
1978-10-24,-0.1937706,2.7019
1978-10-25,-0.1965053,2.7720
1978-10-26,-0.1993213,2.8622
1978-10-27,-0.2022321,2.9596
1978-10-28,-0.2052389,3.0522
1978-10-29,-0.2083301,3.1257
1978-10-30,-0.2114792,3.1660
1978-10-31,-0.2146480,3.1642
1978-11-01,-0.2177939,3.1215
1978-11-02,-0.2208821,3.0523
1978-11-03,-0.2238985,2.9831
1978-11-04,-0.2268581,2.9432
1978-11-05,-0.2298014,2.9526
1978-11-06,-0.2327809,3.0148
1978-11-07,-0.2358440,3.1161
1978-11-08,-0.2390181,3.2323
1978-11-09,-0.2423041,3.3350
1978-11-10,-0.2456753,3.3992
1978-11-11,-0.2490841,3.4084
1978-11-12,-0.2524725,3.3590
1978-11-13,-0.2557861,3.2615
1978-11-14,-0.2589864,3.1365
1978-11-15,-0.2620583,3.0091
1978-11-16,-0.2650110,2.9010
1978-11-17,-0.2678712,2.8256
1978-11-18,-0.2706751,2.7889
1978-11-19,-0.2734620,2.7911
1978-11-20,-0.2762690,2.8285
1978-11-21,-0.2791284,2.8943
1978-11-22,-0.2820636,2.9782
1978-11-23,-0.2850868,3.0681
1978-11-24,-0.2881979,3.1522
1978-11-25,-0.2913857,3.2199
1978-11-26,-0.2946290,3.2614
1978-11-27,-0.2978967,3.2674
1978-11-28,-0.3011505,3.2336
1978-11-29,-0.3043527,3.1663
1978-11-30,-0.3074782,3.0844
1978-12-01,-0.3105263,3.0170
1978-12-02,-0.3135263,2.9921
1978-12-03,-0.3165286,3.0217
1978-12-04,-0.3195849,3.0969
1978-12-05,-0.3227288,3.1912
1978-12-06,-0.3259629,3.2721
1978-12-07,-0.3292599,3.3135
1978-12-08,-0.3325722,3.3018
1978-12-09,-0.3358459,3.2372
1978-12-10,-0.3390324,3.1300
1978-12-11,-0.3420976,2.9978
1978-12-12,-0.3450266,2.8613
1978-12-13,-0.3478253,2.7400
1978-12-14,-0.3505161,2.6473
1978-12-15,-0.3531320,2.5909
1978-12-16,-0.3557104,2.5721
1978-12-17,-0.3582879,2.5884
1978-12-18,-0.3608971,2.6342
1978-12-19,-0.3635638,2.7024
1978-12-20,-0.3663063,2.7839
1978-12-21,-0.3691321,2.8670
1978-12-22,-0.3720375,2.9416
1978-12-23,-0.3750097,2.9995
1978-12-24,-0.3780288,3.0344
1978-12-25,-0.3810693,3.0416
1978-12-26,-0.3841026,3.0207
1978-12-27,-0.3871046,2.9814
1978-12-28,-0.3900665,2.9453
1978-12-29,-0.3930058,2.9410
1978-12-30,-0.3959657,2.9883
1978-12-31,-0.3989996,3.0871
1979-01-01,0.5978505,3.2148
1979-01-02,0.5945735,3.3343
1979-01-03,0.5911970,3.4086
1979-01-04,0.5877782,3.4172
1979-01-05,0.5843848,3.3593
1979-01-06,0.5810764,3.2510
1979-01-07,0.5778920,3.1151
1979-01-08,0.5748479,2.9740
1979-01-09,0.5719391,2.8474
1979-01-10,0.5691435,2.7494
1979-01-11,0.5664281,2.6879
1979-01-12,0.5637548,2.6651
1979-01-13,0.5610860,2.6781
1979-01-14,0.5583886,2.7212
1979-01-15,0.5556363,2.7864
1979-01-16,0.5528117,2.8639
1979-01-17,0.5499081,2.9425
1979-01-18,0.5469302,3.0107
1979-01-19,0.5438931,3.0596
1979-01-20,0.5408193,3.0836
1979-01-21,0.5377346,3.0814
1979-01-22,0.5346649,3.0541
1979-01-23,0.5316326,3.0082
1979-01-24,0.5286500,2.9579
1979-01-25,0.5257105,2.9264
1979-01-26,0.5227828,2.9381
1979-01-27,0.5198154,3.0067
1979-01-28,0.5167535,3.1231
1979-01-29,0.5135643,3.2540
1979-01-30,0.5102556,3.3544
1979-01-31,0.5068781,3.3869
1979-02-01,0.5035093,3.3368
1979-02-02,0.5002283,3.2154
1979-02-03,0.4970926,3.0519
1979-02-04,0.4941278,2.8786
1979-02-05,0.4913303,2.7207
1979-02-06,0.4886756,2.5950
1979-02-07,0.4861267,2.5099
1979-02-08,0.4836415,2.4676
1979-02-09,0.4811778,2.4662
1979-02-10,0.4786975,2.4995
1979-02-11,0.4761702,2.5587
1979-02-12,0.4735748,2.6339
1979-02-13,0.4709008,2.7140
1979-02-14,0.4681491,2.7874
1979-02-15,0.4653319,2.8431
1979-02-16,0.4624714,2.8731
1979-02-17,0.4595950,2.8750
1979-02-18,0.4567298,2.8516
1979-02-19,0.4538972,2.8118
1979-02-20,0.4511072,2.7689
1979-02-21,0.4483545,2.7405
1979-02-22,0.4456141,2.7482
1979-02-23,0.4428400,2.8101
1979-02-24,0.4399747,2.9296
1979-02-25,0.4369679,3.0877
1979-02-26,0.4337999,3.2439
1979-02-27,0.4304964,3.3512
1979-02-28,0.4271250,3.3762
1979-03-01,0.4237736,3.3125
1979-03-02,0.4205228,3.1802
1979-03-03,0.4174241,3.0150
1979-03-04,0.4144918,2.8527
1979-03-05,0.4117092,2.7191
1979-03-06,0.4090396,2.6277
1979-03-07,0.4064385,2.5823
1979-03-08,0.4038600,2.5819
1979-03-09,0.4012614,2.6215
1979-03-10,0.3986063,2.6933
1979-03-11,0.3958675,2.7869
1979-03-12,0.3930293,2.8900
1979-03-13,0.3900882,2.9909
1979-03-14,0.3870522,3.0778
1979-03-15,0.3839407,3.1403
1979-03-16,0.3807828,3.1692
1979-03-17,0.3776143,3.1620
1979-03-18,0.3744683,3.1263
1979-03-19,0.3713660,3.0778
1979-03-20,0.3683102,3.0367
1979-03-21,0.3652833,3.0235
1979-03-22,0.3622478,3.0563
1979-03-23,0.3591522,3.1445
1979-03-24,0.3559428,3.2808
1979-03-25,0.3525835,3.4382
1979-03-26,0.3490732,3.5750
1979-03-27,0.3454547,3.6483
1979-03-28,0.3418067,3.6312
1979-03-29,0.3382216,3.5261
1979-03-30,0.3347743,3.3615
1979-03-31,0.3315058,3.1751
1979-04-01,0.3284195,3.0024
1979-04-02,0.3254888,2.8664
1979-04-03,0.3226711,2.7773
1979-04-04,0.3199182,2.7364
1979-04-05,0.3171834,2.7404
1979-04-06,0.3144246,2.7830
1979-04-07,0.3116080,2.8539
1979-04-08,0.3087115,2.9407
1979-04-09,0.3057255,3.0308
1979-04-10,0.3026528,3.1123
1979-04-11,0.2995074,3.1743
1979-04-12,0.2963140,3.2067
1979-04-13,0.2931056,3.2041
1979-04-14,0.2899163,3.1698
1979-04-15,0.2867723,3.1164
1979-04-16,0.2836831,3.0640
1979-04-17,0.2806363,3.0354
1979-04-18,0.2775983,3.0486
1979-04-19,0.2745222,3.1123
1979-04-20,0.2713580,3.2229
1979-04-21,0.2680666,3.3628
1979-04-22,0.2646328,3.5016
1979-04-23,0.2610759,3.6027
1979-04-24,0.2574504,3.6346
1979-04-25,0.2538348,3.5823
1979-04-26,0.2503110,3.4544
1979-04-27,0.2469414,3.2804
1979-04-28,0.2437528,3.0986
1979-04-29,0.2407366,2.9397
1979-04-30,0.2378598,2.8217
1979-05-01,0.2350776,2.7506
1979-05-02,0.2323435,2.7248
1979-05-03,0.2296149,2.7383
1979-05-04,0.2268568,2.7822
1979-05-05,0.2240443,2.8447
1979-05-06,0.2211655,2.9127
1979-05-07,0.2182209,2.9745
1979-05-08,0.2152219,3.0199
1979-05-09,0.2121896,3.0398
1979-05-10,0.2091528,3.0282
1979-05-11,0.2061444,2.9830
1979-05-12,0.2031958,2.9106
1979-05-13,0.2003263,2.8287
1979-05-14,0.1975334,2.7619
1979-05-15,0.1947898,2.7332
1979-05-16,0.1920500,2.7555
1979-05-17,0.1892624,2.8271
1979-05-18,0.1863851,2.9307
1979-05-19,0.1833995,3.0386
1979-05-20,0.1803163,3.1211
1979-05-21,0.1771746,3.1516
1979-05-22,0.1740361,3.1133
1979-05-23,0.1709710,3.0062
1979-05-24,0.1680411,2.8470
1979-05-25,0.1652848,2.6643
1979-05-26,0.1627103,2.4881
1979-05-27,0.1602988,2.3412
1979-05-28,0.1580143,2.2350
1979-05-29,0.1558142,2.1725
1979-05-30,0.1536557,2.1509
1979-05-31,0.1515013,2.1628
1979-06-01,0.1493223,2.1983
1979-06-02,0.1471003,2.2469
1979-06-03,0.1448280,2.2968
1979-06-04,0.1425098,2.3373
1979-06-05,0.1401591,2.3607
1979-06-06,0.1377958,2.3620
1979-06-07,0.1354436,2.3380
1979-06-08,0.1331280,2.2894
1979-06-09,0.1308701,2.2248
1979-06-10,0.1286773,2.1634
1979-06-11,0.1265333,2.1320
1979-06-12,0.1243962,2.1519
1979-06-13,0.1222107,2.2280
1979-06-14,0.1199266,2.3447
1979-06-15,0.1175181,2.4711
1979-06-16,0.1149927,2.5727
1979-06-17,0.1123900,2.6226
1979-06-18,0.1097687,2.6090
1979-06-19,0.1071922,2.5348
1979-06-20,0.1047145,2.4145
1979-06-21,0.1023711,2.2707
1979-06-22,0.1001723,2.1294
1979-06-23,0.0981042,2.0124
1979-06-24,0.0961347,1.9337
1979-06-25,0.0942227,1.8974
1979-06-26,0.0923267,1.9007
1979-06-27,0.0904105,1.9364
1979-06-28,0.0884461,1.9954
1979-06-29,0.0864157,2.0663
1979-06-30,0.0843137,2.1365
1979-07-01,0.0821469,2.1941
1979-07-02,0.0799326,2.2306
1979-07-03,0.0776942,2.2417
1979-07-04,0.0754580,2.2263
1979-07-05,0.0732501,2.1852
1979-07-06,0.0710943,2.1238
1979-07-07,0.0690048,2.0555
1979-07-08,0.0669781,2.0028
1979-07-09,0.0649857,1.9908
1979-07-10,0.0629778,2.0351
1979-07-11,0.0608988,2.1296
1979-07-12,0.0587116,2.2451
1979-07-13,0.0564154,2.3401
1979-07-14,0.0540501,2.3790
1979-07-15,0.0516816,2.3452
1979-07-16,0.0493827,2.2423
1979-07-17,0.0472132,2.0909
1979-07-18,0.0452079,1.9187
1979-07-19,0.0433739,1.7523
1979-07-20,0.0416942,1.6132
1979-07-21,0.0401338,1.5153
1979-07-22,0.0386482,1.4637
1979-07-23,0.0371918,1.4560
1979-07-24,0.0357240,1.4850
1979-07-25,0.0342126,1.5416
1979-07-26,0.0326352,1.6152
1979-07-27,0.0309802,1.6950
1979-07-28,0.0292468,1.7700
1979-07-29,0.0274452,1.8300
1979-07-30,0.0255938,1.8692
1979-07-31,0.0237142,1.8863
1979-08-01,0.0218277,1.8838
1979-08-02,0.0199512,1.8675
1979-08-03,0.0180939,1.8474
1979-08-04,0.0162528,1.8379
1979-08-05,0.0144074,1.8603
1979-08-06,0.0125144,1.9359
1979-08-07,0.0105159,2.0705
1979-08-08,0.0083593,2.2473
1979-08-09,0.0060201,2.4276
1979-08-10,0.0035194,2.5620
1979-08-11,0.0009244,2.6115
1979-08-12,-0.0016716,2.5651
1979-08-13,-0.0041799,2.4411
1979-08-14,-0.0065394,2.2741
1979-08-15,-0.0087259,2.1006
1979-08-16,-0.0107483,1.9502
1979-08-17,-0.0126402,1.8416
1979-08-18,-0.0144473,1.7805
1979-08-19,-0.0162163,1.7647
1979-08-20,-0.0179894,1.7869
1979-08-21,-0.0197992,1.8365
1979-08-22,-0.0216679,1.9025
1979-08-23,-0.0236058,1.9731
1979-08-24,-0.0256121,2.0375
1979-08-25,-0.0276754,2.0856
1979-08-26,-0.0297751,2.1091
1979-08-27,-0.0318847,2.1059
1979-08-28,-0.0339794,2.0803
1979-08-29,-0.0360406,2.0405
1979-08-30,-0.0380593,1.9975
1979-08-31,-0.0400395,1.9662
1979-09-01,-0.0420014,1.9641
1979-09-02,-0.0439842,2.0113
1979-09-03,-0.0460449,2.1210
1979-09-04,-0.0482458,2.2896
1979-09-05,-0.0506350,2.4909
1979-09-06,-0.0532225,2.6770
1979-09-07,-0.0559672,2.7977
1979-09-08,-0.0587853,2.8206
1979-09-09,-0.0615751,2.7438
1979-09-10,-0.0642492,2.5961
1979-09-11,-0.0667581,2.4210
1979-09-12,-0.0690955,2.2589
1979-09-13,-0.0712894,2.1372
1979-09-14,-0.0733870,2.0668
1979-09-15,-0.0754396,2.0462
1979-09-16,-0.0774934,2.0676
1979-09-17,-0.0795852,2.1202
1979-09-18,-0.0817400,2.1915
1979-09-19,-0.0839707,2.2703
1979-09-20,-0.0862795,2.3458
1979-09-21,-0.0886578,2.4079
1979-09-22,-0.0910883,2.4489
1979-09-23,-0.0935467,2.4632
1979-09-24,-0.0960055,2.4499
1979-09-25,-0.0984395,2.4156
1979-09-26,-0.1008341,2.3734
1979-09-27,-0.1031889,2.3391
1979-09-28,-0.1055210,2.3308
1979-09-29,-0.1078645,2.3645
1979-09-30,-0.1102684,2.4532
1979-10-01,-0.1127905,2.6005
1979-10-02,-0.1154848,2.7938
1979-10-03,-0.1183824,3.0000
1979-10-04,-0.1214737,3.1727
1979-10-05,-0.1247019,3.2675
1979-10-06,-0.1279750,3.2613
1979-10-07,-0.1311935,3.1622
1979-10-08,-0.1342802,3.0054
1979-10-09,-0.1372001,2.8360
1979-10-10,-0.1399606,2.6916
1979-10-11,-0.1425989,2.5938
1979-10-12,-0.1451656,2.5481
1979-10-13,-0.1477108,2.5495
1979-10-14,-0.1502768,2.5875
1979-10-15,-0.1528938,2.6495
1979-10-16,-0.1555792,2.7217
1979-10-17,-0.1583361,2.7906
1979-10-18,-0.1611553,2.8443
1979-10-19,-0.1640163,2.8729
1979-10-20,-0.1668910,2.8713
1979-10-21,-0.1697481,2.8374
1979-10-22,-0.1725555,2.7727
1979-10-23,-0.1752861,2.6858
1979-10-24,-0.1779250,2.5927
1979-10-25,-0.1804765,2.5146
1979-10-26,-0.1829659,2.4715
1979-10-27,-0.1854364,2.4791
1979-10-28,-0.1879431,2.5438
1979-10-29,-0.1905405,2.6580
1979-10-30,-0.1932684,2.8001
1979-10-31,-0.1961386,2.9361
1979-11-01,-0.1991254,3.0267
1979-11-02,-0.2021660,3.0395
1979-11-03,-0.2051749,2.9638
1979-11-04,-0.2080693,2.8153
1979-11-05,-0.2107935,2.6308
1979-11-06,-0.2133327,2.4518
1979-11-07,-0.2157097,2.3106
1979-11-08,-0.2179716,2.2226
1979-11-09,-0.2201728,2.1883
1979-11-10,-0.2223635,2.1998
1979-11-11,-0.2245837,2.2452
1979-11-12,-0.2268610,2.3118
1979-11-13,-0.2292099,2.3861
1979-11-14,-0.2316314,2.4551
1979-11-15,-0.2341150,2.5090
1979-11-16,-0.2366418,2.5403
1979-11-17,-0.2391864,2.5441
1979-11-18,-0.2417206,2.5195
1979-11-19,-0.2442172,2.4701
1979-11-20,-0.2466563,2.4071
1979-11-21,-0.2490333,2.3498
1979-11-22,-0.2513657,2.3218
1979-11-23,-0.2536929,2.3419
1979-11-24,-0.2560683,2.4183
1979-11-25,-0.2585460,2.5441
1979-11-26,-0.2611662,2.6990
1979-11-27,-0.2639437,2.8530
1979-11-28,-0.2668609,2.9732
1979-11-29,-0.2698698,3.0325
1979-11-30,-0.2729006,3.0158
1979-12-01,-0.2758772,2.9266
1979-12-02,-0.2787369,2.7869
1979-12-03,-0.2814455,2.6309
1979-12-04,-0.2840045,2.4925
1979-12-05,-0.2864441,2.3949
1979-12-06,-0.2888107,2.3466
1979-12-07,-0.2911522,2.3432
1979-12-08,-0.2935087,2.3748
1979-12-09,-0.2959096,2.4299
1979-12-10,-0.2983721,2.4959
1979-12-11,-0.3009008,2.5600
1979-12-12,-0.3034874,2.6101
1979-12-13,-0.3061136,2.6381
1979-12-14,-0.3087547,2.6395
1979-12-15,-0.3113834,2.6135
1979-12-16,-0.3139733,2.5624
1979-12-17,-0.3165021,2.4929
1979-12-18,-0.3189573,2.4179
1979-12-19,-0.3213431,2.3584
1979-12-20,-0.3236869,2.3374
1979-12-21,-0.3260360,2.3707
1979-12-22,-0.3284461,2.4576
1979-12-23,-0.3309628,2.5794
1979-12-24,-0.3336061,2.7046
1979-12-25,-0.3363620,2.7996
1979-12-26,-0.3391870,2.8398
1979-12-27,-0.3420202,2.8158
1979-12-28,-0.3447989,2.7328
1979-12-29,-0.3474720,2.6083
1979-12-30,-0.3500104,2.4684
1979-12-31,-0.3524133,2.3421
1980-01-01,0.6452932,2.2525
1980-01-02,0.6430658,2.2106
1980-01-03,0.6408565,2.2154
1980-01-04,0.6386226,2.2576
1980-01-05,0.6363331,2.3246
1980-01-06,0.6339692,2.4042
1980-01-07,0.6315248,2.4836
1980-01-08,0.6290058,2.5516
1980-01-09,0.6264286,2.5988
1980-01-10,0.6238168,2.6204
1980-01-11,0.6211960,2.6173
1980-01-12,0.6185894,2.5926
1980-01-13,0.6160163,2.5513
1980-01-14,0.6134892,2.5026
1980-01-15,0.6110084,2.4619
1980-01-16,0.6085557,2.4503
1980-01-17,0.6060913,2.4882
1980-01-18,0.6035604,2.5829
1980-01-19,0.6009113,2.7203
1980-01-20,0.5981171,2.8658
1980-01-21,0.5951917,2.9755
1980-01-22,0.5921897,3.0145
1980-01-23,0.5891907,2.9693
1980-01-24,0.5862760,2.8492
1980-01-25,0.5835088,2.6796
1980-01-26,0.5809226,2.4926
1980-01-27,0.5785193,2.3185
1980-01-28,0.5762735,2.1805
1980-01-29,0.5741419,2.0915
1980-01-30,0.5720739,2.0524
1980-01-31,0.5700229,2.0561
1980-02-01,0.5679516,2.0903
1980-02-02,0.5658367,2.1414
1980-02-03,0.5636671,2.1974
1980-02-04,0.5614440,2.2469
1980-02-05,0.5591784,2.2809
1980-02-06,0.5568893,2.2934
1980-02-07,0.5545991,2.2834
1980-02-08,0.5523286,2.2550
1980-02-09,0.5500926,2.2160
1980-02-10,0.5478967,2.1766
1980-02-11,0.5457353,2.1494
1980-02-12,0.5435882,2.1514
1980-02-13,0.5414157,2.2039
1980-02-14,0.5391578,2.3241
1980-02-15,0.5367465,2.5074
1980-02-16,0.5341320,2.7237
1980-02-17,0.5313039,2.9257
1980-02-18,0.5283020,3.0635
1980-02-19,0.5252095,3.1034
1980-02-20,0.5221292,3.0412
1980-02-21,0.5191531,2.9011
1980-02-22,0.5163397,2.7231
1980-02-23,0.5137060,2.5479
1980-02-24,0.5112333,2.4044
1980-02-25,0.5088817,2.3073
1980-02-26,0.5066019,2.2604
1980-02-27,0.5043462,2.2575
1980-02-28,0.5020762,2.2868
1980-02-29,0.4997665,2.3343
1980-03-01,0.4974059,2.3868
1980-03-02,0.4949949,2.4334
1980-03-03,0.4925444,2.4642
1980-03-04,0.4900745,2.4712
1980-03-05,0.4876114,2.4501
1980-03-06,0.4851831,2.4025
1980-03-07,0.4828125,2.3367
1980-03-08,0.4805115,2.2657
1980-03-09,0.4782783,2.2033
1980-03-10,0.4760968,2.1652
1980-03-11,0.4739335,2.1703
1980-03-12,0.4717359,2.2364
1980-03-13,0.4694373,2.3726
1980-03-14,0.4669708,2.5685
1980-03-15,0.4642916,2.7904
1980-03-16,0.4613989,2.9856
1980-03-17,0.4583468,3.1018
1980-03-18,0.4552311,3.1108
1980-03-19,0.4521590,3.0185
1980-03-20,0.4492160,2.8605
1980-03-21,0.4464437,2.6855
1980-03-22,0.4438365,2.5361
1980-03-23,0.4413547,2.4373
1980-03-24,0.4389426,2.3965
1980-03-25,0.4365445,2.4074
1980-03-26,0.4341151,2.4566
1980-03-27,0.4316235,2.5292
1980-03-28,0.4290541,2.6095
1980-03-29,0.4264066,2.6834
1980-03-30,0.4236932,2.7396
1980-03-31,0.4209361,2.7698
1980-04-01,0.4181638,2.7693
1980-04-02,0.4154084,2.7362
1980-04-03,0.4127006,2.6754
1980-04-04,0.4100631,2.5979
1980-04-05,0.4075055,2.5183
1980-04-06,0.4050213,2.4542
1980-04-07,0.4025860,2.4232
1980-04-08,0.4001589,2.4401
1980-04-09,0.3976860,2.5164
1980-04-10,0.3951058,2.6537
1980-04-11,0.3923640,2.8349
1980-04-12,0.3894342,3.0217
1980-04-13,0.3863356,3.1637
1980-04-14,0.3831366,3.2162
1980-04-15,0.3799394,3.1599
1980-04-16,0.3768477,3.0107
1980-04-17,0.3739345,2.8119
1980-04-18,0.3712231,2.6154
1980-04-19,0.3686894,2.4616
1980-04-20,0.3662792,2.3698
1980-04-21,0.3639295,2.3389
1980-04-22,0.3615854,2.3561
1980-04-23,0.3592064,2.4060
1980-04-24,0.3567678,2.4727
1980-04-25,0.3542602,2.5417
1980-04-26,0.3516879,2.6001
1980-04-27,0.3490669,2.6376
1980-04-28,0.3464219,2.6474
1980-04-29,0.3437821,2.6273
1980-04-30,0.3411765,2.5795
1980-05-01,0.3386302,2.5105
1980-05-02,0.3361585,2.4327
1980-05-03,0.3337620,2.3633
1980-05-04,0.3314229,2.3209
1980-05-05,0.3291059,2.3215
1980-05-06,0.3267622,2.3753
1980-05-07,0.3243374,2.4829
1980-05-08,0.3217821,2.6335
1980-05-09,0.3190645,2.8018
1980-05-10,0.3161854,2.9492
1980-05-11,0.3131870,3.0338
1980-05-12,0.3101489,3.0253
1980-05-13,0.3071692,2.9186
1980-05-14,0.3043362,2.7383
1980-05-15,0.3017021,2.5295
1980-05-16,0.2992708,2.3399
1980-05-17,0.2970052,2.2016
1980-05-18,0.2948472,2.1246
1980-05-19,0.2927380,2.1018
1980-05-20,0.2906307,2.1179
1980-05-21,0.2884949,2.1559
1980-05-22,0.2863167,2.2004
1980-05-23,0.2840964,2.2380
1980-05-24,0.2818466,2.2579
1980-05-25,0.2795889,2.2529
1980-05-26,0.2773499,2.2206
1980-05-27,0.2751562,2.1628
1980-05-28,0.2730310,2.0849
1980-05-29,0.2709900,1.9961
1980-05-30,0.2690376,1.9107
1980-05-31,0.2671610,1.8479
1980-06-01,0.2653280,1.8264
1980-06-02,0.2634902,1.8589
1980-06-03,0.2615918,1.9465
1980-06-04,0.2595828,2.0772
1980-06-05,0.2574306,2.2282
1980-06-06,0.2551297,2.3692
1980-06-07,0.2527062,2.4681
1980-06-08,0.2502166,2.4977
1980-06-09,0.2477381,2.4454
1980-06-10,0.2453499,2.3207
1980-06-11,0.2431111,2.1528
1980-06-12,0.2410453,1.9819
1980-06-13,0.2391361,1.8446
1980-06-14,0.2373381,1.7614
1980-06-15,0.2355946,1.7341
1980-06-16,0.2338555,1.7498
1980-06-17,0.2320865,1.7910
1980-06-18,0.2302704,1.8415
1980-06-19,0.2284052,1.8870
1980-06-20,0.2265019,1.9162
1980-06-21,0.2245812,1.9204
1980-06-22,0.2226707,1.8958
1980-06-23,0.2207984,1.8448
1980-06-24,0.2189880,1.7731
1980-06-25,0.2172565,1.6887
1980-06-26,0.2156113,1.6024
1980-06-27,0.2140471,1.5299
1980-06-28,0.2125405,1.4905
1980-06-29,0.2110491,1.5022
1980-06-30,0.2095162,1.5736
1980-07-01,0.2078852,1.6952
1980-07-02,0.2061174,1.8419
1980-07-03,0.2042045,1.9794
1980-07-04,0.2021725,2.0751
1980-07-05,0.2000763,2.1048
1980-07-06,0.1979878,2.0600
1980-07-07,0.1959782,1.9497
1980-07-08,0.1941025,1.7970
1980-07-09,0.1923876,1.6340
1980-07-10,0.1908268,1.4941
1980-07-11,0.1893832,1.4027
1980-07-12,0.1880024,1.3683
1980-07-13,0.1866302,1.3831
1980-07-14,0.1852252,1.4310
1980-07-15,0.1837628,1.4952
1980-07-16,0.1822344,1.5607
1980-07-17,0.1806451,1.6153
1980-07-18,0.1790106,1.6496
1980-07-19,0.1773545,1.6582
1980-07-20,0.1757029,1.6408
1980-07-21,0.1740805,1.6006
1980-07-22,0.1725069,1.5448
1980-07-23,0.1709927,1.4835
1980-07-24,0.1695374,1.4295
1980-07-25,0.1681259,1.3988
1980-07-26,0.1667259,1.4097
1980-07-27,0.1652882,1.4755
1980-07-28,0.1637564,1.5970
1980-07-29,0.1620816,1.7564
1980-07-30,0.1602432,1.9169
1980-07-31,0.1582620,2.0349
1980-08-01,0.1561983,2.0783
1980-08-02,0.1541336,2.0372
1980-08-03,0.1521480,1.9239
1980-08-04,0.1503001,1.7676
1980-08-05,0.1486155,1.6034
1980-08-06,0.1470852,1.4637
1980-08-07,0.1456720,1.3722
1980-08-08,0.1443215,1.3386
1980-08-09,0.1429769,1.3586
1980-08-10,0.1415911,1.4181
1980-08-11,0.1401338,1.4984
1980-08-12,0.1385931,1.5823
1980-08-13,0.1369724,1.6566
1980-08-14,0.1352866,1.7110
1980-08-15,0.1335591,1.7394
1980-08-16,0.1318170,1.7401
1980-08-17,0.1300871,1.7162
1980-08-18,0.1283896,1.6772
1980-08-19,0.1267338,1.6349
1980-08-20,0.1251170,1.6011
1980-08-21,0.1235244,1.5891
1980-08-22,0.1219262,1.6150
1980-08-23,0.1202764,1.6951
1980-08-24,0.1185148,1.8389
1980-08-25,0.1165802,2.0378
1980-08-26,0.1144316,2.2596
1980-08-27,0.1120698,2.4552
1980-08-28,0.1095462,2.5759
1980-08-29,0.1069525,2.5933
1980-08-30,0.1043928,2.5113
1980-08-31,0.1019525,2.3616
1980-09-01,0.0996770,2.1897
1980-09-02,0.0975662,2.0384
1980-09-03,0.0955840,1.9358
1980-09-04,0.0936746,1.8934
1980-09-05,0.0917784,1.9076
1980-09-06,0.0898453,1.9643
1980-09-07,0.0878418,2.0452
1980-09-08,0.0857530,2.1318
1980-09-09,0.0835816,2.2082
1980-09-10,0.0813438,2.2632
1980-09-11,0.0790647,2.2898
1980-09-12,0.0767746,2.2852
1980-09-13,0.0745041,2.2511
1980-09-14,0.0722798,2.1948
1980-09-15,0.0701176,2.1293
1980-09-16,0.0680194,2.0693
1980-09-17,0.0659725,2.0289
1980-09-18,0.0639502,2.0227
1980-09-19,0.0619105,2.0662
1980-09-20,0.0597970,2.1721
1980-09-21,0.0575444,2.3439
1980-09-22,0.0550927,2.5654
1980-09-23,0.0524103,2.7968
1980-09-24,0.0495143,2.9828
1980-09-25,0.0464761,3.0748
1980-09-26,0.0434028,3.0524
1980-09-27,0.0404041,2.9316
1980-09-28,0.0375614,2.7456
1980-09-29,0.0349219,2.5328
1980-09-30,0.0324871,2.3463
1980-10-01,0.0302072,2.2263
1980-10-02,0.0280100,2.1799
1980-10-03,0.0258271,2.1946
1980-10-04,0.0236077,2.2486
1980-10-05,0.0213242,2.3195
1980-10-06,0.0189688,2.3900
1980-10-07,0.0165489,2.4464
1980-10-08,0.0140836,2.4799
1980-10-09,0.0115985,2.4853
1980-10-10,0.0091226,2.4618
1980-10-11,0.0066830,2.4138
1980-10-12,0.0043002,2.3501
1980-10-13,0.0019836,2.2842
1980-10-14,-0.0002728,2.2323
1980-10-15,-0.0024905,2.2089
1980-10-16,-0.0047041,2.2261
1980-10-17,-0.0069601,2.2954
1980-10-18,-0.0093133,2.4198
1980-10-19,-0.0118184,2.6002
1980-10-20,-0.0145267,2.8197
1980-10-21,-0.0174568,3.0362
1980-10-22,-0.0205794,3.1937
1980-10-23,-0.0238069,3.2395
1980-10-24,-0.0270174,3.1625
1980-10-25,-0.0301012,2.9935
1980-10-26,-0.0329912,2.7850
1980-10-27,-0.0356769,2.5937
1980-10-28,-0.0381975,2.4591
1980-10-29,-0.0406183,2.3941
1980-10-30,-0.0430060,2.3899
1980-10-31,-0.0454116,2.4261
1980-11-01,-0.0478645,2.4812
1980-11-02,-0.0503741,2.5366
1980-11-03,-0.0529330,2.5778
1980-11-04,-0.0555216,2.5948
1980-11-05,-0.0581126,2.5820
1980-11-06,-0.0606753,2.5383
1980-11-07,-0.0631800,2.4671
1980-11-08,-0.0656032,2.3770
1980-11-09,-0.0679318,2.2802
1980-11-10,-0.0701665,2.1920
1980-11-11,-0.0723244,2.1295
1980-11-12,-0.0744394,2.1086
1980-11-13,-0.0765590,2.1400
1980-11-14,-0.0787384,2.2285
1980-11-15,-0.0810339,2.3709
1980-11-16,-0.0834934,2.5530
1980-11-17,-0.0861438,2.7468
1980-11-18,-0.0889769,2.9105
1980-11-19,-0.0919406,3.0017
1980-11-20,-0.0949470,2.9929
1980-11-21,-0.0978933,2.8849
1980-11-22,-0.1006952,2.7120
1980-11-23,-0.1033130,2.5260
1980-11-24,-0.1057592,2.3759
1980-11-25,-0.1080864,2.2905
1980-11-26,-0.1103624,2.2717
1980-11-27,-0.1126465,2.3029
1980-11-28,-0.1149769,2.3603
1980-11-29,-0.1173687,2.4224
1980-11-30,-0.1198180,2.4733
1980-12-01,-0.1223080,2.5022
1980-12-02,-0.1248129,2.5025
1980-12-03,-0.1273031,2.4731
1980-12-04,-0.1297503,2.4174
1980-12-05,-0.1321314,2.3421
1980-12-06,-0.1344309,2.2561
1980-12-07,-0.1366445,2.1728
1980-12-08,-0.1387825,2.1076
1980-12-09,-0.1408711,2.0765
1980-12-10,-0.1429511,2.0923
1980-12-11,-0.1450737,2.1620
1980-12-12,-0.1472916,2.2813
1980-12-13,-0.1496479,2.4356
1980-12-14,-0.1521666,2.6014
1980-12-15,-0.1548444,2.7484
1980-12-16,-0.1576463,2.8442
1980-12-17,-0.1605071,2.8631
1980-12-18,-0.1633439,2.7964
1980-12-19,-0.1660767,2.6600
1980-12-20,-0.1686533,2.4916
1980-12-21,-0.1710645,2.3370
1980-12-22,-0.1733442,2.2332
1980-12-23,-0.1755530,2.1956
1980-12-24,-0.1777547,2.2160
1980-12-25,-0.1799971,2.2726
1980-12-26,-0.1823038,2.3408
1980-12-27,-0.1846761,2.4013
1980-12-28,-0.1870997,2.4419
1980-12-29,-0.1895509,2.4555
1980-12-30,-0.1920009,2.4396
1980-12-31,-0.1944207,2.3956
1981-01-01,-0.1967849,2.3300
1981-01-02,-0.1990768,2.2527
1981-01-03,-0.2012902,2.1752
1981-01-04,-0.2034317,2.1112
1981-01-05,-0.2055222,2.0759
1981-01-06,-0.2075984,2.0852
1981-01-07,-0.2097110,2.1496
1981-01-08,-0.2119158,2.2686
1981-01-09,-0.2142612,2.4267
1981-01-10,-0.2167729,2.5959
1981-01-11,-0.2194455,2.7425
1981-01-12,-0.2222400,2.8352
1981-01-13,-0.2250916,2.8548
1981-01-14,-0.2279239,2.7972
1981-01-15,-0.2306646,2.6753
1981-01-16,-0.2332625,2.5174
1981-01-17,-0.2356997,2.3605
1981-01-18,-0.2379958,2.2404
1981-01-19,-0.2401999,2.1784
1981-01-20,-0.2423722,2.1752
1981-01-21,-0.2445643,2.2140
1981-01-22,-0.2468059,2.2699
1981-01-23,-0.2491021,2.3197
1981-01-24,-0.2514384,2.3487
1981-01-25,-0.2537904,2.3502
1981-01-26,-0.2561285,2.3207
1981-01-27,-0.2584219,2.2614
1981-01-28,-0.2606435,2.1786
1981-01-29,-0.2627747,2.0828
1981-01-30,-0.2648091,1.9872
1981-01-31,-0.2667537,1.9055
1981-02-01,-0.2686292,1.8512
1981-02-02,-0.2704700,1.8387
1981-02-03,-0.2723251,1.8818
1981-02-04,-0.2742544,1.9872
1981-02-05,-0.2763172,2.1457
1981-02-06,-0.2785542,2.3293
1981-02-07,-0.2809702,2.4962
1981-02-08,-0.2835277,2.6063
1981-02-09,-0.2861550,2.6331
1981-02-10,-0.2887649,2.5730
1981-02-11,-0.2912784,2.4452
1981-02-12,-0.2936444,2.2847
1981-02-13,-0.2958499,2.1304
1981-02-14,-0.2979186,2.0161
1981-02-15,-0.2999027,1.9635
1981-02-16,-0.3018679,1.9777
1981-02-17,-0.3038764,2.0469
1981-02-18,-0.3059724,2.1484
1981-02-19,-0.3081755,2.2569
1981-02-20,-0.3104817,2.3519
1981-02-21,-0.3128708,2.4212
1981-02-22,-0.3153137,2.4592
1981-02-23,-0.3177786,2.4655
1981-02-24,-0.3202357,2.4448
1981-02-25,-0.3226623,2.4063
1981-02-26,-0.3250466,2.3628
1981-02-27,-0.3273911,2.3290
1981-02-28,-0.3297123,2.3184
1981-03-01,-0.3320394,2.3423
1981-03-02,-0.3344120,2.4114
1981-03-03,-0.3368807,2.5361
1981-03-04,-0.3395035,2.7186
1981-03-05,-0.3423313,2.9413
1981-03-06,-0.3453865,3.1653
1981-03-07,-0.3486457,3.3407
1981-03-08,-0.3520370,3.4234
1981-03-09,-0.3554548,3.3931
1981-03-10,-0.3587897,3.2622
1981-03-11,-0.3619587,3.0696
1981-03-12,-0.3649249,2.8649
1981-03-13,-0.3676989,2.6914
1981-03-14,-0.3703271,2.5763
1981-03-15,-0.3728734,2.5271
1981-03-16,-0.3754002,2.5346
1981-03-17,-0.3779546,2.5782
1981-03-18,-0.3805608,2.6344
1981-03-19,-0.3832206,2.6821
1981-03-20,-0.3859169,2.7056
1981-03-21,-0.3886210,2.6966
1981-03-22,-0.3912986,2.6530
1981-03-23,-0.3939164,2.5777
1981-03-24,-0.3964461,2.4788
1981-03-25,-0.3988704,2.3693
1981-03-26,-0.4011864,2.2651
1981-03-27,-0.4034080,2.1832
1981-03-28,-0.4055650,2.1379
1981-03-29,-0.4077000,2.1411
1981-03-30,-0.4098667,2.2029
1981-03-31,-0.4121276,2.3303
1981-04-01,-0.4145479,2.5195
1981-04-02,-0.4171794,2.7471
1981-04-03,-0.4200401,2.9688
1981-04-04,-0.4230968,3.1299
1981-04-05,-0.4262651,3.1867
1981-04-06,-0.4294318,3.1282
1981-04-07,-0.4324918,2.9807
1981-04-08,-0.4353808,2.7962
1981-04-09,-0.4380908,2.6315
1981-04-10,-0.4406638,2.5269
1981-04-11,-0.4431695,2.4971
1981-04-12,-0.4456805,2.5346
1981-04-13,-0.4482538,2.6172
1981-04-14,-0.4509213,2.7190
1981-04-15,-0.4536905,2.8171
1981-04-16,-0.4565482,2.8934
1981-04-17,-0.4594661,2.9361
1981-04-18,-0.4624072,2.9393
1981-04-19,-0.4653310,2.9016
1981-04-20,-0.4681983,2.8276
1981-04-21,-0.4709777,2.7280
1981-04-22,-0.4736507,2.6175
1981-04-23,-0.4762150,2.5140
1981-04-24,-0.4786868,2.4349
1981-04-25,-0.4810974,2.3937
1981-04-26,-0.4834904,2.4010
1981-04-27,-0.4859176,2.4627
1981-04-28,-0.4884342,2.5795
1981-04-29,-0.4910916,2.7415
1981-04-30,-0.4939229,2.9208
1981-05-01,-0.4969240,3.0725
1981-05-02,-0.5000422,3.1470
1981-05-03,-0.5031810,3.1103
1981-05-04,-0.5062258,2.9626
1981-05-05,-0.5090820,2.7424
1981-05-06,-0.5117062,2.5091
1981-05-07,-0.5141149,2.3198
1981-05-08,-0.5163715,2.2076
1981-05-09,-0.5185568,2.1755
1981-05-10,-0.5207429,2.2047
1981-05-11,-0.5229772,2.2670
1981-05-12,-0.5252793,2.3366
1981-05-13,-0.5276464,2.3944
1981-05-14,-0.5300601,2.4284
1981-05-15,-0.5324934,2.4329
1981-05-16,-0.5349155,2.4061
1981-05-17,-0.5372959,2.3503
1981-05-18,-0.5396090,2.2732
1981-05-19,-0.5418392,2.1868
1981-05-20,-0.5439842,2.1054
1981-05-21,-0.5460571,2.0454
1981-05-22,-0.5480870,2.0214
1981-05-23,-0.5501150,2.0428
1981-05-24,-0.5521892,2.1141
1981-05-25,-0.5543596,2.2345
1981-05-26,-0.5566719,2.3961
1981-05-27,-0.5591598,2.5816
1981-05-28,-0.5618327,2.7599
1981-05-29,-0.5646635,2.8900
1981-05-30,-0.5675835,2.9325
1981-05-31,-0.5704924,2.8668
1981-06-01,-0.5732854,2.7061
1981-06-02,-0.5758879,2.4954
1981-06-03,-0.5782792,2.2936
1981-06-04,-0.5804940,2.1485
1981-06-05,-0.5826020,2.0807
1981-06-06,-0.5846779,2.0805
1981-06-07,-0.5867761,2.1197
1981-06-08,-0.5889200,2.1670
1981-06-09,-0.5911049,2.1985
1981-06-10,-0.5933073,2.2007
1981-06-11,-0.5954946,2.1678
1981-06-12,-0.5976311,2.0995
1981-06-13,-0.5996832,1.9998
1981-06-14,-0.6016228,1.8762
1981-06-15,-0.6034315,1.7403
1981-06-16,-0.6051043,1.6070
1981-06-17,-0.6066515,1.4918
1981-06-18,-0.6080991,1.4101
1981-06-19,-0.6094870,1.3743
1981-06-20,-0.6108651,1.3908
1981-06-21,-0.6122857,1.4584
1981-06-22,-0.6137956,1.5669
1981-06-23,-0.6154270,1.6979
1981-06-24,-0.6171909,1.8272
1981-06-25,-0.6190711,1.9254
1981-06-26,-0.6210211,1.9619
1981-06-27,-0.6229673,1.9158
1981-06-28,-0.6248250,1.7866
1981-06-29,-0.6265211,1.5991
1981-06-30,-0.6280192,1.3997
1981-07-01,0.3706665,1.2393
1981-07-02,0.3694777,1.1523
1981-07-03,0.3683358,1.1434
1981-07-04,0.3671721,1.1909
1981-07-05,0.3659465,1.2610
1981-07-06,0.3646531,1.3222
1981-07-07,0.3633115,1.3551
1981-07-08,0.3619550,1.3515
1981-07-09,0.3606205,1.3119
1981-07-10,0.3593416,1.2413
1981-07-11,0.3581453,1.1486
1981-07-12,0.3570477,1.0460
1981-07-13,0.3560519,0.9474
1981-07-14,0.3551467,0.8673
1981-07-15,0.3543064,0.8201
1981-07-16,0.3534912,0.8190
1981-07-17,0.3526498,0.8738
1981-07-18,0.3517243,0.9866
1981-07-19,0.3506603,1.1482
1981-07-20,0.3494185,1.3380
1981-07-21,0.3479847,1.5267
1981-07-22,0.3463761,1.6823
1981-07-23,0.3446398,1.7786
1981-07-24,0.3428438,1.8002
1981-07-25,0.3410644,1.7468
1981-07-26,0.3393691,1.6368
1981-07-27,0.3377979,1.5054
1981-07-28,0.3363514,1.3946
1981-07-29,0.3349899,1.3403
1981-07-30,0.3336469,1.3579
1981-07-31,0.3322535,1.4373
1981-08-01,0.3307615,1.5491
1981-08-02,0.3291561,1.6585
1981-08-03,0.3274544,1.7382
1981-08-04,0.3256944,1.7739
1981-08-05,0.3239221,1.7632
1981-08-06,0.3221817,1.7113
1981-08-07,0.3205100,1.6277
1981-08-08,0.3189326,1.5251
1981-08-09,0.3174612,1.4183
1981-08-10,0.3160922,1.3229
1981-08-11,0.3148068,1.2531
1981-08-12,0.3135734,1.2209
1981-08-13,0.3123490,1.2366
1981-08-14,0.3110819,1.3073
1981-08-15,0.3097165,1.4318
1981-08-16,0.3082058,1.5938
1981-08-17,0.3065269,1.7619
1981-08-18,0.3046927,1.8978
1981-08-19,0.3027534,1.9673
1981-08-20,0.3007863,1.9521
1981-08-21,0.2988761,1.8561
1981-08-22,0.2970932,1.7030
1981-08-23,0.2954768,1.5300
1981-08-24,0.2940264,1.3774
1981-08-25,0.2927041,1.2785
1981-08-26,0.2914453,1.2518
1981-08-27,0.2901771,1.2953
1981-08-28,0.2888384,1.3877
1981-08-29,0.2873960,1.4970
1981-08-30,0.2858492,1.5917
1981-08-31,0.2842247,1.6500
1981-09-01,0.2825642,1.6634
1981-09-02,0.2809121,1.6343
1981-09-03,0.2793066,1.5721
1981-09-04,0.2777746,1.4897
1981-09-05,0.2763288,1.4026
1981-09-06,0.2749651,1.3284
1981-09-07,0.2736626,1.2825
1981-09-08,0.2723866,1.2772
1981-09-09,0.2710914,1.3222
1981-09-10,0.2697232,1.4242
1981-09-11,0.2682232,1.5857
1981-09-12,0.2665346,1.7989
1981-09-13,0.2646162,2.0396
1981-09-14,0.2624596,2.2675
1981-09-15,0.2601009,2.4363
1981-09-16,0.2576186,2.5104
1981-09-17,0.2551147,2.4807
1981-09-18,0.2526846,2.3689
1981-09-19,0.2503899,2.2183
1981-09-20,0.2482445,2.0782
1981-09-21,0.2462167,1.9884
1981-09-22,0.2442442,1.9692
1981-09-23,0.2422552,2.0194
1981-09-24,0.2401886,2.1202
1981-09-25,0.2380076,2.2428
1981-09-26,0.2357062,2.3559
1981-09-27,0.2333073,2.4345
1981-09-28,0.2308535,2.4643
1981-09-29,0.2283959,2.4426
1981-09-30,0.2259836,2.3752
1981-10-01,0.2236567,2.2744
1981-10-02,0.2214404,2.1568
1981-10-03,0.2193426,2.0406
1981-10-04,0.2173522,1.9453
1981-10-05,0.2154394,1.8876
1981-10-06,0.2135611,1.8775
1981-10-07,0.2116664,1.9214
1981-10-08,0.2096990,2.0232
1981-10-09,0.2076010,2.1819
1981-10-10,0.2053203,2.3853
1981-10-11,0.2028253,2.6041
1981-10-12,0.2001219,2.7934
1981-10-13,0.1972647,2.9041
1981-10-14,0.1943507,2.9040
1981-10-15,0.1914929,2.7955
1981-10-16,0.1887834,2.6161
1981-10-17,0.1862652,2.4233
1981-10-18,0.1839228,2.2724
1981-10-19,0.1816955,2.1963
1981-10-20,0.1795035,2.2002
1981-10-21,0.1772743,2.2664
1981-10-22,0.1749598,2.3653
1981-10-23,0.1725434,2.4652
1981-10-24,0.1700374,2.5411
1981-10-25,0.1674746,2.5767
1981-10-26,0.1648997,2.5651
1981-10-27,0.1623594,2.5083
1981-10-28,0.1598955,2.4142
1981-10-29,0.1575393,2.2953
1981-10-30,0.1553075,2.1685
1981-10-31,0.1531987,2.0525
1981-11-01,0.1511928,1.9656
1981-11-02,0.1492531,1.9218
1981-11-03,0.1473323,1.9286
1981-11-04,0.1453780,1.9890
1981-11-05,0.1433366,2.1024
1981-11-06,0.1411574,2.2632
1981-11-07,0.1387998,2.4553
1981-11-08,0.1362468,2.6473
1981-11-09,0.1335205,2.7935
1981-11-10,0.1306898,2.8498
1981-11-11,0.1278584,2.7937
1981-11-12,0.1251355,2.6384
1981-11-13,0.1225986,2.4323
1981-11-14,0.1202668,2.2386
1981-11-15,0.1181004,2.1081
1981-11-16,0.1160223,2.0626
1981-11-17,0.1139505,2.0914
1981-11-18,0.1118252,2.1632
1981-11-19,0.1096218,2.2420
1981-11-20,0.1073481,2.3002
1981-11-21,0.1050334,2.3226
1981-11-22,0.1027164,2.3046
1981-11-23,0.1004375,2.2469
1981-11-24,0.0982337,2.1560
1981-11-25,0.0961332,2.0422
1981-11-26,0.0941523,1.9195
1981-11-27,0.0922918,1.8042
1981-11-28,0.0905357,1.7136
1981-11-29,0.0888511,1.6635
1981-11-30,0.0871918,1.6643
1981-12-01,0.0855043,1.7199
1981-12-02,0.0837345,1.8279
1981-12-03,0.0818334,1.9811
1981-12-04,0.0797612,2.1676
1981-12-05,0.0774939,2.3669
1981-12-06,0.0750336,2.5477
1981-12-07,0.0724176,2.6712
1981-12-08,0.0697211,2.7048
1981-12-09,0.0670413,2.6384
1981-12-10,0.0644701,2.4945
1981-12-11,0.0620603,2.3265
1981-12-12,0.0598052,2.1942
1981-12-13,0.0576465,2.1380
1981-12-14,0.0555017,2.1644
1981-12-15,0.0532986,2.2482
1981-12-16,0.0509998,2.3487
1981-12-17,0.0486079,2.4292
1981-12-18,0.0461555,2.4674
1981-12-19,0.0436892,2.4571
1981-12-20,0.0412561,2.4022
1981-12-21,0.0388965,2.3120
1981-12-22,0.0366400,2.1980
1981-12-23,0.0345044,2.0724
1981-12-24,0.0324942,1.9500
1981-12-25,0.0305981,1.8466
1981-12-26,0.0287895,1.7776
1981-12-27,0.0270275,1.7548
1981-12-28,0.0252621,1.7852
1981-12-29,0.0234396,1.8679
1981-12-30,0.0215121,1.9931
1981-12-31,0.0194441,2.1460
1982-01-01,0.0172174,2.3070
1982-01-02,0.0148352,2.4529
1982-01-03,0.0123255,2.5572
1982-01-04,0.0097435,2.5936
1982-01-05,0.0071659,2.5473
1982-01-06,0.0046742,2.4250
1982-01-07,0.0023299,2.2605
1982-01-08,0.0001498,2.1060
1982-01-09,-0.0019018,2.0104
1982-01-10,-0.0038991,1.9990
1982-01-11,-0.0059248,2.0627
1982-01-12,-0.0080372,2.1646
1982-01-13,-0.0102519,2.2602
1982-01-14,-0.0125440,2.3151
1982-01-15,-0.0148636,2.3145
1982-01-16,-0.0171553,2.2607
1982-01-17,-0.0193709,2.1648
1982-01-18,-0.0214756,2.0412
1982-01-19,-0.0234491,1.9050
1982-01-20,-0.0252864,1.7712
1982-01-21,-0.0269973,1.6548
1982-01-22,-0.0286065,1.5699
1982-01-23,-0.0301516,1.5285
1982-01-24,-0.0316810,1.5397
1982-01-25,-0.0332497,1.6069
1982-01-26,-0.0349115,1.7242
1982-01-27,-0.0367096,1.8760
1982-01-28,-0.0386668,2.0379
1982-01-29,-0.0407796,2.1826
1982-01-30,-0.0430177,2.2844
1982-01-31,-0.0453276,2.3238
1982-02-01,-0.0476418,2.2927
1982-02-02,-0.0498919,2.1981
1982-02-03,-0.0520251,2.0646
1982-02-04,-0.0540217,1.9327
1982-02-05,-0.0559059,1.8470
1982-02-06,-0.0577419,1.8398
1982-02-07,-0.0596135,1.9165
1982-02-08,-0.0615946,2.0524
1982-02-09,-0.0637236,2.2043
1982-02-10,-0.0659939,2.3285
1982-02-11,-0.0683618,2.3965
1982-02-12,-0.0707658,2.4012
1982-02-13,-0.0731459,2.3511
1982-02-14,-0.0754554,2.2631
1982-02-15,-0.0776655,2.1552
1982-02-16,-0.0797650,2.0451
1982-02-17,-0.0817608,1.9505
1982-02-18,-0.0836763,1.8869
1982-02-19,-0.0855492,1.8670
1982-02-20,-0.0874278,1.8994
1982-02-21,-0.0893667,1.9877
1982-02-22,-0.0914207,2.1285
1982-02-23,-0.0936370,2.3091
1982-02-24,-0.0960440,2.5050
1982-02-25,-0.0986412,2.6834
1982-02-26,-0.1013933,2.8095
1982-02-27,-0.1042338,2.8566
1982-02-28,-0.1070769,2.8148
1982-03-01,-0.1098376,2.6957
1982-03-02,-0.1124530,2.5307
1982-03-03,-0.1148974,2.3610
1982-03-04,-0.1171872,2.2280
1982-03-05,-0.1193761,2.1632
1982-03-06,-0.1215411,2.1807
1982-03-07,-0.1237611,2.2688
1982-03-08,-0.1260908,2.3933
1982-03-09,-0.1285454,2.5110
1982-03-10,-0.1310981,2.5847
1982-03-11,-0.1336935,2.5947
1982-03-12,-0.1362662,2.5409
1982-03-13,-0.1387587,2.4373
1982-03-14,-0.1411307,2.3035
1982-03-15,-0.1433630,2.1616
1982-03-16,-0.1454582,2.0326
1982-03-17,-0.1474387,1.9350
1982-03-18,-0.1493436,1.8834
1982-03-19,-0.1512237,1.8862
1982-03-20,-0.1531353,1.9467
1982-03-21,-0.1551361,2.0642
1982-03-22,-0.1572808,2.2330
1982-03-23,-0.1596140,2.4376
1982-03-24,-0.1621584,2.6494
1982-03-25,-0.1649019,2.8285
1982-03-26,-0.1677915,2.9358
1982-03-27,-0.1707415,2.9472
1982-03-28,-0.1736550,2.8659
1982-03-29,-0.1764527,2.7226
1982-03-30,-0.1790950,2.5635
1982-03-31,-0.1815903,2.4362
1982-04-01,-0.1839897,2.3759
1982-04-02,-0.1863689,2.3962
1982-04-03,-0.1888058,2.4877
1982-04-04,-0.1913588,2.6227
1982-04-05,-0.1940531,2.7635
1982-04-06,-0.1968752,2.8727
1982-04-07,-0.1997791,2.9239
1982-04-08,-0.2027005,2.9076
1982-04-09,-0.2055739,2.8300
1982-04-10,-0.2083455,2.7075
1982-04-11,-0.2109809,2.5611
1982-04-12,-0.2134670,2.4125
1982-04-13,-0.2158123,2.2830
1982-04-14,-0.2180457,2.1916
1982-04-15,-0.2202126,2.1517
1982-04-16,-0.2223681,2.1690
1982-04-17,-0.2245697,2.2438
1982-04-18,-0.2268738,2.3729
1982-04-19,-0.2293305,2.5471
1982-04-20,-0.2319768,2.7479
1982-04-21,-0.2348241,2.9422
1982-04-22,-0.2378448,3.0872
1982-04-23,-0.2409687,3.1428
1982-04-24,-0.2440945,3.0906
1982-04-25,-0.2471189,2.9455
1982-04-26,-0.2499699,2.7536
1982-04-27,-0.2526301,2.5738
1982-04-28,-0.2551382,2.4560
1982-04-29,-0.2575703,2.4229
1982-04-30,-0.2600099,2.4676
1982-05-01,-0.2625221,2.5621
1982-05-02,-0.2651383,2.6692
1982-05-03,-0.2678529,2.7536
1982-05-04,-0.2706294,2.7896
1982-05-05,-0.2734116,2.7641
1982-05-06,-0.2761374,2.6779
1982-05-07,-0.2787506,2.5412
1982-05-08,-0.2812091,2.3723
1982-05-09,-0.2834916,2.1926
1982-05-10,-0.2855978,2.0233
1982-05-11,-0.2875484,1.8845
1982-05-12,-0.2893827,1.7935
1982-05-13,-0.2911547,1.7605
1982-05-14,-0.2929234,1.7867
1982-05-15,-0.2947468,1.8690
1982-05-16,-0.2966775,1.9997
1982-05-17,-0.2987583,2.1666
1982-05-18,-0.3010159,2.3489
1982-05-19,-0.3034504,2.5139
1982-05-20,-0.3060244,2.6209
1982-05-21,-0.3086614,2.6356
1982-05-22,-0.3112621,2.5500
1982-05-23,-0.3137372,2.3920
1982-05-24,-0.3160402,2.2164
1982-05-25,-0.3181844,2.0839
1982-05-26,-0.3202362,2.0358
1982-05-27,-0.3222861,2.0779
1982-05-28,-0.3244133,2.1839
1982-05-29,-0.3266607,2.3105
1982-05-30,-0.3290274,2.4165
1982-05-31,-0.3314775,2.4739
1982-06-01,-0.3339552,2.4714
1982-06-02,-0.3364009,2.4107
1982-06-03,-0.3387603,2.3011
1982-06-04,-0.3409918,2.1576
1982-06-05,-0.3430701,1.9977
1982-06-06,-0.3449881,1.8403
1982-06-07,-0.3467581,1.7049
1982-06-08,-0.3484110,1.6087
1982-06-09,-0.3499924,1.5633
1982-06-10,-0.3515560,1.5731
1982-06-11,-0.3531558,1.6346
1982-06-12,-0.3548392,1.7382
1982-06-13,-0.3566418,1.8708
1982-06-14,-0.3585851,2.0165
1982-06-15,-0.3606721,2.1541
1982-06-16,-0.3628807,2.2541
1982-06-17,-0.3651570,2.2844
1982-06-18,-0.3674218,2.2317
1982-06-19,-0.3695967,2.1078
1982-06-20,-0.3716219,1.9373
1982-06-21,-0.3734702,1.7634
1982-06-22,-0.3751668,1.6437
1982-06-23,-0.3767885,1.6167
1982-06-24,-0.3784291,1.6763
1982-06-25,-0.3801559,1.7802
1982-06-26,-0.3819872,1.8771
1982-06-27,-0.3838948,1.9280
1982-06-28,-0.3858222,1.9160
1982-06-29,-0.3877067,1.8438
1982-06-30,-0.3894945,1.7257
1982-07-01,0.6088515,1.5789
1982-07-02,0.6073515,1.4206
1982-07-03,0.6060085,1.2676
1982-07-04,0.6048090,1.1363
1982-07-05,0.6037236,1.0419
1982-07-06,0.6027089,0.9966
1982-07-07,0.6017119,1.0069
1982-07-08,0.6006769,1.0717
1982-07-09,0.5995535,1.1814
1982-07-10,0.5983043,1.3204
1982-07-11,0.5969092,1.4699
1982-07-12,0.5953676,1.6101
1982-07-13,0.5936992,1.7196
1982-07-14,0.5919461,1.7759
1982-07-15,0.5901712,1.7606
1982-07-16,0.5884504,1.6687
1982-07-17,0.5868530,1.5193
1982-07-18,0.5854160,1.3573
1982-07-19,0.5841239,1.2389
1982-07-20,0.5829089,1.2083
1982-07-21,0.5816746,1.2756
1982-07-22,0.5803349,1.4112
1982-07-23,0.5788473,1.5614
1982-07-24,0.5772252,1.6723
1982-07-25,0.5755268,1.7107
1982-07-26,0.5738299,1.6706
1982-07-27,0.5722068,1.5670
1982-07-28,0.5707089,1.4244
1982-07-29,0.5693632,1.2662
1982-07-30,0.5681748,1.1129
1982-07-31,0.5671299,0.9819
1982-08-01,0.5661988,0.8876
1982-08-02,0.5653387,0.8415
1982-08-03,0.5644976,0.8502
1982-08-04,0.5636194,0.9158
1982-08-05,0.5626487,1.0333
1982-08-06,0.5615404,1.1881
1982-08-07,0.5602669,1.3598
1982-08-08,0.5588232,1.5241
1982-08-09,0.5572292,1.6567
1982-08-10,0.5555270,1.7378
1982-08-11,0.5537746,1.7559
1982-08-12,0.5520367,1.7094
1982-08-13,0.5503727,1.6122
1982-08-14,0.5488185,1.4965
1982-08-15,0.5473707,1.4078
1982-08-16,0.5459791,1.3905
1982-08-17,0.5445579,1.4687
1982-08-18,0.5430131,1.6326
1982-08-19,0.5412787,1.8386
1982-08-20,0.5393408,2.0298
1982-08-21,0.5372407,2.1563
1982-08-22,0.5350577,2.1943
1982-08-23,0.5328798,2.1491
1982-08-24,0.5307793,2.0446
1982-08-25,0.5288002,1.9112
1982-08-26,0.5269575,1.7758
1982-08-27,0.5252420,1.6601
1982-08-28,0.5236252,1.5808
1982-08-29,0.5220644,1.5496
1982-08-30,0.5205077,1.5733
1982-08-31,0.5188991,1.6532
1982-09-01,0.5171840,1.7851
1982-09-02,0.5153154,1.9577
1982-09-03,0.5132613,2.1523
1982-09-04,0.5110124,2.3423
1982-09-05,0.5085886,2.4967
1982-09-06,0.5060400,2.5881
1982-09-07,0.5034385,2.6014
1982-09-08,0.5008627,2.5383
1982-09-09,0.4983814,2.4166
1982-09-10,0.4960381,2.2691
1982-09-11,0.4938382,2.1365
1982-09-12,0.4917474,2.0570
1982-09-13,0.4896977,2.0570
1982-09-14,0.4876067,2.1373
1982-09-15,0.4854026,2.2792
1982-09-16,0.4830409,2.4432
1982-09-17,0.4805269,2.5749
1982-09-18,0.4779157,2.6327
1982-09-19,0.4752903,2.6039
1982-09-20,0.4727328,2.5002
1982-09-21,0.4703058,2.3486
1982-09-22,0.4680406,2.1819
1982-09-23,0.4659380,2.0274
1982-09-24,0.4639747,1.9064
1982-09-25,0.4621090,1.8340
1982-09-26,0.4602881,1.8174
1982-09-27,0.4584548,1.8588
1982-09-28,0.4565524,1.9544
1982-09-29,0.4545311,2.0948
1982-09-30,0.4523526,2.2659
1982-10-01,0.4499964,2.4459
1982-10-02,0.4474676,2.6055
1982-10-03,0.4448034,2.7110
1982-10-04,0.4420726,2.7356
1982-10-05,0.4393619,2.6711
1982-10-06,0.4367550,2.5329
1982-10-07,0.4343079,2.3593
1982-10-08,0.4320322,2.1985
1982-10-09,0.4298920,2.0946
1982-10-10,0.4278149,2.0750
1982-10-11,0.4257127,2.1434
1982-10-12,0.4235055,2.2795
1982-10-13,0.4211443,2.4438
1982-10-14,0.4186240,2.5896
1982-10-15,0.4159852,2.6749
1982-10-16,0.4133022,2.6761
1982-10-17,0.4106613,2.5925
1982-10-18,0.4081392,2.4429
1982-10-19,0.4057877,2.2568
1982-10-20,0.4036267,2.0675
1982-10-21,0.4016441,1.9040
1982-10-22,0.3998034,1.7863
1982-10-23,0.3980519,1.7273
1982-10-24,0.3963275,1.7322
1982-10-25,0.3945673,1.7978
1982-10-26,0.3927147,1.9150
1982-10-27,0.3907243,2.0711
1982-10-28,0.3885650,2.2498
1982-10-29,0.3862246,2.4289
1982-10-30,0.3837172,2.5780
1982-10-31,0.3810899,2.6631
1982-11-01,0.3784208,2.6590
1982-11-02,0.3758020,2.5648
1982-11-03,0.3733113,2.4102
1982-11-04,0.3709844,2.2472
1982-11-05,0.3688011,2.1316
1982-11-06,0.3666925,2.1021
1982-11-07,0.3645653,2.1674
1982-11-08,0.3623329,2.3073
1982-11-09,0.3599387,2.4834
1982-11-10,0.3573693,2.6501
1982-11-11,0.3546546,2.7686
1982-11-12,0.3518560,2.8154
1982-11-13,0.3490498,2.7843
1982-11-14,0.3463100,2.6856
1982-11-15,0.3436937,2.5416
1982-11-16,0.3412326,2.3800
1982-11-17,0.3389307,2.2272
1982-11-18,0.3367679,2.1052
1982-11-19,0.3347043,2.0312
1982-11-20,0.3326864,2.0145
1982-11-21,0.3306559,2.0560
1982-11-22,0.3285572,2.1492
1982-11-23,0.3263445,2.2816
1982-11-24,0.3239858,2.4386
1982-11-25,0.3214646,2.6035
1982-11-26,0.3187832,2.7550
1982-11-27,0.3159685,2.8648
1982-11-28,0.3130776,2.9026
1982-11-29,0.3101936,2.8495
1982-11-30,0.3074063,2.7133
1982-12-01,0.3047811,2.5347
1982-12-02,0.3023308,2.3745
1982-12-03,0.3000071,2.2891
1982-12-04,0.2977185,2.3058
1982-12-05,0.2953651,2.4138
1982-12-06,0.2928746,2.5707
1982-12-07,0.2902250,2.7237
1982-12-08,0.2874426,2.8304
1982-12-09,0.2845876,2.8670
1982-12-10,0.2817327,2.8312
1982-12-11,0.2789457,2.7341
1982-12-12,0.2762783,2.5958
1982-12-13,0.2737600,2.4397
1982-12-14,0.2713973,2.2885
1982-12-15,0.2691743,2.1633
1982-12-16,0.2670564,2.0808
1982-12-17,0.2649953,2.0503
1982-12-18,0.2629377,2.0739
1982-12-19,0.2608307,2.1478
1982-12-20,0.2586284,2.2626
1982-12-21,0.2562967,2.4037
1982-12-22,0.2538178,2.5542
1982-12-23,0.2511908,2.6970
1982-12-24,0.2484329,2.8123
1982-12-25,0.2455832,2.8765
1982-12-26,0.2427042,2.8677
1982-12-27,0.2398746,2.7784
1982-12-28,0.2371677,2.6283
1982-12-29,0.2346222,2.4658
1982-12-30,0.2322199,2.3521
1982-12-31,0.2298861,2.3342
1983-01-01,0.2275162,2.4222
1983-01-02,0.2250174,2.5833
1983-01-03,0.2223447,2.7593
1983-01-04,0.2195132,2.8923
1983-01-05,0.2165864,2.9466
1983-01-06,0.2136481,2.9167
1983-01-07,0.2107756,2.8191
1983-01-08,0.2080235,2.6808
1983-01-09,0.2054182,2.5300
1983-01-10,0.2029598,2.3904
1983-01-11,0.2006275,2.2806
1983-01-12,0.1983841,2.2144
1983-01-13,0.1961809,2.2017
1983-01-14,0.1939612,2.2477
1983-01-15,0.1916668,2.3498
1983-01-16,0.1892461,2.4983
1983-01-17,0.1866602,2.6769
1983-01-18,0.1838891,2.8653
1983-01-19,0.1809333,3.0428
1983-01-20,0.1778134,3.1905
1983-01-21,0.1745679,3.2912
1983-01-22,0.1712518,3.3294
1983-01-23,0.1679328,3.2964
1983-01-24,0.1646808,3.1981
1983-01-25,0.1615482,3.0650
1983-01-26,0.1585450,2.9494
1983-01-27,0.1556253,2.9060
1983-01-28,0.1526985,2.9659
1983-01-29,0.1496624,3.1189
1983-01-30,0.1464464,3.3147
1983-01-31,0.1430413,3.4854
1983-02-01,0.1395029,3.5740
1983-02-02,0.1359290,3.5555
1983-02-03,0.1324243,3.4396
1983-02-04,0.1290716,3.2581
1983-02-05,0.1259177,3.0479
1983-02-06,0.1229750,2.8403
1983-02-07,0.1202285,2.6586
1983-02-08,0.1176439,2.5185
1983-02-09,0.1151739,2.4312
1983-02-10,0.1127618,2.4031
1983-02-11,0.1103476,2.4352
1983-02-12,0.1078737,2.5205
1983-02-13,0.1052937,2.6444
1983-02-14,0.1025785,2.7873
1983-02-15,0.0997205,2.9259
1983-02-16,0.0967356,3.0380
1983-02-17,0.0936592,3.1062
1983-02-18,0.0905413,3.1201
1983-02-19,0.0874380,3.0771
1983-02-20,0.0844038,2.9842
1983-02-21,0.0814787,2.8641
1983-02-22,0.0786717,2.7557
1983-02-23,0.0759478,2.7058
1983-02-24,0.0732289,2.7493
1983-02-25,0.0704155,2.8937
1983-02-26,0.0674177,3.1096
1983-02-27,0.0641933,3.3346
1983-02-28,0.0607686,3.4993
1983-03-01,0.0572310,3.5550
1983-03-02,0.0536983,3.4915
1983-03-03,0.0502796,3.3331
1983-03-04,0.0470495,3.1223
1983-03-05,0.0440379,2.9026
1983-03-06,0.0412361,2.7075
1983-03-07,0.0386074,2.5590
1983-03-08,0.0360988,2.4686
1983-03-09,0.0336493,2.4409
1983-03-10,0.0311964,2.4749
1983-03-11,0.0286811,2.5639
1983-03-12,0.0260544,2.6953
1983-03-13,0.0232825,2.8507
1983-03-14,0.0203530,3.0062
1983-03-15,0.0172785,3.1364
1983-03-16,0.0140966,3.2173
1983-03-17,0.0108659,3.2322
1983-03-18,0.0076555,3.1773
1983-03-19,0.0045306,3.0645
1983-03-20,0.0015371,2.9199
1983-03-21,-0.0013109,2.7804
1983-03-22,-0.0040393,2.6878
1983-03-23,-0.0067144,2.6790
1983-03-24,-0.0094311,2.7718
1983-03-25,-0.0122879,2.9544
1983-03-26,-0.0153552,3.1830
1983-03-27,-0.0186478,3.3933
1983-03-28,-0.0221153,3.5242
1983-03-29,-0.0256580,3.5406
1983-03-30,-0.0291587,3.4436
1983-03-31,-0.0325178,3.2644
1983-04-01,-0.0356749,3.0476
1983-04-02,-0.0386148,2.8363
1983-04-03,-0.0413595,2.6610
1983-04-04,-0.0439548,2.5396
1983-04-05,-0.0464595,2.4804
1983-04-06,-0.0489363,2.4833
1983-04-07,-0.0514449,2.5427
1983-04-08,-0.0540366,2.6468
1983-04-09,-0.0567483,2.7802
1983-04-10,-0.0596006,2.9244
1983-04-11,-0.0625928,3.0558
1983-04-12,-0.0656991,3.1480
1983-04-13,-0.0688677,3.1769
1983-04-14,-0.0720272,3.1286
1983-04-15,-0.0751004,3.0068
1983-04-16,-0.0780245,2.8363
1983-04-17,-0.0807706,2.6588
1983-04-18,-0.0833549,2.5198
1983-04-19,-0.0858353,2.4561
1983-04-20,-0.0882984,2.4864
1983-04-21,-0.0908370,2.6036
1983-04-22,-0.0935240,2.7760
1983-04-23,-0.0963907,2.9534
1983-04-24,-0.0994141,3.0807
1983-04-25,-0.1025219,3.1176
1983-04-26,-0.1056141,3.0490
1983-04-27,-0.1085892,2.8883
1983-04-28,-0.1113719,2.6713
1983-04-29,-0.1139272,2.4407
1983-04-30,-0.1162615,2.2348
1983-05-01,-0.1184139,2.0802
1983-05-02,-0.1204438,1.9913
1983-05-03,-0.1224196,1.9719
1983-05-04,-0.1244092,2.0175
1983-05-05,-0.1264725,2.1170
1983-05-06,-0.1286562,2.2555
1983-05-07,-0.1309902,2.4139
1983-05-08,-0.1334833,2.5701
1983-05-09,-0.1361219,2.7008
1983-05-10,-0.1388681,2.7811
1983-05-11,-0.1416598,2.7885
1983-05-12,-0.1444174,2.7130
1983-05-13,-0.1470626,2.5681
1983-05-14,-0.1495435,2.3930
1983-05-15,-0.1518561,2.2404
1983-05-16,-0.1540477,2.1580
1983-05-17,-0.1562041,2.1718
1983-05-18,-0.1584216,2.2767
1983-05-19,-0.1607772,2.4409
1983-05-20,-0.1633072,2.6166
1983-05-21,-0.1659979,2.7549
1983-05-22,-0.1687922,2.8187
1983-05-23,-0.1716045,2.7901
1983-05-24,-0.1743432,2.6738
1983-05-25,-0.1769304,2.4924
1983-05-26,-0.1793179,2.2809
1983-05-27,-0.1814945,2.0764
1983-05-28,-0.1834831,1.9090
1983-05-29,-0.1853312,1.7978
1983-05-30,-0.1871007,1.7525
1983-05-31,-0.1888580,1.7725
1983-06-01,-0.1906645,1.8488
1983-06-02,-0.1925689,1.9651
1983-06-03,-0.1946017,2.1024
1983-06-04,-0.1967747,2.2425
1983-06-05,-0.1990816,2.3671
1983-06-06,-0.2014974,2.4570
1983-06-07,-0.2039770,2.4910
1983-06-08,-0.2064550,2.4516
1983-06-09,-0.2088550,2.3364
1983-06-10,-0.2111105,2.1692
1983-06-11,-0.2131924,1.9990
1983-06-12,-0.2151267,1.8834
1983-06-13,-0.2169918,1.8654
1983-06-14,-0.2188927,1.9529
1983-06-15,-0.2209224,2.1150
1983-06-16,-0.2231291,2.2965
1983-06-17,-0.2255023,2.4386
1983-06-18,-0.2279791,2.4989
1983-06-19,-0.2304674,2.4610
1983-06-20,-0.2328710,2.3326
1983-06-21,-0.2351104,2.1374
1983-06-22,-0.2371338,1.9062
1983-06-23,-0.2389222,1.6731
1983-06-24,-0.2404892,1.4677
1983-06-25,-0.2418739,1.3111
1983-06-26,-0.2431316,1.2151
1983-06-27,-0.2443256,1.1837
1983-06-28,-0.2455186,1.2111
1983-06-29,-0.2467632,1.2846
1983-06-30,-0.2480974,1.3870
1983-07-01,0.7504601,1.4976
1983-07-02,0.7489115,1.5959
1983-07-03,0.7472782,1.6646
1983-07-04,0.7455971,1.6889
1983-07-05,0.7439198,1.6549
1983-07-06,0.7423097,1.5538
1983-07-07,0.7408313,1.3956
1983-07-08,0.7395256,1.2163
1983-07-09,0.7383876,1.0705
1983-07-10,0.7373551,1.0134
1983-07-11,0.7363211,1.0754
1983-07-12,0.7351691,1.2431
1983-07-13,0.7338170,1.4644
1983-07-14,0.7322452,1.6708
1983-07-15,0.7304995,1.8047
1983-07-16,0.7286694,1.8376
1983-07-17,0.7268571,1.7720
1983-07-18,0.7251489,1.6360
1983-07-19,0.7235954,1.4691
1983-07-20,0.7222106,1.3025
1983-07-21,0.7209826,1.1592
1983-07-22,0.7198788,1.0562
1983-07-23,0.7188526,1.0061
1983-07-24,0.7178470,1.0150
1983-07-25,0.7168039,1.0801
1983-07-26,0.7156714,1.1915
1983-07-27,0.7144113,1.3317
1983-07-28,0.7130053,1.4799
1983-07-29,0.7114550,1.6175
1983-07-30,0.7097792,1.7284
1983-07-31,0.7080116,1.7990
1983-08-01,0.7061985,1.8178
1983-08-02,0.7043952,1.7790
1983-08-03,0.7026587,1.6856
1983-08-04,0.7010361,1.5559
1983-08-05,0.6995459,1.4293
1983-08-06,0.6981587,1.3592
1983-08-07,0.6967933,1.3916
1983-08-08,0.6953371,1.5391
1983-08-09,0.6936880,1.7679
1983-08-10,0.6917972,2.0091
1983-08-11,0.6896908,2.1874
1983-08-12,0.6874608,2.2505
1983-08-13,0.6852322,2.1865
1983-08-14,0.6831210,2.0231
1983-08-15,0.6812028,1.8094
1983-08-16,0.6795028,1.5940
1983-08-17,0.6780038,1.4115
1983-08-18,0.6766624,1.2811
1983-08-19,0.6754213,1.2117
1983-08-20,0.6742180,1.2052
1983-08-21,0.6729913,1.2576
1983-08-22,0.6716863,1.3596
1983-08-23,0.6702610,1.4951
1983-08-24,0.6686917,1.6439
1983-08-25,0.6669759,1.7845
1983-08-26,0.6651322,1.8965
1983-08-27,0.6631980,1.9632
1983-08-28,0.6612246,1.9736
1983-08-29,0.6592703,1.9256
1983-08-30,0.6573905,1.8263
1983-08-31,0.6556291,1.6927
1983-09-01,0.6540063,1.5556
1983-09-02,0.6525049,1.4575
1983-09-03,0.6510632,1.4436
1983-09-04,0.6495800,1.5427
1983-09-05,0.6479430,1.7462
1983-09-06,0.6460696,2.0036
1983-09-07,0.6439426,2.2405
1983-09-08,0.6416186,2.3873
1983-09-09,0.6392122,2.4015
1983-09-10,0.6368585,2.2871
1983-09-11,0.6346673,2.0848
1983-09-12,0.6326998,1.8499
1983-09-13,0.6309608,1.6350
1983-09-14,0.6294124,1.4724
1983-09-15,0.6279940,1.3758
1983-09-16,0.6266384,1.3463
1983-09-17,0.6252807,1.3790
1983-09-18,0.6238623,1.4662
1983-09-19,0.6223348,1.5940
1983-09-20,0.6206672,1.7432
1983-09-21,0.6188483,1.8929
1983-09-22,0.6168886,2.0212
1983-09-23,0.6148200,2.1074
1983-09-24,0.6126926,2.1373
1983-09-25,0.6105654,2.1073
1983-09-26,0.6084951,2.0260
1983-09-27,0.6065239,1.9133
1983-09-28,0.6046690,1.7990
1983-09-29,0.6029143,1.7195
1983-09-30,0.6012065,1.7106
1983-10-01,0.5994608,1.7987
1983-10-02,0.5975750,1.9893
1983-10-03,0.5954578,2.2533
1983-10-04,0.5930642,2.5298
1983-10-05,0.5904186,2.7449
1983-10-06,0.5876153,2.8371
1983-10-07,0.5847934,2.7822
1983-10-08,0.5820926,2.6020
1983-10-09,0.5796131,2.3506
1983-10-10,0.5773946,2.0897
1983-10-11,0.5754209,1.8674
1983-10-12,0.5736376,1.7118
1983-10-13,0.5719722,1.6317
1983-10-14,0.5703506,1.6225
1983-10-15,0.5687067,1.6748
1983-10-16,0.5669849,1.7755
1983-10-17,0.5651460,1.9054
1983-10-18,0.5631707,2.0454
1983-10-19,0.5610581,2.1768
1983-10-20,0.5588267,2.2796
1983-10-21,0.5565148,2.3347
1983-10-22,0.5541771,2.3303
1983-10-23,0.5518736,2.2677
1983-10-24,0.5496557,2.1631
1983-10-25,0.5475509,2.0480
1983-10-26,0.5455492,1.9644
1983-10-27,0.5435992,1.9493
1983-10-28,0.5416204,2.0246
1983-10-29,0.5395172,2.1983
1983-10-30,0.5371975,2.4511
1983-10-31,0.5346047,2.7350
1983-11-01,0.5317372,2.9898
1983-11-02,0.5286549,3.1551
1983-11-03,0.5254704,3.1903
1983-11-04,0.5223186,3.0925
1983-11-05,0.5193194,2.8928
1983-11-06,0.5165493,2.6443
1983-11-07,0.5140290,2.4013
1983-11-08,0.5117311,2.2049
1983-11-09,0.5095951,2.0806
1983-11-10,0.5075441,2.0338
1983-11-11,0.5055044,2.0562
1983-11-12,0.5034134,2.1334
1983-11-13,0.5012261,2.2452
1983-11-14,0.4989183,2.3712
1983-11-15,0.4964856,2.4915
1983-11-16,0.4939437,2.5867
1983-11-17,0.4913271,2.6373
1983-11-18,0.4886891,2.6279
1983-11-19,0.4860939,2.5508
1983-11-20,0.4836084,2.4109
1983-11-21,0.4812844,2.2340
1983-11-22,0.4791380,2.0642
1983-11-23,0.4771374,1.9501
1983-11-24,0.4752071,1.9281
1983-11-25,0.4732469,2.0089
1983-11-26,0.4711618,2.1723
1983-11-27,0.4688893,2.3749
1983-11-28,0.4664169,2.5628
1983-11-29,0.4637860,2.6839
1983-11-30,0.4610830,2.7034
1983-12-01,0.4584156,2.6136
1983-12-02,0.4558864,2.4319
1983-12-03,0.4535700,2.1956
1983-12-04,0.4514976,1.9520
1983-12-05,0.4496539,1.7448
1983-12-06,0.4479860,1.6036
1983-12-07,0.4464213,1.5387
1983-12-08,0.4448837,1.5484
1983-12-09,0.4433035,1.6211
1983-12-10,0.4416268,1.7379
1983-12-11,0.4398205,1.8764
1983-12-12,0.4378741,2.0145
1983-12-13,0.4357983,2.1320
1983-12-14,0.4336221,2.2133
1983-12-15,0.4313877,2.2466
1983-12-16,0.4291483,2.2219
1983-12-17,0.4269650,2.1340
1983-12-18,0.4248974,1.9946
1983-12-19,0.4229814,1.8382
1983-12-20,0.4212099,1.7151
1983-12-21,0.4195234,1.6754
1983-12-22,0.4178229,1.7443
1983-12-23,0.4160021,1.9115
1983-12-24,0.4139816,2.1338
1983-12-25,0.4117373,2.3478
1983-12-26,0.4093081,2.4954
1983-12-27,0.4067800,2.5423
1983-12-28,0.4042590,2.4825
1983-12-29,0.4018441,2.3352
1983-12-30,0.3996064,2.1345
1983-12-31,0.3975795,1.9204
1984-01-01,0.3957582,1.7283
1984-01-02,0.3941071,1.5837
1984-01-03,0.3925702,1.5009
1984-01-04,0.3910842,1.4813
1984-01-05,0.3895893,1.5168
1984-01-06,0.3880369,1.5936
1984-01-07,0.3863944,1.6935
1984-01-08,0.3846493,1.7951
1984-01-09,0.3828108,1.8770
1984-01-10,0.3809067,1.9246
1984-01-11,0.3789766,1.9273
1984-01-12,0.3770702,1.8757
1984-01-13,0.3752434,1.7694
1984-01-14,0.3735466,1.6176
1984-01-15,0.3720162,1.4419
1984-01-16,0.3706567,1.2844
1984-01-17,0.3694237,1.1979
1984-01-18,0.3682231,1.2247
1984-01-19,0.3669347,1.3704
1984-01-20,0.3654554,1.5968
1984-01-21,0.3637371,1.8351
1984-01-22,0.3618062,2.0104
1984-01-23,0.3597547,2.0706
1984-01-24,0.3577070,2.0048
1984-01-25,0.3557785,1.8388
1984-01-26,0.3540485,1.6153
1984-01-27,0.3525517,1.3803
1984-01-28,0.3512783,1.1742
1984-01-29,0.3501851,1.0227
1984-01-30,0.3492107,0.9377
1984-01-31,0.3482856,0.9250
1984-02-01,0.3473375,0.9820
1984-02-02,0.3463029,1.0953
1984-02-03,0.3451347,1.2453
1984-02-04,0.3438073,1.4102
1984-02-05,0.3423177,1.5649
1984-02-06,0.3406896,1.6832
1984-02-07,0.3389685,1.7498
1984-02-08,0.3372082,1.7617
1984-02-09,0.3354641,1.7168
1984-02-10,0.3337909,1.6232
1984-02-11,0.3322269,1.5020
1984-02-12,0.3307868,1.3809
1984-02-13,0.3294511,1.3017
1984-02-14,0.3281535,1.3121
1984-02-15,0.3267865,1.4436
1984-02-16,0.3252288,1.6876
1984-02-17,0.3233925,1.9881
1984-02-18,0.3212624,2.2593
1984-02-19,0.3189109,2.4195
1984-02-20,0.3164745,2.4263
1984-02-21,0.3141078,2.2845
1984-02-22,0.3119404,2.0379
1984-02-23,0.3100456,1.7504
1984-02-24,0.3084352,1.4762
1984-02-25,0.3070736,1.2607
1984-02-26,0.3058842,1.1341
1984-02-27,0.3047733,1.1038
1984-02-28,0.3036466,1.1634
1984-02-29,0.3024211,1.2990
1984-03-01,0.3010335,1.4798
1984-03-02,0.2994587,1.6690
1984-03-03,0.2977010,1.8418
1984-03-04,0.2957867,1.9797
1984-03-05,0.2937584,2.0672
1984-03-06,0.2916714,2.0974
1984-03-07,0.2895828,2.0701
1984-03-08,0.2875494,1.9882
1984-03-09,0.2856198,1.8659
1984-03-10,0.2838229,1.7276
1984-03-11,0.2821564,1.6138
1984-03-12,0.2805711,1.5726
1984-03-13,0.2789747,1.6410
1984-03-14,0.2772484,1.8313
1984-03-15,0.2752812,2.1141
1984-03-16,0.2730125,2.4200
1984-03-17,0.2704625,2.6621
1984-03-18,0.2677332,2.7697
1984-03-19,0.2649764,2.7176
1984-03-20,0.2623416,2.5348
1984-03-21,0.2599304,2.2812
1984-03-22,0.2577817,2.0200
1984-03-23,0.2558761,1.8017
1984-03-24,0.2541553,1.6523
1984-03-25,0.2525470,1.5763
1984-03-26,0.2509782,1.5736
1984-03-27,0.2493771,1.6388
1984-03-28,0.2476848,1.7515
1984-03-29,0.2458675,1.8841
1984-03-30,0.2439182,2.0119
1984-03-31,0.2418529,2.1122
1984-04-01,0.2397096,2.1650
1984-04-02,0.2375427,2.1583
1984-04-03,0.2354138,2.0893
1984-04-04,0.2333819,1.9670
1984-04-05,0.2314908,1.8116
1984-04-06,0.2297600,1.6522
1984-04-07,0.2281758,1.5245
1984-04-08,0.2266885,1.4644
1984-04-09,0.2252140,1.5032
1984-04-10,0.2236441,1.6559
1984-04-11,0.2218677,1.9121
1984-04-12,0.2198005,2.2264
1984-04-13,0.2174211,2.5220
1984-04-14,0.2147900,2.7172
1984-04-15,0.2120386,2.7567
1984-04-16,0.2093306,2.6343
1984-04-17,0.2068083,2.3968
1984-04-18,0.2045502,2.1195
1984-04-19,0.2025581,1.8759
1984-04-20,0.2007738,1.7062
1984-04-21,0.1991176,1.6208
1984-04-22,0.1975056,1.6153
1984-04-23,0.1958665,1.6712
1984-04-24,0.1941500,1.7665
1984-04-25,0.1923267,1.8820
1984-04-26,0.1903852,1.9998
1984-04-27,0.1883326,2.1009
1984-04-28,0.1861949,2.1673
1984-04-29,0.1840142,2.1851
1984-04-30,0.1818451,2.1417
1984-05-01,0.1797522,2.0341
1984-05-02,0.1777936,1.8765
1984-05-03,0.1760074,1.6944
1984-05-04,0.1744012,1.5232
1984-05-05,0.1729440,1.4031
1984-05-06,0.1715659,1.3701
1984-05-07,0.1701682,1.4437
1984-05-08,0.1686447,1.6187
1984-05-09,0.1669073,1.8643
1984-05-10,0.1649122,2.1218
1984-05-11,0.1626841,2.3181
1984-05-12,0.1603162,2.3936
1984-05-13,0.1579464,2.3205
1984-05-14,0.1557197,2.1138
1984-05-15,0.1537447,1.8293
1984-05-16,0.1520625,1.5404
1984-05-17,0.1506448,1.3086
1984-05-18,0.1494152,1.1669
1984-05-19,0.1482799,1.1185
1984-05-20,0.1471519,1.1489
1984-05-21,0.1459637,1.2344
1984-05-22,0.1446738,1.3479
1984-05-23,0.1432668,1.4648
1984-05-24,0.1417508,1.5620
1984-05-25,0.1401545,1.6240
1984-05-26,0.1385176,1.6417
1984-05-27,0.1368879,1.6089
1984-05-28,0.1353168,1.5249
1984-05-29,0.1338526,1.3973
1984-05-30,0.1325325,1.2389
1984-05-31,0.1313760,1.0769
1984-06-01,0.1303658,0.9537
1984-06-02,0.1294432,0.9068
1984-06-03,0.1285205,0.9552
1984-06-04,0.1275022,1.0956
1984-06-05,0.1263082,1.2994
1984-06-06,0.1248990,1.5165
1984-06-07,0.1232903,1.6885
1984-06-08,0.1215544,1.7633
1984-06-09,0.1198048,1.7147
1984-06-10,0.1181633,1.5513
1984-06-11,0.1167280,1.3106
1984-06-12,0.1155489,1.0494
1984-06-13,0.1146165,0.8261
1984-06-14,0.1138714,0.6787
1984-06-15,0.1132296,0.6200
1984-06-16,0.1126038,0.6442
1984-06-17,0.1119198,0.7325
1984-06-18,0.1111256,0.8605
1984-06-19,0.1101944,1.0018
1984-06-20,0.1091254,1.1329
1984-06-21,0.1079382,1.2352
1984-06-22,0.1066690,1.2953
1984-06-23,0.1053636,1.3073
1984-06-24,0.1040729,1.2639
1984-06-25,0.1028558,1.1605
1984-06-26,0.1017684,1.0074
1984-06-27,0.1008493,0.8293
1984-06-28,0.1001049,0.6659
1984-06-29,0.0994975,0.5626
1984-06-30,0.0989482,0.5538
1984-07-01,0.0983560,0.6466
1984-07-02,0.0976307,0.8123
1984-07-03,0.0967263,0.9932
1984-07-04,0.0956576,1.1340
1984-07-05,0.0944846,1.1958
1984-07-06,0.0933000,1.1557
1984-07-07,0.0922050,1.0201
1984-07-08,0.0912813,0.8198
1984-07-09,0.0905740,0.5937
1984-07-10,0.0900881,0.3849
1984-07-11,0.0897854,0.2324
1984-07-12,0.0895977,0.1566
1984-07-13,0.0894462,0.1588
1984-07-14,0.0892569,0.2305
1984-07-15,0.0889679,0.3542
1984-07-16,0.0885400,0.5035
1984-07-17,0.0879610,0.6525
1984-07-18,0.0872415,0.7820
1984-07-19,0.0864095,0.8739
1984-07-20,0.0855113,0.9131
1984-07-21,0.0846016,0.8974
1984-07-22,0.0837331,0.8318
1984-07-23,0.0829500,0.7302
1984-07-24,0.0822783,0.6118
1984-07-25,0.0817233,0.5029
1984-07-26,0.0812556,0.4448
1984-07-27,0.0808025,0.4802
1984-07-28,0.0802564,0.6321
1984-07-29,0.0795038,0.8874
1984-07-30,0.0784655,1.1908
1984-07-31,0.0771344,1.4575
1984-08-01,0.0755878,1.6124
1984-08-02,0.0739594,1.6181
1984-08-03,0.0723995,1.4801
1984-08-04,0.0710330,1.2407
1984-08-05,0.0699322,0.9591
1984-08-06,0.0691069,0.7011
1984-08-07,0.0685041,0.5207
1984-08-08,0.0680327,0.4388
1984-08-09,0.0675941,0.4541
1984-08-10,0.0670961,0.5545
1984-08-11,0.0664639,0.7186
1984-08-12,0.0656464,0.9204
1984-08-13,0.0646221,1.1252
1984-08-14,0.0634058,1.3005
1984-08-15,0.0620372,1.4273
1984-08-16,0.0605719,1.4919
1984-08-17,0.0590760,1.4889
1984-08-18,0.0576148,1.4240
1984-08-19,0.0562448,1.3088
1984-08-20,0.0550085,1.1596
1984-08-21,0.0539296,0.9985
1984-08-22,0.0530050,0.8571
1984-08-23,0.0521899,0.7923
1984-08-24,0.0513765,0.8593
1984-08-25,0.0504239,1.0687
1984-08-26,0.0492045,1.3821
1984-08-27,0.0476506,1.7228
1984-08-28,0.0457809,1.9976
1984-08-29,0.0437022,2.1321
1984-08-30,0.0415708,2.1042
1984-08-31,0.0395373,1.9456
1984-09-01,0.0377058,1.7082
1984-09-02,0.0361291,1.4460
1984-09-03,0.0348056,1.2084
1984-09-04,0.0336891,1.0405
1984-09-05,0.0326946,0.9628
1984-09-06,0.0317380,0.9618
1984-09-07,0.0307500,1.0239
1984-09-08,0.0296741,1.1341
1984-09-09,0.0284734,1.2693
1984-09-10,0.0271351,1.4056
1984-09-11,0.0256687,1.5224
1984-09-12,0.0241046,1.5964
1984-09-13,0.0224955,1.6117
1984-09-14,0.0208997,1.5715
1984-09-15,0.0193671,1.4876
1984-09-16,0.0179335,1.3767
1984-09-17,0.0166165,1.2574
1984-09-18,0.0154137,1.1532
1984-09-19,0.0142939,1.0976
1984-09-20,0.0131906,1.1255
1984-09-21,0.0120066,1.2621
1984-09-22,0.0106287,1.5117
1984-09-23,0.0089587,1.8347
1984-09-24,0.0069624,2.1483
1984-09-25,0.0046949,2.3634
1984-09-26,0.0022872,2.4238
1984-09-27,-0.0000970,2.3173
1984-09-28,-0.0023051,2.0839
1984-09-29,-0.0042499,1.8059
1984-09-30,-0.0059279,1.5610
1984-10-01,-0.0073988,1.3967
1984-10-02,-0.0087535,1.3291
1984-10-03,-0.0100868,1.3510
1984-10-04,-0.0114774,1.4387
1984-10-05,-0.0129767,1.5639
1984-10-06,-0.0146090,1.7003
1984-10-07,-0.0163734,1.8249
1984-10-08,-0.0182483,1.9180
1984-10-09,-0.0201941,1.9653
1984-10-10,-0.0221614,1.9601
1984-10-11,-0.0240968,1.9026
1984-10-12,-0.0259501,1.7958
1984-10-13,-0.0276754,1.6501
1984-10-14,-0.0292454,1.4896
1984-10-15,-0.0306600,1.3454
1984-10-16,-0.0319526,1.2503
1984-10-17,-0.0331875,1.2358
1984-10-18,-0.0344605,1.3300
1984-10-19,-0.0358872,1.5431
1984-10-20,-0.0375788,1.8524
1984-10-21,-0.0396037,2.1968
1984-10-22,-0.0419531,2.4833
1984-10-23,-0.0445216,2.6237
1984-10-24,-0.0471394,2.5808
1984-10-25,-0.0496295,2.3767
1984-10-26,-0.0518618,2.0797
1984-10-27,-0.0537872,1.7775
1984-10-28,-0.0554395,1.5434
1984-10-29,-0.0569086,1.4133
1984-10-30,-0.0583007,1.3871
1984-10-31,-0.0597100,1.4424
1984-11-01,-0.0612023,1.5480
1984-11-02,-0.0628134,1.6756
1984-11-03,-0.0645525,1.8001
1984-11-04,-0.0664059,1.9014
1984-11-05,-0.0683428,1.9653
1984-11-06,-0.0703182,1.9745
1984-11-07,-0.0722694,1.9166
1984-11-08,-0.0741305,1.7959
1984-11-09,-0.0758451,1.6268
1984-11-10,-0.0773755,1.4320
1984-11-11,-0.0787138,1.2512
1984-11-12,-0.0798973,1.1284
1984-11-13,-0.0809999,1.0933
1984-11-14,-0.0821181,1.1609
1984-11-15,-0.0833560,1.3316
1984-11-16,-0.0848107,1.5906
1984-11-17,-0.0865525,1.8957
1984-11-18,-0.0885955,2.1812
1984-11-19,-0.0908858,2.3796
1984-11-20,-0.0933085,2.4394
1984-11-21,-0.0957120,2.3413
1984-11-22,-0.0979486,2.1155
1984-11-23,-0.0999235,1.8310
1984-11-24,-0.1016168,1.5650
1984-11-25,-0.1030785,1.3740
1984-11-26,-0.1043996,1.2873
1984-11-27,-0.1056874,1.3034
1984-11-28,-0.1070300,1.3904
1984-11-29,-0.1084801,1.5133
1984-11-30,-0.1100592,1.6440
1984-12-01,-0.1117622,1.7568
1984-12-02,-0.1135605,1.8325
1984-12-03,-0.1154113,1.8604
1984-12-04,-0.1172637,1.8355
1984-12-05,-0.1190658,1.7613
1984-12-06,-0.1207718,1.6437
1984-12-07,-0.1223422,1.4930
1984-12-08,-0.1237556,1.3357
1984-12-09,-0.1250232,1.2070
1984-12-10,-0.1261900,1.1393
1984-12-11,-0.1273298,1.1556
1984-12-12,-0.1285315,1.2628
1984-12-13,-0.1298801,1.4441
1984-12-14,-0.1314314,1.6605
1984-12-15,-0.1331958,1.8609
1984-12-16,-0.1351298,1.9910
1984-12-17,-0.1371409,2.0102
1984-12-18,-0.1391081,1.9030
1984-12-19,-0.1409111,1.6882
1984-12-20,-0.1424658,1.4172
1984-12-21,-0.1437496,1.1583
1984-12-22,-0.1448064,0.9712
1984-12-23,-0.1457265,0.8874
1984-12-24,-0.1466187,0.9160
1984-12-25,-0.1475905,1.0406
1984-12-26,-0.1487180,1.2194
1984-12-27,-0.1500341,1.4127
1984-12-28,-0.1515390,1.5929
1984-12-29,-0.1532078,1.7369
1984-12-30,-0.1549960,1.8304
1984-12-31,-0.1568485,1.8637
1985-01-01,-0.1587024,1.8340
1985-01-02,-0.1604985,1.7502
1985-01-03,-0.1621898,1.6274
1985-01-04,-0.1637475,1.4872
1985-01-05,-0.1651692,1.3620
1985-01-06,-0.1664894,1.2905
1985-01-07,-0.1677786,1.3043
1985-01-08,-0.1691310,1.4173
1985-01-09,-0.1706416,1.6156
1985-01-10,-0.1723776,1.8601
1985-01-11,-0.1743582,2.0938
1985-01-12,-0.1765408,2.2544
1985-01-13,-0.1788282,2.2987
1985-01-14,-0.1810959,2.2163
1985-01-15,-0.1832243,2.0245
1985-01-16,-0.1851221,1.7642
1985-01-17,-0.1867494,1.4940
1985-01-18,-0.1881254,1.2698
1985-01-19,-0.1893172,1.1303
1985-01-20,-0.1904198,1.0924
1985-01-21,-0.1915325,1.1461
1985-01-22,-0.1927319,1.2596
1985-01-23,-0.1940590,1.3951
1985-01-24,-0.1955181,1.5186
1985-01-25,-0.1970843,1.6063
1985-01-26,-0.1987141,1.6442
1985-01-27,-0.2003543,1.6268
1985-01-28,-0.2019500,1.5561
1985-01-29,-0.2034525,1.4432
1985-01-30,-0.2048253,1.2969
1985-01-31,-0.2060393,1.1296
1985-02-01,-0.2070864,0.9678
1985-02-02,-0.2079876,0.8439
1985-02-03,-0.2087992,0.7949
1985-02-04,-0.2096142,0.8562
1985-02-05,-0.2105515,1.0370
1985-02-06,-0.2117173,1.3049
1985-02-07,-0.2131689,1.5955
1985-02-08,-0.2148902,1.8319
1985-02-09,-0.2167934,1.9503
1985-02-10,-0.2187426,1.9239
1985-02-11,-0.2206003,1.7748
1985-02-12,-0.2222693,1.5570
1985-02-13,-0.2237131,1.3356
1985-02-14,-0.2249583,1.1676
1985-02-15,-0.2260776,1.0873
1985-02-16,-0.2271657,1.1053
1985-02-17,-0.2283172,1.2104
1985-02-18,-0.2296066,1.3758
1985-02-19,-0.2310769,1.5656
1985-02-20,-0.2327332,1.7415
1985-02-21,-0.2345458,1.8750
1985-02-22,-0.2364631,1.9483
1985-02-23,-0.2384191,1.9518
1985-02-24,-0.2403446,1.8892
1985-02-25,-0.2421794,1.7725
1985-02-26,-0.2438770,1.6182
1985-02-27,-0.2454103,1.4474
1985-02-28,-0.2467737,1.2824
1985-03-01,-0.2479877,1.1554
1985-03-02,-0.2491099,1.1048
1985-03-03,-0.2502332,1.1621
1985-03-04,-0.2514761,1.3455
1985-03-05,-0.2529621,1.6427
1985-03-06,-0.2547844,2.0087
1985-03-07,-0.2569729,2.3551
1985-03-08,-0.2594551,2.5832
1985-03-09,-0.2620822,2.6402
1985-03-10,-0.2646794,2.5291
1985-03-11,-0.2671017,2.3020
1985-03-12,-0.2692698,2.0341
1985-03-13,-0.2711812,1.8001
1985-03-14,-0.2728985,1.6515
1985-03-15,-0.2745181,1.6045
1985-03-16,-0.2761381,1.6494
1985-03-17,-0.2778392,1.7612
1985-03-18,-0.2796716,1.9063
1985-03-19,-0.2816519,2.0518
1985-03-20,-0.2837655,2.1683
1985-03-21,-0.2859721,2.2358
1985-03-22,-0.2882180,2.2460
1985-03-23,-0.2904451,2.1990
1985-03-24,-0.2925996,2.1027
1985-03-25,-0.2946393,1.9729
1985-03-26,-0.2965388,1.8232
1985-03-27,-0.2982838,1.6677
1985-03-28,-0.2998803,1.5303
1985-03-29,-0.3013587,1.4357
1985-03-30,-0.3027741,1.4084
1985-03-31,-0.3042083,1.4793
1985-04-01,-0.3057699,1.6616
1985-04-02,-0.3075603,1.9304
1985-04-03,-0.3096395,2.2256
1985-04-04,-0.3119925,2.4636
1985-04-05,-0.3145206,2.5631
1985-04-06,-0.3170582,2.4811
1985-04-07,-0.3194308,2.2430
1985-04-08,-0.3215179,1.9261
1985-04-09,-0.3232883,1.6252
1985-04-10,-0.3247995,1.4177
1985-04-11,-0.3261666,1.3387
1985-04-12,-0.3275176,1.3817
1985-04-13,-0.3289597,1.5139
1985-04-14,-0.3305615,1.6946
1985-04-15,-0.3323518,1.8842
1985-04-16,-0.3343216,2.0489
1985-04-17,-0.3364336,2.1657
1985-04-18,-0.3386320,2.2197
1985-04-19,-0.3408504,2.2060
1985-04-20,-0.3430228,2.1286
1985-04-21,-0.3450892,1.9959
1985-04-22,-0.3470025,1.8268
1985-04-23,-0.3487397,1.6483
1985-04-24,-0.3503052,1.4881
1985-04-25,-0.3517320,1.3763
1985-04-26,-0.3530818,1.3367
1985-04-27,-0.3544347,1.3851
1985-04-28,-0.3558846,1.5313
1985-04-29,-0.3575265,1.7653
1985-04-30,-0.3594340,2.0558
1985-05-01,-0.3616360,2.3399
1985-05-02,-0.3640839,2.5341
1985-05-03,-0.3666535,2.5761
1985-05-04,-0.3691808,2.4522
1985-05-05,-0.3715135,2.1949
1985-05-06,-0.3735509,1.8783
1985-05-07,-0.3752815,1.5959
1985-05-08,-0.3767753,1.4114
1985-05-09,-0.3781449,1.3487
1985-05-10,-0.3795045,1.3814
1985-05-11,-0.3809268,1.4713
1985-05-12,-0.3824566,1.5898
1985-05-13,-0.3841048,1.7035
1985-05-14,-0.3858549,1.7909
1985-05-15,-0.3876707,1.8304
1985-05-16,-0.3894939,1.8043
1985-05-17,-0.3912588,1.7167
1985-05-18,-0.3929113,1.5811
1985-05-19,-0.3944104,1.4138
1985-05-20,-0.3957362,1.2384
1985-05-21,-0.3968926,1.0792
1985-05-22,-0.3979085,0.9618
1985-05-23,-0.3988384,0.9109
1985-05-24,-0.3997580,0.9431
1985-05-25,-0.4007565,1.0710
1985-05-26,-0.4019311,1.2922
1985-05-27,-0.4033630,1.5795
1985-05-28,-0.4050957,1.8834
1985-05-29,-0.4071132,2.1376
1985-05-30,-0.4093302,2.2698
1985-05-31,-0.4115962,2.2320
1985-06-01,-0.4137410,2.0344
1985-06-02,-0.4156320,1.7378
1985-06-03,-0.4172123,1.4282
1985-06-04,-0.4185133,1.1934
1985-06-05,-0.4196413,1.0854
1985-06-06,-0.4207246,1.0991
1985-06-07,-0.4218666,1.1943
1985-06-08,-0.4231233,1.3199
1985-06-09,-0.4245033,1.4362
1985-06-10,-0.4259840,1.5174
1985-06-11,-0.4275212,1.5478
1985-06-12,-0.4290608,1.5218
1985-06-13,-0.4305462,1.4401
1985-06-14,-0.4319251,1.3107
1985-06-15,-0.4331574,1.1507
1985-06-16,-0.4342243,0.9842
1985-06-17,-0.4351318,0.8359
1985-06-18,-0.4359130,0.7383
1985-06-19,-0.4366264,0.6946
1985-06-20,-0.4373143,0.6872
1985-06-21,-0.4380268,0.7579
1985-06-22,-0.4388666,0.9381
1985-06-23,-0.4399306,1.2010
1985-06-24,-0.4412745,1.4817
1985-06-25,-0.4428733,1.7003
1985-06-26,-0.4446372,1.8053
1985-06-27,-0.4464363,1.7674
1985-06-28,-0.4481239,1.5850
1985-06-29,-0.4495697,1.2928
1985-06-30,-0.4506950,0.9572
1985-07-01,0.5485038,0.6579
1985-07-02,0.5479567,0.4560
1985-07-03,0.5475517,0.3744
1985-07-04,0.5471715,0.4020
1985-07-05,0.5467238,0.5011
1985-07-06,0.5461623,0.6211
1985-07-07,0.5454889,0.7193
1985-07-08,0.5447398,0.7694
1985-07-09,0.5439675,0.7675
1985-07-10,0.5432201,0.7198
1985-07-11,0.5425412,0.6321
1985-07-12,0.5419664,0.5127
1985-07-13,0.5415204,0.3793
1985-07-14,0.5412047,0.2553
1985-07-15,0.5410011,0.1576
1985-07-16,0.5408741,0.1062
1985-07-17,0.5407652,0.1253
1985-07-18,0.5405949,0.2303
1985-07-19,0.5402746,0.4254
1985-07-20,0.5397209,0.6900
1985-07-21,0.5388898,0.9691
1985-07-22,0.5378020,1.1903
1985-07-23,0.5365473,1.2973
1985-07-24,0.5352523,1.2695
1985-07-25,0.5340505,1.1149
1985-07-26,0.5330528,0.8694
1985-07-27,0.5323222,0.5925
1985-07-28,0.5318552,0.3534
1985-07-29,0.5315821,0.2140
1985-07-30,0.5313851,0.2007
1985-07-31,0.5311439,0.2978
1985-08-01,0.5307648,0.4691
1985-08-02,0.5301969,0.6669
1985-08-03,0.5294384,0.8424
1985-08-04,0.5285317,0.9590
1985-08-05,0.5275450,1.0016
1985-08-06,0.5265533,0.9697
1985-08-07,0.5256277,0.8715
1985-08-08,0.5248259,0.7264
1985-08-09,0.5241828,0.5574
1985-08-10,0.5237117,0.3865
1985-08-11,0.5234032,0.2354
1985-08-12,0.5232225,0.1394
1985-08-13,0.5230958,0.1290
1985-08-14,0.5229319,0.2162
1985-08-15,0.5226284,0.4082
1985-08-16,0.5220862,0.6881
1985-08-17,0.5212385,1.0093
1985-08-18,0.5200779,1.2997
1985-08-19,0.5186741,1.4851
1985-08-20,0.5171573,1.5217
1985-08-21,0.5156806,1.4084
1985-08-22,0.5143765,1.1869
1985-08-23,0.5133225,0.9182
1985-08-24,0.5125351,0.6643
1985-08-25,0.5119700,0.4819
1985-08-26,0.5115321,0.4170
1985-08-27,0.5110924,0.4828
1985-08-28,0.5105346,0.6442
1985-08-29,0.5097895,0.8489
1985-08-30,0.5088366,1.0540
1985-08-31,0.5076929,1.2249
1985-09-01,0.5064060,1.3381
1985-09-02,0.5050416,1.3767
1985-09-03,0.5036798,1.3339
1985-09-04,0.5023956,1.2258
1985-09-05,0.5012414,1.0781
1985-09-06,0.5002459,0.9108
1985-09-07,0.4994173,0.7511
1985-09-08,0.4987303,0.6318
1985-09-09,0.4981323,0.5768
1985-09-10,0.4975475,0.6093
1985-09-11,0.4968790,0.7457
1985-09-12,0.4960204,0.9891
1985-09-13,0.4948742,1.3124
1985-09-14,0.4933905,1.6509
1985-09-15,0.4915952,1.9209
1985-09-16,0.4895964,2.0476
1985-09-17,0.4875584,1.9989
1985-09-18,0.4856490,1.7991
1985-09-19,0.4839873,1.5182
1985-09-20,0.4826109,1.2424
1985-09-21,0.4814778,1.0408
1985-09-22,0.4804895,0.9588
1985-09-23,0.4795176,1.0047
1985-09-24,0.4784473,1.1490
1985-09-25,0.4772010,1.3493
1985-09-26,0.4757446,1.5621
1985-09-27,0.4740863,1.7464
1985-09-28,0.4722721,1.8697
1985-09-29,0.4703729,1.9149
1985-09-30,0.4684689,1.8801
1985-10-01,0.4666357,1.7761
1985-10-02,0.4649305,1.6308
1985-10-03,0.4633780,1.4739
1985-10-04,0.4619783,1.3301
1985-10-05,0.4607050,1.2246
1985-10-06,0.4595111,1.1730
1985-10-07,0.4583344,1.1951
1985-10-08,0.4570897,1.3108
1985-10-09,0.4556811,1.5218
1985-10-10,0.4540203,1.8103
1985-10-11,0.4520493,2.1323
1985-10-12,0.4497670,2.4204
1985-10-13,0.4472462,2.5955
1985-10-14,0.4446337,2.5977
1985-10-15,0.4421096,2.4235
1985-10-16,0.4398265,2.1298
1985-10-17,0.4378582,1.8116
1985-10-18,0.4361807,1.5614
1985-10-19,0.4346926,1.4396
1985-10-20,0.4332550,1.4572
1985-10-21,0.4317426,1.5817
1985-10-22,0.4300719,1.7655
1985-10-23,0.4282081,1.9600
1985-10-24,0.4261608,2.1278
1985-10-25,0.4239694,2.2450
1985-10-26,0.4216922,2.2980
1985-10-27,0.4193983,2.2764
1985-10-28,0.4171647,2.1788
1985-10-29,0.4150614,2.0192
1985-10-30,0.4131396,1.8198
1985-10-31,0.4114242,1.6131
1985-11-01,0.4099043,1.4338
1985-11-02,0.4085396,1.3055
1985-11-03,0.4072712,1.2435
1985-11-04,0.4060266,1.2593
1985-11-05,0.4047250,1.3577
1985-11-06,0.4032825,1.5420
1985-11-07,0.4016172,1.7977
1985-11-08,0.3996793,2.0769
1985-11-09,0.3974790,2.3093
1985-11-10,0.3950995,2.4253
1985-11-11,0.3926824,2.3791
1985-11-12,0.3903947,2.1725
1985-11-13,0.3883684,1.8729
1985-11-14,0.3866464,1.5809
1985-11-15,0.3851739,1.3870
1985-11-16,0.3838234,1.3401
1985-11-17,0.3824478,1.4310
1985-11-18,0.3809319,1.6105
1985-11-19,0.3792178,1.8172
1985-11-20,0.3773048,2.0021
1985-11-21,0.3752355,2.1213
1985-11-22,0.3730954,2.1408
1985-11-23,0.3709805,2.0805
1985-11-24,0.3689505,1.9717
1985-11-25,0.3670495,1.8255
1985-11-26,0.3653072,1.6560
1985-11-27,0.3637393,1.4810
1985-11-28,0.3623383,1.3267
1985-11-29,0.3610709,1.2175
1985-11-30,0.3598815,1.1738
1985-12-01,0.3586977,1.2070
1985-12-02,0.3574421,1.3164
1985-12-03,0.3560418,1.4950
1985-12-04,0.3544335,1.7292
1985-12-05,0.3525745,1.9899
1985-12-06,0.3504624,2.2243
1985-12-07,0.3481569,2.3656
1985-12-08,0.3457790,2.3635
1985-12-09,0.3434813,2.2072
1985-12-10,0.3414028,1.9364
1985-12-11,0.3396208,1.6286
1985-12-12,0.3381291,1.3703
1985-12-13,0.3368413,1.2289
1985-12-14,0.3356254,1.2253
1985-12-15,0.3343543,1.3309
1985-12-16,0.3329457,1.4903
1985-12-17,0.3313753,1.6451
1985-12-18,0.3296716,1.7518
1985-12-19,0.3278943,1.7908
1985-12-20,0.3261116,1.7649
1985-12-21,0.3243840,1.6805
1985-12-22,0.3227687,1.5419
1985-12-23,0.3213131,1.3648
1985-12-24,0.3200444,1.1720
1985-12-25,0.3189663,0.9877
1985-12-26,0.3180578,0.8371
1985-12-27,0.3172731,0.7436
1985-12-28,0.3165460,0.7238
1985-12-29,0.3157992,0.7828
1985-12-30,0.3149569,0.9123
1985-12-31,0.3139556,1.0989
1986-01-01,0.3127488,1.3163
1986-01-02,0.3113274,1.5204
1986-01-03,0.3097276,1.6656
1986-01-04,0.3080284,1.7141
1986-01-05,0.3063385,1.6452
1986-01-06,0.3047745,1.4668
1986-01-07,0.3034249,1.2284
1986-01-08,0.3023108,1.0106
1986-01-09,0.3013713,0.8898
1986-01-10,0.3004860,0.9045
1986-01-11,0.2995195,1.0476
1986-01-12,0.2983631,1.2737
1986-01-13,0.2969669,1.5156
1986-01-14,0.2953462,1.7148
1986-01-15,0.2935662,1.8272
1986-01-16,0.2917281,1.8306
1986-01-17,0.2899339,1.7471
1986-01-18,0.2882517,1.6100
1986-01-19,0.2867252,1.4390
1986-01-20,0.2853748,1.2646
1986-01-21,0.2841888,1.1117
1986-01-22,0.2831394,0.9948
1986-01-23,0.2821802,0.9348
1986-01-24,0.2812455,0.9478
1986-01-25,0.2802567,1.0444
1986-01-26,0.2791292,1.2236
1986-01-27,0.2777884,1.4662
1986-01-28,0.2761882,1.7345
1986-01-29,0.2743264,1.9818
1986-01-30,0.2722484,2.1578
1986-01-31,0.2700491,2.2188
1986-02-01,0.2678540,2.1502
1986-02-02,0.2657865,1.9684
1986-02-03,0.2639402,1.7177
1986-02-04,0.2623517,1.4651
1986-02-05,0.2609880,1.2786
1986-02-06,0.2597569,1.2048
1986-02-07,0.2585362,1.2574
1986-02-08,0.2572082,1.4117
1986-02-09,0.2556970,1.6136
1986-02-10,0.2539859,1.8010
1986-02-11,0.2521160,1.9254
1986-02-12,0.2501631,1.9657
1986-02-13,0.2482124,1.9226
1986-02-14,0.2463422,1.8064
1986-02-15,0.2446187,1.6327
1986-02-16,0.2430887,1.4234
1986-02-17,0.2417748,1.2054
1986-02-18,0.2406717,1.0058
1986-02-19,0.2397458,0.8583
1986-02-20,0.2389280,0.7920
1986-02-21,0.2381308,0.8186
1986-02-22,0.2372596,0.9387
1986-02-23,0.2362265,1.1395
1986-02-24,0.2349627,1.3941
1986-02-25,0.2334362,1.6549
1986-02-26,0.2316716,1.8595
1986-02-27,0.2297533,1.9558
1986-02-28,0.2278028,1.9237
1986-03-01,0.2259465,1.7698
1986-03-02,0.2242917,1.5303
1986-03-03,0.2228908,1.2763
1986-03-04,0.2217202,1.0792
1986-03-05,0.2206991,0.9819
1986-03-06,0.2197162,1.0051
1986-03-07,0.2186525,1.1375
1986-03-08,0.2174198,1.3341
1986-03-09,0.2159823,1.5367
1986-03-10,0.2143628,1.6902
1986-03-11,0.2126321,1.7533
1986-03-12,0.2108925,1.7076
1986-03-13,0.2092503,1.5617
1986-03-14,0.2077933,1.3431
1986-03-15,0.2065707,1.1047
1986-03-16,0.2055769,0.8872
1986-03-17,0.2047848,0.7043
1986-03-18,0.2041497,0.5773
1986-03-19,0.2036051,0.5255
1986-03-20,0.2030694,0.5617
1986-03-21,0.2024476,0.7004
1986-03-22,0.2016333,0.9450
1986-03-23,0.2005292,1.2746
1986-03-24,0.1990719,1.6406
1986-03-25,0.1972580,1.9767
1986-03-26,0.1951541,2.2062
1986-03-27,0.1929030,2.2636
1986-03-28,0.1906872,2.1401
1986-03-29,0.1886672,1.8834
1986-03-30,0.1869378,1.5745
1986-03-31,0.1855035,1.3096
1986-04-01,0.1842814,1.1563
1986-04-02,0.1831467,1.1357
1986-04-03,0.1819681,1.2407
1986-04-04,0.1806353,1.4357
1986-04-05,0.1790861,1.6626
1986-04-06,0.1773201,1.8596
1986-04-07,0.1753909,1.9847
1986-04-08,0.1733811,2.0188
1986-04-09,0.1713846,1.9590
1986-04-10,0.1694872,1.8268
1986-04-11,0.1677442,1.6550
1986-04-12,0.1661804,1.4737
1986-04-13,0.1647902,1.3121
1986-04-14,0.1635413,1.1952
1986-04-15,0.1623801,1.1375
1986-04-16,0.1612452,1.1430
1986-04-17,0.1600723,1.2137
1986-04-18,0.1587962,1.3491
1986-04-19,0.1573557,1.5397
1986-04-20,0.1557019,1.7749
1986-04-21,0.1538015,2.0234
1986-04-22,0.1516723,2.2204
1986-04-23,0.1494010,2.2967
1986-04-24,0.1471320,2.2138
1986-04-25,0.1450208,1.9887
1986-04-26,0.1431791,1.6900
1986-04-27,0.1416339,1.4121
1986-04-28,0.1403200,1.2389
1986-04-29,0.1391068,1.2135
1986-04-30,0.1378475,1.3246
1986-05-01,0.1364290,1.5216
1986-05-02,0.1347961,1.7433
1986-05-03,0.1329516,1.9374
1986-05-04,0.1309427,2.0672
1986-05-05,0.1288453,2.1128
1986-05-06,0.1267458,2.0722
1986-05-07,0.1247264,1.9551
1986-05-08,0.1228541,1.7824
1986-05-09,0.1211703,1.5834
1986-05-10,0.1196884,1.3810
1986-05-11,0.1184023,1.1966
1986-05-12,0.1172812,1.0543
1986-05-13,0.1162741,0.9707
1986-05-14,0.1153183,0.9516
1986-05-15,0.1143529,0.9864
1986-05-16,0.1133222,1.0910
1986-05-17,0.1121424,1.2810
1986-05-18,0.1107449,1.5170
1986-05-19,0.1091144,1.7350
1986-05-20,0.1073034,1.8676
1986-05-21,0.1054253,1.8619
1986-05-22,0.1036311,1.7018
1986-05-23,0.1020607,1.4247
1986-05-24,0.1007935,1.1122
1986-05-25,0.0998149,0.8639
1986-05-26,0.0990217,0.7476
1986-05-27,0.0982724,0.7731
1986-05-28,0.0974415,0.9007
1986-05-29,0.0964606,1.0595
1986-05-30,0.0953312,1.1922
1986-05-31,0.0940954,1.2672
1986-06-01,0.0928222,1.2660
1986-06-02,0.0915886,1.1893
1986-06-03,0.0904643,1.0504
1986-06-04,0.0895028,0.8663
1986-06-05,0.0887405,0.6557
1986-06-06,0.0881923,0.4423
1986-06-07,0.0878477,0.2534
1986-06-08,0.0876685,0.1155
1986-06-09,0.0875946,0.0440
1986-06-10,0.0875566,0.0442
1986-06-11,0.0874811,0.1197
1986-06-12,0.0872937,0.2659
1986-06-13,0.0869304,0.4690
1986-06-14,0.0863451,0.7039
1986-06-15,0.0855227,0.9385
1986-06-16,0.0844807,1.1354
1986-06-17,0.0832817,1.2429
1986-06-18,0.0820359,1.2275
1986-06-19,0.0808705,1.0809
1986-06-20,0.0799042,0.8440
1986-06-21,0.0791816,0.6098
1986-06-22,0.0786557,0.4625
1986-06-23,0.0782125,0.4477
1986-06-24,0.0777163,0.5650
1986-06-25,0.0770549,0.7650
1986-06-26,0.0761849,0.9692
1986-06-27,0.0751358,1.1157
1986-06-28,0.0739825,1.1754
1986-06-29,0.0728159,1.1426
1986-06-30,0.0717222,1.0352
1986-07-01,0.0707614,0.8802
1986-07-02,0.0699709,0.6979
1986-07-03,0.0693670,0.5115
1986-07-04,0.0689412,0.3452
1986-07-05,0.0686625,0.2210
1986-07-06,0.0684785,0.1588
1986-07-07,0.0683187,0.1751
1986-07-08,0.0681008,0.2738
1986-07-09,0.0677496,0.4369
1986-07-10,0.0672144,0.6377
1986-07-11,0.0664710,0.8482
1986-07-12,0.0655274,1.0305
1986-07-13,0.0644334,1.1426
1986-07-14,0.0632724,1.1641
1986-07-15,0.0621389,1.0844
1986-07-16,0.0611374,0.9034
1986-07-17,0.0603540,0.6566
1986-07-18,0.0598251,0.4071
1986-07-19,0.0595136,0.2361
1986-07-20,0.0593065,0.2042
1986-07-21,0.0590548,0.3234
1986-07-22,0.0586225,0.5541
1986-07-23,0.0579349,0.8198
1986-07-24,0.0569992,1.0368
1986-07-25,0.0558980,1.1439
1986-07-26,0.0547533,1.1252
1986-07-27,0.0536835,0.9987
1986-07-28,0.0527776,0.8070
1986-07-29,0.0520778,0.5904
1986-07-30,0.0515974,0.3719
1986-07-31,0.0513261,0.1771
1986-08-01,0.0512260,0.0338
1986-08-02,0.0512339,-0.0358
1986-08-03,0.0512737,-0.0336
1986-08-04,0.0512729,0.0534
1986-08-05,0.0511340,0.2392
1986-08-06,0.0507705,0.4970
1986-08-07,0.0501277,0.7916
1986-08-08,0.0491930,1.0690
1986-08-09,0.0480159,1.2678
1986-08-10,0.0466961,1.3504
1986-08-11,0.0453587,1.3023
1986-08-12,0.0441308,1.1363
1986-08-13,0.0431124,0.8913
1986-08-14,0.0423556,0.6239
1986-08-15,0.0418480,0.4061
1986-08-16,0.0415055,0.3019
1986-08-17,0.0411966,0.3404
1986-08-18,0.0407812,0.5094
1986-08-19,0.0401517,0.7566
1986-08-20,0.0392677,1.0047
1986-08-21,0.0381660,1.1819
1986-08-22,0.0369417,1.2458
1986-08-23,0.0357128,1.1945
1986-08-24,0.0345818,1.0557
1986-08-25,0.0336178,0.8676
1986-08-26,0.0328505,0.6678
1986-08-27,0.0322762,0.4859
1986-08-28,0.0318657,0.3429
1986-08-29,0.0315723,0.2543
1986-08-30,0.0313351,0.2318
1986-08-31,0.0310858,0.2782
1986-09-01,0.0307577,0.3877
1986-09-02,0.0302882,0.5640
1986-09-03,0.0296094,0.8013
1986-09-04,0.0286777,1.0622
1986-09-05,0.0274936,1.2973
1986-09-06,0.0261070,1.4606
1986-09-07,0.0246089,1.5143
1986-09-08,0.0231196,1.4445
1986-09-09,0.0217530,1.2754
1986-09-10,0.0205860,1.0548
1986-09-11,0.0196405,0.8428
1986-09-12,0.0188731,0.7125
1986-09-13,0.0181707,0.7166
1986-09-14,0.0173944,0.8574
1986-09-15,0.0164212,1.1024
1986-09-16,0.0151742,1.3936
1986-09-17,0.0136440,1.6549
1986-09-18,0.0118957,1.8222
1986-09-19,0.0100397,1.8690
1986-09-20,0.0081958,1.8013
1986-09-21,0.0064660,1.6467
1986-09-22,0.0049175,1.4467
1986-09-23,0.0035730,1.2455
1986-09-24,0.0024156,1.0769
1986-09-25,0.0014001,0.9656
1986-09-26,0.0004592,0.9301
1986-09-27,-0.0004874,0.9767
1986-09-28,-0.0015203,1.1017
1986-09-29,-0.0027139,1.2960
1986-09-30,-0.0041289,1.5402
1986-10-01,-0.0058003,1.8024
1986-10-02,-0.0077263,2.0423
1986-10-03,-0.0098608,2.2100
1986-10-04,-0.0121055,2.2555
1986-10-05,-0.0143239,2.1574
1986-10-06,-0.0163802,1.9391
1986-10-07,-0.0181820,1.6606
1986-10-08,-0.0197064,1.3971
1986-10-09,-0.0210044,1.2184
1986-10-10,-0.0221855,1.1668
1986-10-11,-0.0233788,1.2377
1986-10-12,-0.0246927,1.4038
1986-10-13,-0.0262035,1.6210
1986-10-14,-0.0279313,1.8281
1986-10-15,-0.0298396,1.9749
1986-10-16,-0.0318521,2.0347
1986-10-17,-0.0338758,1.9948
1986-10-18,-0.0358129,1.8684
1986-10-19,-0.0375965,1.6936
1986-10-20,-0.0391958,1.5058
1986-10-21,-0.0406149,1.3383
1986-10-22,-0.0418875,1.2160
1986-10-23,-0.0430674,1.1551
1986-10-24,-0.0442210,1.1642
1986-10-25,-0.0454145,1.2293
1986-10-26,-0.0466908,1.3280
1986-10-27,-0.0480845,1.4688
1986-10-28,-0.0496441,1.6567
1986-10-29,-0.0514033,1.8608
1986-10-30,-0.0533552,2.0333
1986-10-31,-0.0554416,2.1210
1986-11-01,-0.0575531,2.0766
1986-11-02,-0.0595465,1.8875
1986-11-03,-0.0612940,1.5961
1986-11-04,-0.0627318,1.2839
1986-11-05,-0.0638844,1.0395
1986-11-06,-0.0648547,0.9268
1986-11-07,-0.0657888,0.9663
1986-11-08,-0.0668277,1.1268
1986-11-09,-0.0680639,1.3517
1986-11-10,-0.0695324,1.5804
1986-11-11,-0.0712069,1.7557
1986-11-12,-0.0730151,1.8448
1986-11-13,-0.0748640,1.8364
1986-11-14,-0.0766574,1.7364
1986-11-15,-0.0783136,1.5668
1986-11-16,-0.0797790,1.3612
1986-11-17,-0.0810361,1.1559
1986-11-18,-0.0821015,0.9828
1986-11-19,-0.0830210,0.8676
1986-11-20,-0.0838608,0.8247
1986-11-21,-0.0846963,0.8595
1986-11-22,-0.0856042,0.9675
1986-11-23,-0.0866508,1.1340
1986-11-24,-0.0878854,1.3399
1986-11-25,-0.0893359,1.5616
1986-11-26,-0.0910023,1.7646
1986-11-27,-0.0928436,1.9033
1986-11-28,-0.0947719,1.9311
1986-11-29,-0.0966592,1.8193
1986-11-30,-0.0983685,1.5817
1986-12-01,-0.0998030,1.2853
1986-12-02,-0.1009513,1.0254
1986-12-03,-0.1018935,0.8847
1986-12-04,-0.1027738,0.9033
1986-12-05,-0.1037469,1.0621
1986-12-06,-0.1049210,1.2898
1986-12-07,-0.1063235,1.5087
1986-12-08,-0.1079170,1.6636
1986-12-09,-0.1096183,1.7215
1986-12-10,-0.1113269,1.6803
1986-12-11,-0.1129513,1.5563
1986-12-12,-0.1144196,1.3724
1986-12-13,-0.1156850,1.1551
1986-12-14,-0.1167276,0.9313
1986-12-15,-0.1175559,0.7324
1986-12-16,-0.1182141,0.5987
1986-12-17,-0.1187843,0.5579
1986-12-18,-0.1193623,0.6144
1986-12-19,-0.1200421,0.7581
1986-12-20,-0.1209007,0.9686
1986-12-21,-0.1219906,1.2131
1986-12-22,-0.1233260,1.4551
1986-12-23,-0.1248903,1.6657
1986-12-24,-0.1266374,1.8163
1986-12-25,-0.1284950,1.8831
1986-12-26,-0.1303680,1.8432
1986-12-27,-0.1321440,1.6913
1986-12-28,-0.1337238,1.4592
1986-12-29,-0.1350576,1.2127
1986-12-30,-0.1361719,1.0343
1986-12-31,-0.1371719,0.9932
1987-01-01,-0.1382105,1.1088
1987-01-02,-0.1394269,1.3366
1987-01-03,-0.1408929,1.5921
1987-01-04,-0.1425920,1.7903
1987-01-05,-0.1444363,1.8770
1987-01-06,-0.1463044,1.8389
1987-01-07,-0.1480795,1.6970
1987-01-08,-0.1496760,1.4881
1987-01-09,-0.1510451,1.2476
1987-01-10,-0.1521722,1.0103
1987-01-11,-0.1530771,0.8072
1987-01-12,-0.1538053,0.6603
1987-01-13,-0.1544225,0.5879
1987-01-14,-0.1550095,0.6008
1987-01-15,-0.1556502,0.6919
1987-01-16,-0.1564149,0.8478
1987-01-17,-0.1573613,1.0503
1987-01-18,-0.1585208,1.2687
1987-01-19,-0.1598938,1.4722
1987-01-20,-0.1614490,1.6269
1987-01-21,-0.1631200,1.6987
1987-01-22,-0.1648127,1.6695
1987-01-23,-0.1664250,1.5384
1987-01-24,-0.1678617,1.3241
1987-01-25,-0.1690630,1.0794
1987-01-26,-0.1700355,0.8799
1987-01-27,-0.1708621,0.7984
1987-01-28,-0.1716852,0.8757
1987-01-29,-0.1726620,1.0986
1987-01-30,-0.1739095,1.4029
1987-01-31,-0.1754637,1.6949
1987-02-01,-0.1772676,1.8918
1987-02-02,-0.1792026,1.9545
1987-02-03,-0.1811346,1.8911
1987-02-04,-0.1829543,1.7363
1987-02-05,-0.1845907,1.5319
1987-02-06,-0.1860159,1.3208
1987-02-07,-0.1872412,1.1363
1987-02-08,-0.1883039,0.9981
1987-02-09,-0.1892573,0.9195
1987-02-10,-0.1901681,0.9163
1987-02-11,-0.1911175,0.9959
1987-02-12,-0.1921833,1.1458
1987-02-13,-0.1934247,1.3426
1987-02-14,-0.1948763,1.5630
1987-02-15,-0.1965486,1.7772
1987-02-16,-0.1984156,1.9460
1987-02-17,-0.2004144,2.0363
1987-02-18,-0.2024549,2.0269
1987-02-19,-0.2044354,1.9191
1987-02-20,-0.2062694,1.7400
1987-02-21,-0.2079068,1.5349
1987-02-22,-0.2093507,1.3644
1987-02-23,-0.2106682,1.2919
1987-02-24,-0.2119817,1.3611
1987-02-25,-0.2134399,1.5788
1987-02-26,-0.2151744,1.9017
1987-02-27,-0.2172510,2.2476
1987-02-28,-0.2196479,2.5284
1987-03-01,-0.2222620,2.6719
1987-03-02,-0.2249359,2.6481
1987-03-03,-0.2275097,2.4790
1987-03-04,-0.2298622,2.2149
1987-03-05,-0.2319251,1.9077
1987-03-06,-0.2336810,1.6109
1987-03-07,-0.2351653,1.3693
1987-03-08,-0.2364452,1.2044
1987-03-09,-0.2376034,1.1275
1987-03-10,-0.2387312,1.1437
1987-03-11,-0.2399209,1.2503
1987-03-12,-0.2412554,1.4278
1987-03-13,-0.2427898,1.6454
1987-03-14,-0.2445485,1.8700
1987-03-15,-0.2465190,2.0621
1987-03-16,-0.2486492,2.1838
1987-03-17,-0.2508542,2.2083
1987-03-18,-0.2530304,2.1266
1987-03-19,-0.2550779,1.9565
1987-03-20,-0.2569290,1.7431
1987-03-21,-0.2585674,1.5396
1987-03-22,-0.2600297,1.4006
1987-03-23,-0.2614050,1.3709
1987-03-24,-0.2628126,1.4646
1987-03-25,-0.2643678,1.6592
1987-03-26,-0.2661481,1.9052
1987-03-27,-0.2681724,2.1337
1987-03-28,-0.2703867,2.2758
1987-03-29,-0.2726823,2.2928
1987-03-30,-0.2749299,2.1827
1987-03-31,-0.2770162,1.9781
1987-04-01,-0.2788719,1.7308
1987-04-02,-0.2804804,1.4914
1987-04-03,-0.2818702,1.2985
1987-04-04,-0.2831008,1.1757
1987-04-05,-0.2842471,1.1293
1987-04-06,-0.2853842,1.1572
1987-04-07,-0.2865842,1.2532
1987-04-08,-0.2879088,1.4038
1987-04-09,-0.2894035,1.5894
1987-04-10,-0.2910912,1.7858
1987-04-11,-0.2929698,1.9663
1987-04-12,-0.2950066,2.0954
1987-04-13,-0.2971309,2.1356
1987-04-14,-0.2992408,2.0650
1987-04-15,-0.3012266,1.8917
1987-04-16,-0.3030008,1.6483
1987-04-17,-0.3045195,1.3937
1987-04-18,-0.3058088,1.2009
1987-04-19,-0.3069597,1.1232
1987-04-20,-0.3081004,1.1811
1987-04-21,-0.3093603,1.3542
1987-04-22,-0.3108288,1.5874
1987-04-23,-0.3125389,1.8322
1987-04-24,-0.3144828,2.0460
1987-04-25,-0.3165997,2.1662
1987-04-26,-0.3187708,2.1533
1987-04-27,-0.3208656,2.0183
1987-04-28,-0.3227795,1.7998
1987-04-29,-0.3244536,1.5467
1987-04-30,-0.3258783,1.3098
1987-05-01,-0.3270909,1.1261
1987-05-02,-0.3281539,1.0126
1987-05-03,-0.3291403,0.9718
1987-05-04,-0.3301188,0.9948
1987-05-05,-0.3311506,1.0799
1987-05-06,-0.3322962,1.2180
1987-05-07,-0.3335959,1.3842
1987-05-08,-0.3350698,1.5662
1987-05-09,-0.3367271,1.7448
1987-05-10,-0.3385405,1.8668
1987-05-11,-0.3404244,1.8800
1987-05-12,-0.3422580,1.7658
1987-05-13,-0.3439203,1.5445
1987-05-14,-0.3453306,1.2738
1987-05-15,-0.3464794,1.0374
1987-05-16,-0.3474435,0.9151
1987-05-17,-0.3483597,0.9431
1987-05-18,-0.3493744,1.1053
1987-05-19,-0.3505967,1.3465
1987-05-20,-0.3520703,1.5962
1987-05-21,-0.3537712,1.7922
1987-05-22,-0.3556234,1.8942
1987-05-23,-0.3575245,1.8907
1987-05-24,-0.3593754,1.7988
1987-05-25,-0.3610990,1.6377
1987-05-26,-0.3626348,1.4288
1987-05-27,-0.3639528,1.2087
1987-05-28,-0.3650600,1.0122
1987-05-29,-0.3659926,0.8619
1987-05-30,-0.3668065,0.7798
1987-05-31,-0.3675780,0.7751
1987-06-01,-0.3683777,0.8332
1987-06-02,-0.3692588,0.9344
1987-06-03,-0.3702526,1.0539
1987-06-04,-0.3713708,1.1861
1987-06-05,-0.3726286,1.3299
1987-06-06,-0.3740264,1.4612
1987-06-07,-0.3755337,1.5407
1987-06-08,-0.3770730,1.5158
1987-06-09,-0.3785244,1.3683
1987-06-10,-0.3797816,1.1367
1987-06-11,-0.3807935,0.8922
1987-06-12,-0.3815903,0.7205
1987-06-13,-0.3822791,0.6826
1987-06-14,-0.3830048,0.7926
1987-06-15,-0.3839004,1.0108
1987-06-16,-0.3850359,1.2576
1987-06-17,-0.3863981,1.4519
1987-06-18,-0.3879049,1.5417
1987-06-19,-0.3894426,1.5150
1987-06-20,-0.3908996,1.3826
1987-06-21,-0.3921822,1.1733
1987-06-22,-0.3932339,0.9271
1987-06-23,-0.3940360,0.6799
1987-06-24,-0.3946032,0.4613
1987-06-25,-0.3949750,0.2919
1987-06-26,-0.3952123,0.1984
1987-06-27,-0.3954025,0.1971
1987-06-28,-0.3956345,0.2798
1987-06-29,-0.3959826,0.4240
1987-06-30,-0.3964936,0.6014
1987-07-01,-0.3971877,0.7856
1987-07-02,-0.3980574,0.9474
1987-07-03,-0.3990660,1.0596
1987-07-04,-0.4001529,1.1007
1987-07-05,-0.4012378,1.0528
1987-07-06,-0.4022275,0.9117
1987-07-07,-0.4030377,0.7002
1987-07-08,-0.4036215,0.4697
1987-07-09,-0.4039925,0.2854
1987-07-10,-0.4042298,0.2134
1987-07-11,-0.4044705,0.2948
1987-07-12,-0.4048669,0.5186
1987-07-13,-0.4055332,0.8188
1987-07-14,-0.4064930,1.0846
1987-07-15,-0.4076606,1.2249
1987-07-16,-0.4088921,1.2130
1987-07-17,-0.4100431,1.0706
1987-07-18,-0.4110080,0.8523
1987-07-19,-0.4117376,0.6039
1987-07-20,-0.4122167,0.3584
1987-07-21,-0.4124667,0.1500
1987-07-22,-0.4125380,0.0054
1987-07-23,-0.4125039,-0.0602
1987-07-24,-0.4124448,-0.0442
1987-07-25,-0.4124401,0.0454
1987-07-26,-0.4125534,0.1882
1987-07-27,-0.4128271,0.3627
1987-07-28,-0.4132823,0.5476
1987-07-29,-0.4139161,0.7139
1987-07-30,-0.4146942,0.8326
1987-07-31,-0.4155590,0.8845
1987-08-01,-0.4164372,0.8583
1987-08-02,-0.4172506,0.7571
1987-08-03,-0.4179303,0.5928
1987-08-04,-0.4184242,0.3927
1987-08-05,-0.4187224,0.2128
1987-08-06,-0.4188798,0.1229
1987-08-07,-0.4190189,0.1852
1987-08-08,-0.4193021,0.4030
1987-08-09,-0.4198559,0.7136
1987-08-10,-0.4207305,1.0279
1987-08-11,-0.4218842,1.2599
1987-08-12,-0.4232046,1.3549
1987-08-13,-0.4245424,1.2953
1987-08-14,-0.4257538,1.1117
1987-08-15,-0.4267460,0.8687
1987-08-16,-0.4274927,0.6301
1987-08-17,-0.4280233,0.4429
1987-08-18,-0.4284028,0.3286
1987-08-19,-0.4287061,0.2909
1987-08-20,-0.4290106,0.3310
1987-08-21,-0.4293936,0.4476
1987-08-22,-0.4299291,0.6340
1987-08-23,-0.4306769,0.8664
1987-08-24,-0.4316628,1.1016
1987-08-25,-0.4328692,1.3043
1987-08-26,-0.4342537,1.4540
1987-08-27,-0.4357534,1.5322
1987-08-28,-0.4372917,1.5311
1987-08-29,-0.4387851,1.4384
1987-08-30,-0.4401396,1.2589
1987-08-31,-0.4412866,1.0306
1987-09-01,-0.4422020,0.8061
1987-09-02,-0.4429225,0.6527
1987-09-03,-0.4435509,0.6296
1987-09-04,-0.4442340,0.7633
1987-09-05,-0.4451240,1.0366
1987-09-06,-0.4463339,1.3900
1987-09-07,-0.4478957,1.7187
1987-09-08,-0.4497292,1.9213
1987-09-09,-0.4516813,1.9531
1987-09-10,-0.4535815,1.8233
1987-09-11,-0.4552923,1.5866
1987-09-12,-0.4567412,1.3093
1987-09-13,-0.4579157,1.0462
1987-09-14,-0.4588525,0.8397
1987-09-15,-0.4596229,0.7165
1987-09-16,-0.4603190,0.6937
1987-09-17,-0.4610445,0.7733
1987-09-18,-0.4618919,0.9316
1987-09-19,-0.4629249,1.1414
1987-09-20,-0.4641842,1.3796
1987-09-21,-0.4656859,1.6231
1987-09-22,-0.4674193,1.8331
1987-09-23,-0.4693262,1.9654
1987-09-24,-0.4713171,1.9989
1987-09-25,-0.4732897,1.9297
1987-09-26,-0.4751469,1.7717
1987-09-27,-0.4768124,1.5516
1987-09-28,-0.4782455,1.3176
1987-09-29,-0.4794643,1.1338
1987-09-30,-0.4805488,1.0572
1987-10-01,-0.4816271,1.1257
1987-10-02,-0.4828474,1.3358
1987-10-03,-0.4843299,1.6393
1987-10-04,-0.4861326,1.9624
1987-10-05,-0.4882336,2.2222
1987-10-06,-0.4905342,2.3536
1987-10-07,-0.4928867,2.3228
1987-10-08,-0.4951299,2.1424
1987-10-09,-0.4971413,1.8714
1987-10-10,-0.4988659,1.5800
1987-10-11,-0.5003134,1.3249
1987-10-12,-0.5015413,1.1467
1987-10-13,-0.5026389,1.0649
1987-10-14,-0.5037024,1.0770
1987-10-15,-0.5048198,1.1697
1987-10-16,-0.5060628,1.3253
1987-10-17,-0.5074828,1.5180
1987-10-18,-0.5090996,1.7132
1987-10-19,-0.5109007,1.8830
1987-10-20,-0.5128490,2.0031
1987-10-21,-0.5148832,2.0520
1987-10-22,-0.5169265,2.0215
1987-10-23,-0.5189004,1.9137
1987-10-24,-0.5207295,1.7328
1987-10-25,-0.5223526,1.5116
1987-10-26,-0.5237596,1.3111
1987-10-27,-0.5250048,1.2005
1987-10-28,-0.5262058,1.2255
1987-10-29,-0.5274997,1.3822
1987-10-30,-0.5290006,1.6301
1987-10-31,-0.5307692,1.9060
1987-11-01,-0.5327999,2.1439
1987-11-02,-0.5350249,2.2854
1987-11-03,-0.5373266,2.2946
1987-11-04,-0.5395710,2.1746
1987-11-05,-0.5416456,1.9640
1987-11-06,-0.5434840,1.7083
1987-11-07,-0.5450654,1.4620
1987-11-08,-0.5464298,1.2809
1987-11-09,-0.5476583,1.1930
1987-11-10,-0.5488479,1.2015
1987-11-11,-0.5500894,1.2942
1987-11-12,-0.5514568,1.4486
1987-11-13,-0.5529967,1.6335
1987-11-14,-0.5547231,1.8162
1987-11-15,-0.5566183,1.9666
1987-11-16,-0.5586416,2.0729
1987-11-17,-0.5607468,2.1271
1987-11-18,-0.5628720,2.1097
1987-11-19,-0.5649386,2.0093
1987-11-20,-0.5668659,1.8348
1987-11-21,-0.5685939,1.6173
1987-11-22,-0.5701038,1.4096
1987-11-23,-0.5714376,1.2753
1987-11-24,-0.5726937,1.2590
1987-11-25,-0.5739980,1.3698
1987-11-26,-0.5754680,1.5848
1987-11-27,-0.5771837,1.8481
1987-11-28,-0.5791552,2.0845
1987-11-29,-0.5813241,2.2349
1987-11-30,-0.5835847,2.2642
1987-12-01,-0.5858097,2.1652
1987-12-02,-0.5878816,1.9656
1987-12-03,-0.5897234,1.7133
1987-12-04,-0.5913070,1.4573
1987-12-05,-0.5926508,1.2396
1987-12-06,-0.5938102,1.0941
1987-12-07,-0.5948685,1.0373
1987-12-08,-0.5959118,1.0614
1987-12-09,-0.5970130,1.1506
1987-12-10,-0.5982298,1.2901
1987-12-11,-0.5996019,1.4557
1987-12-12,-0.6011407,1.6199
1987-12-13,-0.6028336,1.7599
1987-12-14,-0.6046452,1.8540
1987-12-15,-0.6065196,1.8823
1987-12-16,-0.6083840,1.8334
1987-12-17,-0.6101611,1.7085
1987-12-18,-0.6117822,1.5270
1987-12-19,-0.6132118,1.3355
1987-12-20,-0.6144719,1.2001
1987-12-21,-0.6156514,1.1827
1987-12-22,-0.6168848,1.3076
1987-12-23,-0.6183055,1.5493
1987-12-24,-0.6200012,1.8444
1987-12-25,-0.6219847,2.1105
1987-12-26,-0.6241884,2.2750
1987-12-27,-0.6264885,2.3010
1987-12-28,-0.6287460,2.1940
1987-12-29,-0.6308434,1.9879
1987-12-30,-0.6327042,1.7289
1987-12-31,-0.6343015,1.4706
1988-01-01,0.3643391,1.2587
1988-01-02,0.3631572,1.1186
1988-01-03,0.3620737,1.0630
1988-01-04,0.3610047,1.0870
1988-01-05,0.3598785,1.1746
1988-01-06,0.3586397,1.3098
1988-01-07,0.3572503,1.4710
1988-01-08,0.3556980,1.6313
1988-01-09,0.3539945,1.7713
1988-01-10,0.3521697,1.8684
1988-01-11,0.3502810,1.8956
1988-01-12,0.3484034,1.8480
1988-01-13,0.3466079,1.7318
1988-01-14,0.3449580,1.5609
1988-01-15,0.3434961,1.3601
1988-01-16,0.3422334,1.1726
1988-01-17,0.3411257,1.0606
1988-01-18,0.3400704,1.0739
1988-01-19,0.3389347,1.2168
1988-01-20,0.3376077,1.4469
1988-01-21,0.3360362,1.6909
1988-01-22,0.3342511,1.8592
1988-01-23,0.3323647,1.8869
1988-01-24,0.3305253,1.7705
1988-01-25,0.3288589,1.5484
1988-01-26,0.3274454,1.2755
1988-01-27,0.3263037,1.0153
1988-01-28,0.3253945,0.8162
1988-01-29,0.3246443,0.6982
1988-01-30,0.3239692,0.6669
1988-01-31,0.3232813,0.7231
1988-02-01,0.3224972,0.8567
1988-02-02,0.3215485,1.0484
1988-02-03,0.3203896,1.2726
1988-02-04,0.3190024,1.4995
1988-02-05,0.3173992,1.7007
1988-02-06,0.3156167,1.8548
1988-02-07,0.3137102,1.9470
1988-02-08,0.3117456,1.9705
1988-02-09,0.3097938,1.9201
1988-02-10,0.3079291,1.7985
1988-02-11,0.3062131,1.6281
1988-02-12,0.3046751,1.4510
1988-02-13,0.3032924,1.3298
1988-02-14,0.3019738,1.3335
1988-02-15,0.3005708,1.5010
1988-02-16,0.2989235,1.8134
1988-02-17,0.2969211,2.1945
1988-02-18,0.2945468,2.5386
1988-02-19,0.2918898,2.7449
1988-02-20,0.2891212,2.7585
1988-02-21,0.2864326,2.5926
1988-02-22,0.2839763,2.3059
1988-02-23,0.2818358,1.9741
1988-02-24,0.2800168,1.6762
1988-02-25,0.2784534,1.4683
1988-02-26,0.2770448,1.3668
1988-02-27,0.2756852,1.3693
1988-02-28,0.2742752,1.4650
1988-02-29,0.2727334,1.6262
1988-03-01,0.2710117,1.8207
1988-03-02,0.2690901,2.0207
1988-03-03,0.2669788,2.1950
1988-03-04,0.2647180,2.3156
1988-03-05,0.2623726,2.3613
1988-03-06,0.2600238,2.3216
1988-03-07,0.2577578,2.1965
1988-03-08,0.2556557,1.9967
1988-03-09,0.2537812,1.7463
1988-03-10,0.2521702,1.4744
1988-03-11,0.2508219,1.2339
1988-03-12,0.2496692,1.0930
1988-03-13,0.2485880,1.0957
1988-03-14,0.2474275,1.2492
1988-03-15,0.2460500,1.5214
1988-03-16,0.2443702,1.8370
1988-03-17,0.2423948,2.0961
1988-03-18,0.2402232,2.2196
1988-03-19,0.2380114,2.1755
1988-03-20,0.2359220,1.9818
1988-03-21,0.2340768,1.7009
1988-03-22,0.2325209,1.4177
1988-03-23,0.2312189,1.2020
1988-03-24,0.2300844,1.0837
1988-03-25,0.2290168,1.0693
1988-03-26,0.2279140,1.1503
1988-03-27,0.2266917,1.3049
1988-03-28,0.2252886,1.5065
1988-03-29,0.2236735,1.7238
1988-03-30,0.2218443,1.9314
1988-03-31,0.2198219,2.1055
1988-04-01,0.2176526,2.2217
1988-04-02,0.2154028,2.2649
1988-04-03,0.2131499,2.2268
1988-04-04,0.2109755,2.1099
1988-04-05,0.2089488,1.9370
1988-04-06,0.2071069,1.7478
1988-04-07,0.2054428,1.5897
1988-04-08,0.2039017,1.5090
1988-04-09,0.2023878,1.5394
1988-04-10,0.2007825,1.6909
1988-04-11,0.1989702,1.9497
1988-04-12,0.1968642,2.2652
1988-04-13,0.1944488,2.5536
1988-04-14,0.1917951,2.7278
1988-04-15,0.1890522,2.7249
1988-04-16,0.1864062,2.5391
1988-04-17,0.1840175,2.2227
1988-04-18,0.1819779,1.8551
1988-04-19,0.1802974,1.5171
1988-04-20,0.1789135,1.2698
1988-04-21,0.1777201,1.1358
1988-04-22,0.1766070,1.1066
1988-04-23,0.1754784,1.1630
1988-04-24,0.1742598,1.2832
1988-04-25,0.1728986,1.4437
1988-04-26,0.1713676,1.6185
1988-04-27,0.1696654,1.7819
1988-04-28,0.1678156,1.9099
1988-04-29,0.1658668,1.9742
1988-04-30,0.1638957,1.9529
1988-05-01,0.1619898,1.8453
1988-05-02,0.1602277,1.6698
1988-05-03,0.1586604,1.4637
1988-05-04,0.1572926,1.2808
1988-05-05,0.1560735,1.1737
1988-05-06,0.1549079,1.1786
1988-05-07,0.1536752,1.3070
1988-05-08,0.1522597,1.5380
1988-05-09,0.1505810,1.8235
1988-05-10,0.1486168,2.0966
1988-05-11,0.1464149,2.2882
1988-05-12,0.1440838,2.3494
1988-05-13,0.1417637,2.2678
1988-05-14,0.1395894,2.0625
1988-05-15,0.1376640,1.7813
1988-05-16,0.1360288,1.4942
1988-05-17,0.1346574,1.2617
1988-05-18,0.1334793,1.1076
1988-05-19,0.1324141,1.0378
1988-05-20,0.1313745,1.0554
1988-05-21,0.1302795,1.1443
1988-05-22,0.1290715,1.2764
1988-05-23,0.1277202,1.4281
1988-05-24,0.1262165,1.5763
1988-05-25,0.1245788,1.6911
1988-05-26,0.1228523,1.7521
1988-05-27,0.1210956,1.7502
1988-05-28,0.1193732,1.6843
1988-05-29,0.1177502,1.5488
1988-05-30,0.1162955,1.3535
1988-05-31,0.1150485,1.1422
1988-06-01,0.1139985,0.9687
1988-06-02,0.1130834,0.8781
1988-06-03,0.1122017,0.9091
1988-06-04,0.1112229,1.0669
1988-06-05,0.1100429,1.2998
1988-06-06,0.1086222,1.5361
1988-06-07,0.1069952,1.6988
1988-06-08,0.1052676,1.7325
1988-06-09,0.1035758,1.6293
1988-06-10,0.1020464,1.4138
1988-06-11,0.1007698,1.1335
1988-06-12,0.0997809,0.8486
1988-06-13,0.0990566,0.6115
1988-06-14,0.0985306,0.4562
1988-06-15,0.0981126,0.3958
1988-06-16,0.0977104,0.4214
1988-06-17,0.0972491,0.5092
1988-06-18,0.0966836,0.6222
1988-06-19,0.0960067,0.7293
1988-06-20,0.0952299,0.8219
1988-06-21,0.0943709,0.8907
1988-06-22,0.0934619,0.9194
1988-06-23,0.0925512,0.8907
1988-06-24,0.0917026,0.7955
1988-06-25,0.0909808,0.6385
1988-06-26,0.0904415,0.4338
1988-06-27,0.0901208,0.2064
1988-06-28,0.0900180,0.0110
1988-06-29,0.0900655,-0.0845
1988-06-30,0.0901400,-0.0391
1988-07-01,0.0900965,0.1477
1988-07-02,0.0898133,0.4284
1988-07-03,0.0892348,0.7239
1988-07-04,0.0883882,0.9514
1988-07-05,0.0873765,1.0454
1988-07-06,0.0863472,0.9901
1988-07-07,0.0854367,0.8136
1988-07-08,0.0847450,0.5619
1988-07-09,0.0843173,0.2968
1988-07-10,0.0841351,0.0804
1988-07-11,0.0841282,-0.0513
1988-07-12,0.0842057,-0.0872
1988-07-13,0.0842702,-0.0259
1988-07-14,0.0842317,0.1127
1988-07-15,0.0840321,0.2895
1988-07-16,0.0836510,0.4713
1988-07-17,0.0830968,0.6313
1988-07-18,0.0824008,0.7541
1988-07-19,0.0816045,0.8291
1988-07-20,0.0807624,0.8447
1988-07-21,0.0799349,0.8010
1988-07-22,0.0791762,0.7101
1988-07-23,0.0785285,0.5780
1988-07-24,0.0780301,0.4164
1988-07-25,0.0776942,0.2594
1988-07-26,0.0774927,0.1583
1988-07-27,0.0773393,0.1722
1988-07-28,0.0770997,0.3318
1988-07-29,0.0766355,0.6119
1988-07-30,0.0758623,0.9329
1988-07-31,0.0747922,1.1863
1988-08-01,0.0735370,1.2977
1988-08-02,0.0722505,1.2482
1988-08-03,0.0710878,1.0573
1988-08-04,0.0701627,0.7861
1988-08-05,0.0695180,0.5076
1988-08-06,0.0691308,0.2791
1988-08-07,0.0689399,0.1104
1988-08-08,0.0688849,0.0171
1988-08-09,0.0688718,0.0254
1988-08-10,0.0688053,0.1202
1988-08-11,0.0686103,0.2784
1988-08-12,0.0682377,0.4691
1988-08-13,0.0676731,0.6568
1988-08-14,0.0669348,0.8123
1988-08-15,0.0660663,0.9144
1988-08-16,0.0651271,0.9534
1988-08-17,0.0641818,0.9257
1988-08-18,0.0632978,0.8318
1988-08-19,0.0625359,0.6847
1988-08-20,0.0619383,0.5079
1988-08-21,0.0615202,0.3307
1988-08-22,0.0612633,0.1943
1988-08-23,0.0611001,0.1523
1988-08-24,0.0609137,0.2452
1988-08-25,0.0605631,0.4778
1988-08-26,0.0599264,0.8056
1988-08-27,0.0589488,1.1429
1988-08-28,0.0576714,1.3879
1988-08-29,0.0562298,1.4625
1988-08-30,0.0548094,1.3483
1988-08-31,0.0535782,1.0993
1988-09-01,0.0526264,0.8036
1988-09-02,0.0519614,0.5368
1988-09-03,0.0515249,0.3539
1988-09-04,0.0512189,0.2751
1988-09-05,0.0509438,0.2888
1988-09-06,0.0506166,0.3765
1988-09-07,0.0501735,0.5162
1988-09-08,0.0495759,0.6809
1988-09-09,0.0488117,0.8455
1988-09-10,0.0478926,0.9870
1988-09-11,0.0468522,1.0852
1988-09-12,0.0457403,1.1293
1988-09-13,0.0446119,1.1184
1988-09-14,0.0435205,1.0564
1988-09-15,0.0425126,0.9537
1988-09-16,0.0416208,0.8277
1988-09-17,0.0408569,0.7025
1988-09-18,0.0402052,0.6092
1988-09-19,0.0396149,0.5867
1988-09-20,0.0389966,0.6697
1988-09-21,0.0382336,0.8783
1988-09-22,0.0372042,1.1943
1988-09-23,0.0358299,1.5556
1988-09-24,0.0341065,1.8766
1988-09-25,0.0321194,2.0697
1988-09-26,0.0300301,2.0737
1988-09-27,0.0280358,1.8862
1988-09-28,0.0262990,1.5747
1988-09-29,0.0248943,1.2396
1988-09-30,0.0237979,0.9702
1988-10-01,0.0229161,0.8144
1988-10-02,0.0221288,0.7797
1988-10-03,0.0213207,0.8529
1988-10-04,0.0203962,1.0065
1988-10-05,0.0192910,1.2103
1988-10-06,0.0179704,1.4296
1988-10-07,0.0164394,1.6262
1988-10-08,0.0147330,1.7779
1988-10-09,0.0129039,1.8687
1988-10-10,0.0110195,1.8879
1988-10-11,0.0091531,1.8320
1988-10-12,0.0073790,1.7055
1988-10-13,0.0057583,1.5302
1988-10-14,0.0043242,1.3380
1988-10-15,0.0030754,1.1663
1988-10-16,0.0019703,1.0583
1988-10-17,0.0009247,1.0525
1988-10-18,-0.0001748,1.1670
1988-10-19,-0.0014468,1.3942
1988-10-20,-0.0029904,1.7032
1988-10-21,-0.0048569,2.0235
1988-10-22,-0.0070096,2.2606
1988-10-23,-0.0093265,2.3428
1988-10-24,-0.0116338,2.2406
1988-10-25,-0.0137554,1.9813
1988-10-26,-0.0155717,1.6478
1988-10-27,-0.0170590,1.3382
1988-10-28,-0.0182804,1.1255
1988-10-29,-0.0193532,1.0424
1988-10-30,-0.0204058,1.0811
1988-10-31,-0.0215455,1.2103
1988-11-01,-0.0228432,1.3901
1988-11-02,-0.0243307,1.5851
1988-11-03,-0.0260098,1.7695
1988-11-04,-0.0278594,1.9231
1988-11-05,-0.0298382,2.0233
1988-11-06,-0.0318800,2.0456
1988-11-07,-0.0339009,1.9823
1988-11-08,-0.0358233,1.8549
1988-11-09,-0.0376000,1.6954
1988-11-10,-0.0392095,1.5222
1988-11-11,-0.0406457,1.3531
1988-11-12,-0.0419323,1.2339
1988-11-13,-0.0431459,1.2120
1988-11-14,-0.0443952,1.3067
1988-11-15,-0.0457959,1.5112
1988-11-16,-0.0474426,1.7908
1988-11-17,-0.0493834,2.0880
1988-11-18,-0.0516004,2.3306
1988-11-19,-0.0540051,2.4547
1988-11-20,-0.0564582,2.4240
1988-11-21,-0.0588033,2.2439
1988-11-22,-0.0609119,1.9616
1988-11-23,-0.0627171,1.6512
1988-11-24,-0.0642305,1.3893
1988-11-25,-0.0655306,1.2322
1988-11-26,-0.0667364,1.1997
1988-11-27,-0.0679649,1.2718
1988-11-28,-0.0693018,1.4094
1988-11-29,-0.0707922,1.5727
1988-11-30,-0.0724465,1.7339
1988-12-01,-0.0742503,1.8659
1988-12-02,-0.0761600,1.9429
1988-12-03,-0.0781131,1.9509
1988-12-04,-0.0800369,1.8842
1988-12-05,-0.0818602,1.7535
1988-12-06,-0.0835287,1.5773
1988-12-07,-0.0850071,1.3780
1988-12-08,-0.0862881,1.1888
1988-12-09,-0.0874021,1.0516
1988-12-10,-0.0884172,0.9921
1988-12-11,-0.0894141,1.0161
1988-12-12,-0.0904824,1.1392
1988-12-13,-0.0917216,1.3496
1988-12-14,-0.0931914,1.5895
1988-12-15,-0.0948885,1.7932
1988-12-16,-0.0967439,1.8953
1988-12-17,-0.0986328,1.8584
1988-12-18,-0.1004165,1.6888
1988-12-19,-0.1019779,1.4218
1988-12-20,-0.1032494,1.1227
1988-12-21,-0.1042362,0.8624
1988-12-22,-0.1050037,0.6907
1988-12-23,-0.1056551,0.6314
1988-12-24,-0.1063018,0.6782
1988-12-25,-0.1070381,0.8050
1988-12-26,-0.1079260,0.9743
1988-12-27,-0.1089889,1.1501
1988-12-28,-0.1102202,1.3079
1988-12-29,-0.1115932,1.4312
1988-12-30,-0.1130642,1.4993
1988-12-31,-0.1145681,1.4965
1989-01-01,-0.1160349,1.4270
1989-01-02,-0.1174047,1.3055
1989-01-03,-0.1186354,1.1525
1989-01-04,-0.1197061,0.9885
1989-01-05,-0.1206183,0.8421
1989-01-06,-0.1214101,0.7552
1989-01-07,-0.1221614,0.7663
1989-01-08,-0.1229796,0.8879
1989-01-09,-0.1239712,1.1113
1989-01-10,-0.1252219,1.3937
1989-01-11,-0.1267512,1.6537
1989-01-12,-0.1284973,1.8175
1989-01-13,-0.1303419,1.8484
1989-01-14,-0.1321460,1.7352
1989-01-15,-0.1337743,1.5081
1989-01-16,-0.1351474,1.2366
1989-01-17,-0.1362545,0.9859
1989-01-18,-0.1371424,0.8046
1989-01-19,-0.1378982,0.7267
1989-01-20,-0.1386342,0.7638
1989-01-21,-0.1394585,0.8989
1989-01-22,-0.1404543,1.1008
1989-01-23,-0.1416705,1.3338
1989-01-24,-0.1431174,1.5532
1989-01-25,-0.1447585,1.7173
1989-01-26,-0.1465270,1.8063
1989-01-27,-0.1483442,1.8148
1989-01-28,-0.1501307,1.7458
1989-01-29,-0.1518158,1.6168
1989-01-30,-0.1533522,1.4513
1989-01-31,-0.1547139,1.2721
1989-02-01,-0.1559020,1.1096
1989-02-02,-0.1569507,0.9997
1989-02-03,-0.1579319,0.9811
1989-02-04,-0.1589547,1.0878
1989-02-05,-0.1601504,1.3230
1989-02-06,-0.1616292,1.6436
1989-02-07,-0.1634401,1.9716
1989-02-08,-0.1655440,2.2145
1989-02-09,-0.1678139,2.2917
1989-02-10,-0.1700631,2.1761
1989-02-11,-0.1721158,1.9097
1989-02-12,-0.1738568,1.5664
1989-02-13,-0.1752522,1.2341
1989-02-14,-0.1763520,0.9828
1989-02-15,-0.1772543,0.8410
1989-02-16,-0.1780702,0.8079
1989-02-17,-0.1788996,0.8634
1989-02-18,-0.1798216,0.9927
1989-02-19,-0.1809010,1.1699
1989-02-20,-0.1821639,1.3547
1989-02-21,-0.1836029,1.5169
1989-02-22,-0.1851780,1.6199
1989-02-23,-0.1868181,1.6489
1989-02-24,-0.1884540,1.6123
1989-02-25,-0.1900241,1.5199
1989-02-26,-0.1914809,1.3889
1989-02-27,-0.1927958,1.2396
1989-02-28,-0.1939620,1.0958
1989-03-01,-0.1949995,0.9881
1989-03-02,-0.1959628,0.9541
1989-03-03,-0.1969440,1.0290
1989-03-04,-0.1980628,1.2297
1989-03-05,-0.1994421,1.5463
1989-03-06,-0.2011754,1.9229
1989-03-07,-0.2032762,2.2643
1989-03-08,-0.2056620,2.4796
1989-03-09,-0.2081766,2.5184
1989-03-10,-0.2106368,2.3713
1989-03-11,-0.2128720,2.0825
1989-03-12,-0.2147857,1.7454
1989-03-13,-0.2163757,1.4469
1989-03-14,-0.2177083,1.2348
1989-03-15,-0.2188855,1.1432
1989-03-16,-0.2200363,1.1762
1989-03-17,-0.2212672,1.2969
1989-03-18,-0.2226472,1.4688
1989-03-19,-0.2242124,1.6636
1989-03-20,-0.2259687,1.8412
1989-03-21,-0.2278751,1.9597
1989-03-22,-0.2298630,2.0030
1989-03-23,-0.2318548,1.9673
1989-03-24,-0.2337735,1.8593
1989-03-25,-0.2355568,1.7015
1989-03-26,-0.2371691,1.5214
1989-03-27,-0.2385998,1.3419
1989-03-28,-0.2398599,1.1833
1989-03-29,-0.2409806,1.0672
1989-03-30,-0.2420207,1.0303
1989-03-31,-0.2430805,1.1111
1989-04-01,-0.2442839,1.3147
1989-04-02,-0.2457404,1.6096
1989-04-03,-0.2475107,1.9273
1989-04-04,-0.2495702,2.1704
1989-04-05,-0.2517986,2.2546
1989-04-06,-0.2540165,2.1501
1989-04-07,-0.2560478,1.8927
1989-04-08,-0.2577798,1.5690
1989-04-09,-0.2591964,1.2772
1989-04-10,-0.2603694,1.0909
1989-04-11,-0.2614231,1.0392
1989-04-12,-0.2624876,1.1070
1989-04-13,-0.2636642,1.2560
1989-04-14,-0.2650128,1.4445
1989-04-15,-0.2665550,1.6384
1989-04-16,-0.2682829,1.8121
1989-04-17,-0.2701665,1.9475
1989-04-18,-0.2721616,2.0338
1989-04-19,-0.2742155,2.0643
1989-04-20,-0.2762725,2.0416
1989-04-21,-0.2782853,1.9788
1989-04-22,-0.2802210,1.8887
1989-04-23,-0.2820548,1.7750
1989-04-24,-0.2837691,1.6555
1989-04-25,-0.2853743,1.5616
1989-04-26,-0.2869129,1.5297
1989-04-27,-0.2884636,1.5876
1989-04-28,-0.2901180,1.7353
1989-04-29,-0.2919599,1.9599
1989-04-30,-0.2940507,2.2230
1989-05-01,-0.2963947,2.4525
1989-05-02,-0.2989186,2.5708
1989-05-03,-0.3014823,2.5272
1989-05-04,-0.3039179,2.3184
1989-05-05,-0.3060813,1.9962
1989-05-06,-0.3079029,1.6520
1989-05-07,-0.3094084,1.3773
1989-05-08,-0.3106996,1.2290
1989-05-09,-0.3119116,1.2162
1989-05-10,-0.3131666,1.3072
1989-05-11,-0.3145445,1.4539
1989-05-12,-0.3160782,1.6122
1989-05-13,-0.3177621,1.7503
1989-05-14,-0.3195647,1.8463
1989-05-15,-0.3214363,1.8873
1989-05-16,-0.3233196,1.8694
1989-05-17,-0.3251571,1.7977
1989-05-18,-0.3269014,1.6854
1989-05-19,-0.3285192,1.5470
1989-05-20,-0.3299942,1.4048
1989-05-21,-0.3313368,1.2864
1989-05-22,-0.3325832,1.2167
1989-05-23,-0.3337945,1.2200
1989-05-24,-0.3350515,1.3081
1989-05-25,-0.3364376,1.4767
1989-05-26,-0.3380276,1.7133
1989-05-27,-0.3398757,1.9842
1989-05-28,-0.3419885,2.2324
1989-05-29,-0.3443113,2.3930
1989-05-30,-0.3467271,2.4113
1989-05-31,-0.3490799,2.2675
1989-06-01,-0.3512164,1.9867
1989-06-02,-0.3530292,1.6338
1989-06-03,-0.3544885,1.2946
1989-06-04,-0.3556479,1.0439
1989-06-05,-0.3566198,0.9238
1989-06-06,-0.3575406,0.9391
1989-06-07,-0.3585321,1.0567
1989-06-08,-0.3596685,1.2179
1989-06-09,-0.3609657,1.3724
1989-06-10,-0.3624006,1.4889
1989-06-11,-0.3639254,1.5512
1989-06-12,-0.3654801,1.5447
1989-06-13,-0.3669911,1.4669
1989-06-14,-0.3683952,1.3330
1989-06-15,-0.3696435,1.1583
1989-06-16,-0.3707053,0.9642
1989-06-17,-0.3715743,0.7772
1989-06-18,-0.3722738,0.6324
1989-06-19,-0.3728655,0.5667
1989-06-20,-0.3734413,0.6032
1989-06-21,-0.3741075,0.7465
1989-06-22,-0.3749631,0.9764
1989-06-23,-0.3760711,1.2388
1989-06-24,-0.3774292,1.4667
1989-06-25,-0.3789744,1.6044
1989-06-26,-0.3805941,1.6106
1989-06-27,-0.3821463,1.4690
1989-06-28,-0.3834928,1.2095
1989-06-29,-0.3845465,0.8935
1989-06-30,-0.3852834,0.5881
1989-07-01,-0.3857487,0.3607
1989-07-02,-0.3860450,0.2540
1989-07-03,-0.3863009,0.2798
1989-07-04,-0.3866416,0.4166
1989-07-05,-0.3871546,0.6148
1989-07-06,-0.3878747,0.8233
1989-07-07,-0.3887914,1.0023
1989-07-08,-0.3898604,1.1244
1989-07-09,-0.3910151,1.1710
1989-07-10,-0.3921757,1.1376
1989-07-11,-0.3932722,1.0500
1989-07-12,-0.3942669,0.9361
1989-07-13,-0.3951416,0.8138
1989-07-14,-0.3959008,0.7105
1989-07-15,-0.3965763,0.6484
1989-07-16,-0.3972135,0.6342
1989-07-17,-0.3978628,0.6745
1989-07-18,-0.3985897,0.7964
1989-07-19,-0.3994865,1.0108
1989-07-20,-0.4006310,1.2842
1989-07-21,-0.4020545,1.5564
1989-07-22,-0.4037197,1.7563
1989-07-23,-0.4055208,1.8174
1989-07-24,-0.4072988,1.7115
1989-07-25,-0.4089021,1.4806
1989-07-26,-0.4102402,1.1904
1989-07-27,-0.4112808,0.8938
1989-07-28,-0.4120472,0.6553
1989-07-29,-0.4126264,0.5217
1989-07-30,-0.4131275,0.4987
1989-07-31,-0.4136584,0.5794
1989-08-01,-0.4143102,0.7317
1989-08-02,-0.4151292,0.9060
1989-08-03,-0.4161154,1.0598
1989-08-04,-0.4172334,1.1673
1989-08-05,-0.4184299,1.2146
1989-08-06,-0.4196426,1.2021
1989-08-07,-0.4208167,1.1375
1989-08-08,-0.4219023,1.0269
1989-08-09,-0.4228632,0.8944
1989-08-10,-0.4236929,0.7671
1989-08-11,-0.4244021,0.6537
1989-08-12,-0.4250144,0.5826
1989-08-13,-0.4255955,0.5960
1989-08-14,-0.4262419,0.7159
1989-08-15,-0.4270639,0.9455
1989-08-16,-0.4281600,1.2563
1989-08-17,-0.4295845,1.5911
1989-08-18,-0.4313258,1.8766
1989-08-19,-0.4332933,2.0288
1989-08-20,-0.4353218,1.9962
1989-08-21,-0.4372287,1.7926
1989-08-22,-0.4388712,1.4817
1989-08-23,-0.4401855,1.1512
1989-08-24,-0.4411928,0.8783
1989-08-25,-0.4419764,0.7083
1989-08-26,-0.4426466,0.6499
1989-08-27,-0.4433117,0.6978
1989-08-28,-0.4440718,0.8344
1989-08-29,-0.4449967,1.0198
1989-08-30,-0.4461135,1.2117
1989-08-31,-0.4474090,1.3703
1989-09-01,-0.4488326,1.4642
1989-09-02,-0.4503104,1.4770
1989-09-03,-0.4517592,1.4078
1989-09-04,-0.4531034,1.2710
1989-09-05,-0.4542861,1.0890
1989-09-06,-0.4552793,0.9007
1989-09-07,-0.4560988,0.7462
1989-09-08,-0.4567912,0.6502
1989-09-09,-0.4574237,0.6277
1989-09-10,-0.4580759,0.6930
1989-09-11,-0.4588413,0.8530
1989-09-12,-0.4598142,1.1098
1989-09-13,-0.4610861,1.4420
1989-09-14,-0.4627008,1.7818
1989-09-15,-0.4646257,2.0496
1989-09-16,-0.4667494,2.1657
1989-09-17,-0.4688936,2.0914
1989-09-18,-0.4708799,1.8601
1989-09-19,-0.4725877,1.5504
1989-09-20,-0.4739864,1.2579
1989-09-21,-0.4751349,1.0597
1989-09-22,-0.4761491,0.9913
1989-09-23,-0.4771580,1.0444
1989-09-24,-0.4782659,1.1815
1989-09-25,-0.4795362,1.3642
1989-09-26,-0.4809976,1.5569
1989-09-27,-0.4826408,1.7222
1989-09-28,-0.4844230,1.8305
1989-09-29,-0.4862767,1.8634
1989-09-30,-0.4881223,1.8137
1989-10-01,-0.4898814,1.6959
1989-10-02,-0.4915025,1.5432
1989-10-03,-0.4929657,1.3843
1989-10-04,-0.4942776,1.2450
1989-10-05,-0.4954708,1.1512
1989-10-06,-0.4966012,1.1212
1989-10-07,-0.4977390,1.1686
1989-10-08,-0.4989679,1.3043
1989-10-09,-0.5003764,1.5263
1989-10-10,-0.5020430,1.8157
1989-10-11,-0.5040190,2.1387
1989-10-12,-0.5063092,2.4280
1989-10-13,-0.5088360,2.6002
1989-10-14,-0.5114535,2.6042
1989-10-15,-0.5139882,2.4397
1989-10-16,-0.5163023,2.1835
1989-10-17,-0.5183552,1.9273
1989-10-18,-0.5201807,1.7425
1989-10-19,-0.5218821,1.6835
1989-10-20,-0.5235875,1.7439
1989-10-21,-0.5253966,1.8844
1989-10-22,-0.5273690,2.0628
1989-10-23,-0.5295201,2.2347
1989-10-24,-0.5318237,2.3625
1989-10-25,-0.5342181,2.4094
1989-10-26,-0.5366175,2.3814
1989-10-27,-0.5389732,2.3303
1989-10-28,-0.5412707,2.2569
1989-10-29,-0.5434715,2.1370
1989-10-30,-0.5455347,1.9871
1989-10-31,-0.5474450,1.8353
1989-11-01,-0.5492116,1.7025
1989-11-02,-0.5508622,1.6062
1989-11-03,-0.5524428,1.5664
1989-11-04,-0.5540217,1.6066
1989-11-05,-0.5556885,1.7444
1989-11-06,-0.5575408,1.9733
1989-11-07,-0.5596524,2.2541
1989-11-08,-0.5620482,2.5326
1989-11-09,-0.5646954,2.7446
1989-11-10,-0.5674907,2.8164
1989-11-11,-0.5702703,2.7145
1989-11-12,-0.5728730,2.4723
1989-11-13,-0.5751947,2.1693
1989-11-14,-0.5772224,1.8987
1989-11-15,-0.5790283,1.7369
1989-11-16,-0.5807437,1.7178
1989-11-17,-0.5825050,1.8219
1989-11-18,-0.5844129,2.0021
1989-11-19,-0.5865157,2.2017
1989-11-20,-0.5888078,2.3757
1989-11-21,-0.5912498,2.4979
1989-11-22,-0.5937826,2.5570
1989-11-23,-0.5963429,2.5534
1989-11-24,-0.5988717,2.4967
1989-11-25,-0.6013194,2.3894
1989-11-26,-0.6036329,2.2294
1989-11-27,-0.6057728,2.0531
1989-11-28,-0.6077485,1.9050
1989-11-29,-0.6095996,1.8071
1989-11-30,-0.6113828,1.7693
1989-12-01,-0.6131596,1.7957
1989-12-02,-0.6149960,1.8873
1989-12-03,-0.6169522,2.0327
1989-12-04,-0.6190704,2.2052
1989-12-05,-0.6213625,2.3776
1989-12-06,-0.6238147,2.5173
1989-12-07,-0.6263694,2.5740
1989-12-08,-0.6289230,2.5115
1989-12-09,-0.6313513,2.3258
1989-12-10,-0.6335460,2.0544
1989-12-11,-0.6354566,1.7725
1989-12-12,-0.6371141,1.5598
1989-12-13,-0.6386168,1.4687
1989-12-14,-0.6400927,1.5010
1989-12-15,-0.6416503,1.6278
1989-12-16,-0.6433649,1.8045
1989-12-17,-0.6452577,1.9764
1989-12-18,-0.6473040,2.1073
1989-12-19,-0.6494535,2.1818
1989-12-20,-0.6516454,2.1897
1989-12-21,-0.6538100,2.1290
1989-12-22,-0.6558848,2.0126
1989-12-23,-0.6578201,1.8511
1989-12-24,-0.6595778,1.6621
1989-12-25,-0.6611469,1.4811
1989-12-26,-0.6625538,1.3417
1989-12-27,-0.6638512,1.2652
1989-12-28,-0.6651098,1.2657
1989-12-29,-0.6664093,1.3463
1989-12-30,-0.6678277,1.5028
1989-12-31,-0.6694346,1.7184
1990-01-01,0.3287299,1.9510
1990-01-02,0.3266755,2.1474
1990-01-03,0.3244612,2.2655
1990-01-04,0.3221827,2.2691
1990-01-05,0.3199666,2.1420
1990-01-06,0.3179327,1.9131
1990-01-07,0.3161554,1.6394
1990-01-08,0.3146479,1.3838
1990-01-09,0.3133590,1.2147
1990-01-10,0.3121743,1.1782
1990-01-11,0.3109595,1.2711
1990-01-12,0.3096018,1.4548
1990-01-13,0.3080388,1.6716
1990-01-14,0.3062707,1.8520
1990-01-15,0.3043627,1.9486
1990-01-16,0.3024028,1.9571
1990-01-17,0.3004731,1.8916
1990-01-18,0.2986380,1.7709
1990-01-19,0.2969392,1.6265
1990-01-20,0.2953849,1.4824
1990-01-21,0.2939698,1.3521
1990-01-22,0.2926678,1.2606
1990-01-23,0.2914283,1.2299
1990-01-24,0.2901819,1.2776
1990-01-25,0.2888420,1.4187
1990-01-26,0.2873146,1.6495
1990-01-27,0.2855226,1.9414
1990-01-28,0.2834268,2.2482
1990-01-29,0.2810372,2.5222
1990-01-30,0.2784068,2.7232
1990-01-31,0.2756331,2.7972
1990-02-01,0.2728622,2.7217
1990-02-02,0.2702280,2.5312
1990-02-03,0.2678168,2.2897
1990-02-04,0.2656382,2.0795
1990-02-05,0.2636275,1.9604
1990-02-06,0.2616782,1.9591
1990-02-07,0.2596732,2.0662
1990-02-08,0.2575205,2.2494
1990-02-09,0.2551654,2.4597
1990-02-10,0.2526112,2.6396
1990-02-11,0.2499077,2.7550
1990-02-12,0.2471273,2.7920
1990-02-13,0.2443503,2.7493
1990-02-14,0.2416508,2.6402
1990-02-15,0.2390857,2.4838
1990-02-16,0.2366892,2.3096
1990-02-17,0.2344671,2.1338
1990-02-18,0.2324190,1.9657
1990-02-19,0.2305295,1.8160
1990-02-20,0.2287768,1.6968
1990-02-21,0.2271069,1.6644
1990-02-22,0.2254056,1.7591
1990-02-23,0.2235538,1.9586
1990-02-24,0.2214677,2.2204
1990-02-25,0.2191119,2.4856
1990-02-26,0.2165203,2.6796
1990-02-27,0.2137950,2.7468
1990-02-28,0.2110790,2.6571
1990-03-01,0.2085275,2.4273
1990-03-02,0.2062450,2.1357
1990-03-03,0.2042473,1.8706
1990-03-04,0.2024744,1.6937
1990-03-05,0.2008204,1.6354
1990-03-06,0.1991629,1.6993
1990-03-07,0.1973892,1.8612
1990-03-08,0.1954224,2.0774
1990-03-09,0.1932302,2.3060
1990-03-10,0.1908252,2.4900
1990-03-11,0.1882804,2.5833
1990-03-12,0.1856908,2.5801
1990-03-13,0.1831488,2.4910
1990-03-14,0.1807307,2.3360
1990-03-15,0.1784817,2.1661
1990-03-16,0.1763881,2.0274
1990-03-17,0.1744136,1.9285
1990-03-18,0.1725138,1.8814
1990-03-19,0.1706279,1.9028
1990-03-20,0.1686844,1.9954
1990-03-21,0.1666143,2.1563
1990-03-22,0.1643506,2.3806
1990-03-23,0.1618382,2.6495
1990-03-24,0.1590458,2.9356
1990-03-25,0.1559830,3.1735
1990-03-26,0.1527418,3.2824
1990-03-27,0.1494752,3.2205
1990-03-28,0.1463557,2.9941
1990-03-29,0.1435257,2.6516
1990-03-30,0.1410556,2.2997
1990-03-31,0.1388943,2.0437
1990-04-01,0.1369228,1.9238
1990-04-02,0.1350002,1.9436
1990-04-03,0.1329978,2.0770
1990-04-04,0.1308293,2.2611
1990-04-05,0.1284821,2.4258
1990-04-06,0.1259920,2.5475
1990-04-07,0.1234035,2.6199
1990-04-08,0.1207725,2.6312
1990-04-09,0.1181634,2.5755
1990-04-10,0.1156414,2.4599
1990-04-11,0.1132566,2.3051
1990-04-12,0.1110349,2.1390
1990-04-13,0.1089757,1.9816
1990-04-14,0.1070634,1.8491
1990-04-15,0.1052598,1.7697
1990-04-16,0.1034993,1.7642
1990-04-17,0.1017055,1.8363
1990-04-18,0.0997972,1.9970
1990-04-19,0.0976858,2.2349
1990-04-20,0.0953157,2.5080
1990-04-21,0.0926757,2.7636
1990-04-22,0.0898164,2.9356
1990-04-23,0.0868525,2.9637
1990-04-24,0.0839438,2.8275
1990-04-25,0.0812443,2.5509
1990-04-26,0.0788675,2.1976
1990-04-27,0.0768409,1.8688
1990-04-28,0.0751001,1.6295
1990-04-29,0.0735384,1.5208
1990-04-30,0.0720096,1.5589
1990-05-01,0.0703872,1.6971
1990-05-02,0.0686030,1.8724
1990-05-03,0.0666480,2.0307
1990-05-04,0.0645590,2.1367
1990-05-05,0.0623985,2.1711
1990-05-06,0.0602422,2.1295
1990-05-07,0.0581609,2.0237
1990-05-08,0.0562105,1.8706
1990-05-09,0.0544221,1.7102
1990-05-10,0.0527826,1.5725
1990-05-11,0.0512668,1.4659
1990-05-12,0.0498338,1.4104
1990-05-13,0.0484244,1.4198
1990-05-14,0.0469688,1.5054
1990-05-15,0.0453861,1.6737
1990-05-16,0.0436049,1.8917
1990-05-17,0.0415965,2.1282
1990-05-18,0.0393498,2.3608
1990-05-19,0.0368903,2.5473
1990-05-20,0.0342836,2.6487
1990-05-21,0.0316328,2.6302
1990-05-22,0.0290653,2.4852
1990-05-23,0.0266965,2.2379
1990-05-24,0.0246069,1.9384
1990-05-25,0.0228081,1.6737
1990-05-26,0.0212166,1.5376
1990-05-27,0.0196804,1.5590
1990-05-28,0.0180611,1.6930
1990-05-29,0.0162813,1.8663
1990-05-30,0.0143374,2.0128
1990-05-31,0.0122766,2.0967
1990-06-01,0.0101690,2.1057
1990-06-02,0.0080890,2.0433
1990-06-03,0.0061014,1.9238
1990-06-04,0.0042559,1.7609
1990-06-05,0.0025887,1.5707
1990-06-06,0.0011131,1.3846
1990-06-07,-0.0001929,1.2356
1990-06-08,-0.0013779,1.1461
1990-06-09,-0.0025105,1.1328
1990-06-10,-0.0036700,1.1989
1990-06-11,-0.0049304,1.3313
1990-06-12,-0.0063454,1.5021
1990-06-13,-0.0079399,1.6887
1990-06-14,-0.0097238,1.8782
1990-06-15,-0.0116874,2.0412
1990-06-16,-0.0137844,2.1390
1990-06-17,-0.0159328,2.1390
1990-06-18,-0.0180254,2.0279
1990-06-19,-0.0199602,1.8315
1990-06-20,-0.0216762,1.5985
1990-06-21,-0.0231643,1.3868
1990-06-22,-0.0244731,1.2450
1990-06-23,-0.0256936,1.2213
1990-06-24,-0.0269587,1.3267
1990-06-25,-0.0283702,1.5016
1990-06-26,-0.0299604,1.6721
1990-06-27,-0.0316925,1.7770
1990-06-28,-0.0334874,1.8011
1990-06-29,-0.0352726,1.7591
1990-06-30,-0.0369906,1.6721
1990-07-01,-0.0386068,1.5552
1990-07-02,-0.0400881,1.3995
1990-07-03,-0.0414022,1.2330
1990-07-04,-0.0425616,1.0890
1990-07-05,-0.0435896,0.9732
1990-07-06,-0.0445233,0.9034
1990-07-07,-0.0454115,0.8789
1990-07-08,-0.0463011,0.9146
1990-07-09,-0.0472682,1.0330
1990-07-10,-0.0483881,1.2145
1990-07-11,-0.0497046,1.4181
1990-07-12,-0.0512119,1.5845
1990-07-13,-0.0528489,1.6768
1990-07-14,-0.0545337,1.6738
1990-07-15,-0.0561593,1.5591
1990-07-16,-0.0576203,1.3497
1990-07-17,-0.0588413,1.0881
1990-07-18,-0.0597996,0.8357
1990-07-19,-0.0605401,0.6656
1990-07-20,-0.0611762,0.6319
1990-07-21,-0.0618514,0.7409
1990-07-22,-0.0626927,0.9540
1990-07-23,-0.0637696,1.1976
1990-07-24,-0.0650727,1.3957
1990-07-25,-0.0665325,1.5084
1990-07-26,-0.0680598,1.5319
1990-07-27,-0.0695760,1.4945
1990-07-28,-0.0710357,1.4177
1990-07-29,-0.0723997,1.3059
1990-07-30,-0.0736414,1.1760
1990-07-31,-0.0747510,1.0442
1990-08-01,-0.0757310,0.9160
1990-08-02,-0.0765954,0.8248
1990-08-03,-0.0774086,0.8174
1990-08-04,-0.0782605,0.9010
1990-08-05,-0.0792382,1.0675
1990-08-06,-0.0804167,1.2975
1990-08-07,-0.0818421,1.5542
1990-08-08,-0.0835193,1.7934
1990-08-09,-0.0854070,1.9667
1990-08-10,-0.0874187,2.0380
1990-08-11,-0.0894445,1.9938
1990-08-12,-0.0913725,1.8481
1990-08-13,-0.0931194,1.6384
1990-08-14,-0.0946455,1.4172
1990-08-15,-0.0959732,1.2543
1990-08-16,-0.0971907,1.2013
1990-08-17,-0.0984181,1.2753
1990-08-18,-0.0997780,1.4593
1990-08-19,-0.1013560,1.7011
1990-08-20,-0.1031780,1.9361
1990-08-21,-0.1052071,2.1077
1990-08-22,-0.1073609,2.1816
1990-08-23,-0.1095377,2.1576
1990-08-24,-0.1116487,2.0516
1990-08-25,-0.1136207,1.8852
1990-08-26,-0.1154098,1.6908
1990-08-27,-0.1170033,1.4993
1990-08-28,-0.1184179,1.3362
1990-08-29,-0.1196906,1.2179
1990-08-30,-0.1208751,1.1637
1990-08-31,-0.1220434,1.1856
1990-09-01,-0.1232742,1.2912
1990-09-02,-0.1246539,1.4811
1990-09-03,-0.1262568,1.7321
1990-09-04,-0.1281251,2.0040
1990-09-05,-0.1302544,2.2447
1990-09-06,-0.1325801,2.3821
1990-09-07,-0.1349674,2.3658
1990-09-08,-0.1372637,2.2057
1990-09-09,-0.1393470,1.9504
1990-09-10,-0.1411555,1.6680
1990-09-11,-0.1427028,1.4449
1990-09-12,-0.1440895,1.3545
1990-09-13,-0.1454603,1.4098
1990-09-14,-0.1469478,1.5814
1990-09-15,-0.1486457,1.8209
1990-09-16,-0.1505908,2.0641
1990-09-17,-0.1527567,2.2559
1990-09-18,-0.1550745,2.3635
1990-09-19,-0.1574511,2.3734
1990-09-20,-0.1597918,2.2949
1990-09-21,-0.1620186,2.1496
1990-09-22,-0.1640808,1.9736
1990-09-23,-0.1659684,1.8055
1990-09-24,-0.1677029,1.6709
1990-09-25,-0.1693274,1.5880
1990-09-26,-0.1708998,1.5678
1990-09-27,-0.1724864,1.6178
1990-09-28,-0.1741597,1.7409
1990-09-29,-0.1759905,1.9311
1990-09-30,-0.1780385,2.1711
1990-10-01,-0.1803368,2.4233
1990-10-02,-0.1828734,2.6404
1990-10-03,-0.1855895,2.7730
1990-10-04,-0.1883780,2.7812
1990-10-05,-0.1911078,2.6569
1990-10-06,-0.1936561,2.4253
1990-10-07,-0.1959435,2.1488
1990-10-08,-0.1979658,1.9086
1990-10-09,-0.1997935,1.7670
1990-10-10,-0.2015404,1.7474
1990-10-11,-0.2033257,1.8401
1990-10-12,-0.2052441,2.0034
1990-10-13,-0.2073366,2.1789
1990-10-14,-0.2095896,2.3177
1990-10-15,-0.2119499,2.3904
1990-10-16,-0.2143460,2.3898
1990-10-17,-0.2167072,2.3223
1990-10-18,-0.2189730,2.2019
1990-10-19,-0.2211017,2.0537
1990-10-20,-0.2230769,1.8952
1990-10-21,-0.2248977,1.7536
1990-10-22,-0.2266028,1.6683
1990-10-23,-0.2282592,1.6578
1990-10-24,-0.2299413,1.7161
1990-10-25,-0.2317097,1.8294
1990-10-26,-0.2336164,1.9916
1990-10-27,-0.2357095,2.2038
1990-10-28,-0.2380376,2.4570
1990-10-29,-0.2406245,2.7132
1990-10-30,-0.2434467,2.9176
1990-10-31,-0.2464239,3.0145
1990-11-01,-0.2494281,2.9686
1990-11-02,-0.2523127,2.7777
1990-11-03,-0.2549484,2.4816
1990-11-04,-0.2572657,2.1550
1990-11-05,-0.2592841,1.9056
1990-11-06,-0.2611312,1.8190
1990-11-07,-0.2629783,1.9008
1990-11-08,-0.2649711,2.0973
1990-11-09,-0.2671853,2.3308
1990-11-10,-0.2696192,2.5237
1990-11-11,-0.2722039,2.6300
1990-11-12,-0.2748479,2.6422
1990-11-13,-0.2774593,2.5673
1990-11-14,-0.2799595,2.4234
1990-11-15,-0.2822923,2.2383
1990-11-16,-0.2844325,2.0425
1990-11-17,-0.2863825,1.8623
1990-11-18,-0.2881696,1.7197
1990-11-19,-0.2898456,1.6481
1990-11-20,-0.2914947,1.6632
1990-11-21,-0.2931951,1.7475
1990-11-22,-0.2950083,1.8874
1990-11-23,-0.2969842,2.0701
1990-11-24,-0.2991571,2.2785
1990-11-25,-0.3015423,2.4903
1990-11-26,-0.3041284,2.6743
1990-11-27,-0.3068688,2.7920
1990-11-28,-0.3096809,2.8153
1990-11-29,-0.3124648,2.7348
1990-11-30,-0.3151201,2.5631
1990-12-01,-0.3175747,2.3425
1990-12-02,-0.3198120,2.1426
1990-12-03,-0.3218909,2.0357
1990-12-04,-0.3239249,2.0532
1990-12-05,-0.3260323,2.1756
1990-12-06,-0.3282918,2.3450
1990-12-07,-0.3307156,2.4941
1990-12-08,-0.3332567,2.5733
1990-12-09,-0.3358323,2.5629
1990-12-10,-0.3383512,2.4586
1990-12-11,-0.3407208,2.2684
1990-12-12,-0.3428735,2.0349
1990-12-13,-0.3447925,1.8071
1990-12-14,-0.3465003,1.6170
1990-12-15,-0.3480446,1.4813
1990-12-16,-0.3494824,1.4040
1990-12-17,-0.3508740,1.3907
1990-12-18,-0.3522861,1.4443
1990-12-19,-0.3537879,1.5737
1990-12-20,-0.3554536,1.7633
1990-12-21,-0.3573212,1.9729
1990-12-22,-0.3593976,2.1770
1990-12-23,-0.3616644,2.3489
1990-12-24,-0.3640766,2.4646
1990-12-25,-0.3665691,2.5067
1990-12-26,-0.3690611,2.4621
1990-12-27,-0.3714658,2.3349
1990-12-28,-0.3737111,2.1483
1990-12-29,-0.3757593,1.9523
1990-12-30,-0.3776373,1.8211
1990-12-31,-0.3794432,1.8149
1991-01-01,0.6186873,1.9454
1991-01-02,0.6166345,2.1705
1991-01-03,0.6143393,2.4165
1991-01-04,0.6118200,2.6071
1991-01-05,0.6091597,2.6940
1991-01-06,0.6064680,2.6730
1991-01-07,0.6038412,2.5695
1991-01-08,0.6013486,2.4071
1991-01-09,0.5990349,2.2209
1991-01-10,0.5969015,2.0505
1991-01-11,0.5949227,1.9138
1991-01-12,0.5930593,1.8211
1991-01-13,0.5912641,1.7778
1991-01-14,0.5894847,1.7917
1991-01-15,0.5876603,1.8668
1991-01-16,0.5857348,1.9909
1991-01-17,0.5836705,2.1392
1991-01-18,0.5814590,2.2799
1991-01-19,0.5791200,2.3929
1991-01-20,0.5766870,2.4647
1991-01-21,0.5742108,2.4759
1991-01-22,0.5717582,2.4181
1991-01-23,0.5693941,2.3020
1991-01-24,0.5671710,2.1356
1991-01-25,0.5651295,1.9494
1991-01-26,0.5632577,1.8067
1991-01-27,0.5614832,1.7625
1991-01-28,0.5596912,1.8426
1991-01-29,0.5577626,2.0287
1991-01-30,0.5556160,2.2681
1991-01-31,0.5532320,2.4906
1991-02-01,0.5506604,2.6362
1991-02-02,0.5479937,2.6794
1991-02-03,0.5453384,2.6123
1991-02-04,0.5427988,2.4562
1991-02-05,0.5404409,2.2555
1991-02-06,0.5382868,2.0577
1991-02-07,0.5363129,1.8976
1991-02-08,0.5344753,1.7864
1991-02-09,0.5327192,1.7378
1991-02-10,0.5309754,1.7620
1991-02-11,0.5291720,1.8558
1991-02-12,0.5272449,2.0063
1991-02-13,0.5251484,2.1898
1991-02-14,0.5228605,2.3875
1991-02-15,0.5203802,2.5646
1991-02-16,0.5177536,2.6748
1991-02-17,0.5150635,2.6861
1991-02-18,0.5124151,2.5961
1991-02-19,0.5098949,2.4353
1991-02-20,0.5075563,2.2393
1991-02-21,0.5054113,2.0584
1991-02-22,0.5034147,1.9520
1991-02-23,0.5014756,1.9409
1991-02-24,0.4995014,2.0244
1991-02-25,0.4973952,2.2026
1991-02-26,0.4950742,2.4467
1991-02-27,0.4924967,2.7060
1991-02-28,0.4896806,2.9102
1991-03-01,0.4867156,2.9967
1991-03-02,0.4837336,2.9440
1991-03-03,0.4808686,2.7683
1991-03-04,0.4782244,2.5103
1991-03-05,0.4758554,2.2301
1991-03-06,0.4737546,1.9787
1991-03-07,0.4718801,1.7808
1991-03-08,0.4701663,1.6629
1991-03-09,0.4685217,1.6428
1991-03-10,0.4668521,1.7085
1991-03-11,0.4650811,1.8449
1991-03-12,0.4631426,2.0402
1991-03-13,0.4609901,2.2672
1991-03-14,0.4586115,2.4843
1991-03-15,0.4560228,2.6975
1991-03-16,0.4532295,2.8718
1991-03-17,0.4503202,2.9231
1991-03-18,0.4474291,2.8371
1991-03-19,0.4446838,2.6379
1991-03-20,0.4421696,2.3900
1991-03-21,0.4398935,2.1730
1991-03-22,0.4377969,2.0360
1991-03-23,0.4357868,2.0029
1991-03-24,0.4337585,2.0676
1991-03-25,0.4316193,2.2294
1991-03-26,0.4292702,2.4798
1991-03-27,0.4266623,2.7224
1991-03-28,0.4238586,2.8655
1991-03-29,0.4209736,2.8818
1991-03-30,0.4181342,2.7806
1991-03-31,0.4154357,2.6097
1991-04-01,0.4129226,2.4156
1991-04-02,0.4106000,2.2350
1991-04-03,0.4084408,2.0897
1991-04-04,0.4064062,1.9875
1991-04-05,0.4044489,1.9362
1991-04-06,0.4025161,1.9382
1991-04-07,0.4005560,1.9897
1991-04-08,0.3985228,2.0827
1991-04-09,0.3963778,2.2139
1991-04-10,0.3940858,2.3725
1991-04-11,0.3916317,2.5343
1991-04-12,0.3890260,2.6696
1991-04-13,0.3863127,2.7444
1991-04-14,0.3835710,2.7178
1991-04-15,0.3809164,2.5733
1991-04-16,0.3784514,2.3479
1991-04-17,0.3762250,2.1094
1991-04-18,0.3742153,1.9229
1991-04-19,0.3723315,1.8796
1991-04-20,0.3704025,1.9971
1991-04-21,0.3683085,2.2009
1991-04-22,0.3659907,2.4348
1991-04-23,0.3634465,2.6459
1991-04-24,0.3607214,2.7896
1991-04-25,0.3578994,2.8371
1991-04-26,0.3550805,2.7847
1991-04-27,0.3523574,2.6501
1991-04-28,0.3497972,2.4647
1991-04-29,0.3474332,2.2638
1991-04-30,0.3452638,2.0804
1991-05-01,0.3432573,1.9424
1991-05-02,0.3413582,1.8669
1991-05-03,0.3395013,1.8580
1991-05-04,0.3376197,1.9166
1991-05-05,0.3356474,2.0373
1991-05-06,0.3335288,2.2068
1991-05-07,0.3312242,2.4052
1991-05-08,0.3287201,2.5987
1991-05-09,0.3260393,2.7548
1991-05-10,0.3232324,2.8454
1991-05-11,0.3203791,2.8444
1991-05-12,0.3175768,2.7439
1991-05-13,0.3149187,2.5613
1991-05-14,0.3124646,2.3474
1991-05-15,0.3102155,2.1587
1991-05-16,0.3081224,2.0444
1991-05-17,0.3060929,2.0315
1991-05-18,0.3040287,2.1108
1991-05-19,0.3018546,2.2402
1991-05-20,0.2995529,2.3556
1991-05-21,0.2971647,2.4069
1991-05-22,0.2947720,2.3594
1991-05-23,0.2924757,2.2226
1991-05-24,0.2903437,2.0351
1991-05-25,0.2884128,1.8258
1991-05-26,0.2866890,1.6258
1991-05-27,0.2851481,1.4650
1991-05-28,0.2837384,1.3660
1991-05-29,0.2823960,1.3272
1991-05-30,0.2810657,1.3433
1991-05-31,0.2796910,1.4146
1991-06-01,0.2782199,1.5357
1991-06-02,0.2766068,1.6951
1991-06-03,0.2748243,1.8705
1991-06-04,0.2728657,2.0461
1991-06-05,0.2707358,2.2107
1991-06-06,0.2684552,2.3425
1991-06-07,0.2660706,2.4150
1991-06-08,0.2636532,2.4034
1991-06-09,0.2612938,2.3017
1991-06-10,0.2590690,2.1425
1991-06-11,0.2570088,1.9833
1991-06-12,0.2550909,1.8587
1991-06-13,0.2532644,1.8152
1991-06-14,0.2514228,1.8846
1991-06-15,0.2494713,2.0255
1991-06-16,0.2473708,2.1693
1991-06-17,0.2451548,2.2466
1991-06-18,0.2429118,2.2213
1991-06-19,0.2407451,2.0975
1991-06-20,0.2387406,1.9025
1991-06-21,0.2369518,1.6723
1991-06-22,0.2353985,1.4344
1991-06-23,0.2340790,1.2084
1991-06-24,0.2329710,1.0145
1991-06-25,0.2320333,0.8707
1991-06-26,0.2312077,0.7928
1991-06-27,0.2304227,0.7901
1991-06-28,0.2296034,0.8599
1991-06-29,0.2286853,0.9826
1991-06-30,0.2276310,1.1269
1991-07-01,0.2264337,1.2645
1991-07-02,0.2251061,1.3898
1991-07-03,0.2236593,1.4997
1991-07-04,0.2221241,1.5575
1991-07-05,0.2205722,1.5316
1991-07-06,0.2190892,1.4208
1991-07-07,0.2177529,1.2430
1991-07-08,0.2166115,1.0402
1991-07-09,0.2156604,0.8736
1991-07-10,0.2148270,0.8187
1991-07-11,0.2139694,0.9245
1991-07-12,0.2129336,1.1634
1991-07-13,0.2116242,1.4575
1991-07-14,0.2100297,1.7183
1991-07-15,0.2082262,1.8633
1991-07-16,0.2063530,1.8587
1991-07-17,0.2045463,1.7417
1991-07-18,0.2028900,1.5636
1991-07-19,0.2014318,1.3476
1991-07-20,0.2001958,1.1288
1991-07-21,0.1991599,0.9531
1991-07-22,0.1982680,0.8422
1991-07-23,0.1974532,0.7981
1991-07-24,0.1966510,0.8163
1991-07-25,0.1958000,0.8963
1991-07-26,0.1948400,1.0315
1991-07-27,0.1937267,1.1975
1991-07-28,0.1924452,1.3628
1991-07-29,0.1910139,1.4898
1991-07-30,0.1894931,1.5344
1991-07-31,0.1879714,1.5000
1991-08-01,0.1865071,1.4237
1991-08-02,0.1851333,1.3194
1991-08-03,0.1838784,1.1847
1991-08-04,0.1827692,1.0339
1991-08-05,0.1818041,0.9025
1991-08-06,0.1809429,0.8348
1991-08-07,0.1800998,0.8711
1991-08-08,0.1791588,1.0330
1991-08-09,0.1779999,1.2965
1991-08-10,0.1765578,1.5840
1991-08-11,0.1748518,1.8117
1991-08-12,0.1729715,1.9279
1991-08-13,0.1710353,1.9261
1991-08-14,0.1691544,1.8190
1991-08-15,0.1674209,1.6410
1991-08-16,0.1658790,1.4432
1991-08-17,0.1645283,1.2641
1991-08-18,0.1633349,1.1326
1991-08-19,0.1622436,1.0597
1991-08-20,0.1611961,1.0449
1991-08-21,0.1601349,1.0867
1991-08-22,0.1590054,1.1803
1991-08-23,0.1577537,1.3355
1991-08-24,0.1563201,1.5335
1991-08-25,0.1546877,1.7287
1991-08-26,0.1528737,1.8911
1991-08-27,0.1509224,2.0029
1991-08-28,0.1488923,2.0416
1991-08-29,0.1468689,1.9912
1991-08-30,0.1449313,1.8767
1991-08-31,0.1431235,1.7383
1991-09-01,0.1414483,1.6192
1991-09-02,0.1398642,1.5629
1991-09-03,0.1382909,1.6015
1991-09-04,0.1366244,1.7504
1991-09-05,0.1347595,1.9910
1991-09-06,0.1326306,2.2669
1991-09-07,0.1302394,2.5019
1991-09-08,0.1276590,2.6405
1991-09-09,0.1249975,2.6618
1991-09-10,0.1223721,2.5731
1991-09-11,0.1198796,2.3994
1991-09-12,0.1175890,2.1785
1991-09-13,0.1155225,1.9578
1991-09-14,0.1136621,1.7711
1991-09-15,0.1119620,1.6392
1991-09-16,0.1103647,1.5643
1991-09-17,0.1088160,1.5417
1991-09-18,0.1072593,1.5851
1991-09-19,0.1056220,1.6998
1991-09-20,0.1038429,1.8647
1991-09-21,0.1018845,2.0538
1991-09-22,0.0997366,2.2392
1991-09-23,0.0974157,2.3960
1991-09-24,0.0949625,2.4991
1991-09-25,0.0924487,2.5087
1991-09-26,0.0899784,2.4185
1991-09-27,0.0876344,2.2601
1991-09-28,0.0854645,2.0827
1991-09-29,0.0834557,1.9451
1991-09-30,0.0815502,1.8797
1991-10-01,0.0796681,1.8990
1991-10-02,0.0777207,2.0127
1991-10-03,0.0756190,2.1975
1991-10-04,0.0733229,2.3906
1991-10-05,0.0708552,2.5315
1991-10-06,0.0682907,2.5799
1991-10-07,0.0657297,2.5254
1991-10-08,0.0632667,2.3904
1991-10-09,0.0609668,2.2016
1991-10-10,0.0588719,1.9875
1991-10-11,0.0569879,1.7851
1991-10-12,0.0552882,1.6231
1991-10-13,0.0537235,1.5155
1991-10-14,0.0522401,1.4590
1991-10-15,0.0507904,1.4479
1991-10-16,0.0493224,1.5027
1991-10-17,0.0477593,1.6346
1991-10-18,0.0460390,1.8092
1991-10-19,0.0441385,1.9911
1991-10-20,0.0420641,2.1510
1991-10-21,0.0398538,2.2590
1991-10-22,0.0375715,2.2907
1991-10-23,0.0352978,2.2462
1991-10-24,0.0331024,2.1319
1991-10-25,0.0310446,1.9857
1991-10-26,0.0291177,1.8794
1991-10-27,0.0272569,1.8597
1991-10-28,0.0253641,1.9426
1991-10-29,0.0233431,2.1111
1991-10-30,0.0211288,2.3187
1991-10-31,0.0187057,2.5261
1991-11-01,0.0160872,2.7015
1991-11-02,0.0133297,2.7959
1991-11-03,0.0105333,2.7766
1991-11-04,0.0078135,2.6462
1991-11-05,0.0052679,2.4346
1991-11-06,0.0029516,2.2011
1991-11-07,0.0008540,2.0029
1991-11-08,-0.0010755,1.8688
1991-11-09,-0.0029076,1.8067
1991-11-10,-0.0047103,1.8089
1991-11-11,-0.0065439,1.8667
1991-11-12,-0.0084584,1.9687
1991-11-13,-0.0104907,2.0991
1991-11-14,-0.0126622,2.2465
1991-11-15,-0.0149851,2.3981
1991-11-16,-0.0174530,2.5336
1991-11-17,-0.0200371,2.6234
1991-11-18,-0.0226747,2.6379
1991-11-19,-0.0252847,2.5678
1991-11-20,-0.0277885,2.4324
1991-11-21,-0.0301355,2.2549
1991-11-22,-0.0323002,2.0829
1991-11-23,-0.0343297,1.9959
1991-11-24,-0.0363352,2.0385
1991-11-25,-0.0384490,2.2080
1991-11-26,-0.0407792,2.4616
1991-11-27,-0.0433718,2.7142
1991-11-28,-0.0461809,2.8869
1991-11-29,-0.0491102,2.9536
1991-11-30,-0.0520528,2.9144
1991-12-01,-0.0549092,2.7858
1991-12-02,-0.0576043,2.5968
1991-12-03,-0.0600957,2.3864
1991-12-04,-0.0623817,2.1897
1991-12-05,-0.0644891,2.0349
1991-12-06,-0.0664703,1.9366
1991-12-07,-0.0683827,1.8994
1991-12-08,-0.0702903,1.9256
1991-12-09,-0.0722516,2.0048
1991-12-10,-0.0743130,2.1233
1991-12-11,-0.0765048,2.2616
1991-12-12,-0.0788346,2.3951
1991-12-13,-0.0812872,2.5053
1991-12-14,-0.0838333,2.5797
1991-12-15,-0.0864317,2.6092
1991-12-16,-0.0890322,2.5800
1991-12-17,-0.0915699,2.4854
1991-12-18,-0.0939843,2.3347
1991-12-19,-0.0962239,2.1379
1991-12-20,-0.0982662,1.9592
1991-12-21,-0.1001794,1.8916
1991-12-22,-0.1020941,1.9582
1991-12-23,-0.1041286,2.1232
1991-12-24,-0.1063544,2.3300
1991-12-25,-0.1087801,2.5113
1991-12-26,-0.1113499,2.6112
1991-12-27,-0.1139684,2.6088
1991-12-28,-0.1165351,2.5092
1991-12-29,-0.1189640,2.3412
1991-12-30,-0.1212098,2.1500
1991-12-31,-0.1232681,1.9712
1992-01-01,-0.1251659,1.8335
1992-01-02,-0.1269551,1.7556
1992-01-03,-0.1286996,1.7450
1992-01-04,-0.1304668,1.7995
1992-01-05,-0.1323166,1.9081
1992-01-06,-0.1342957,2.0548
1992-01-07,-0.1364324,2.2201
1992-01-08,-0.1387344,2.3807
1992-01-09,-0.1411861,2.5180
1992-01-10,-0.1437590,2.6210
1992-01-11,-0.1464111,2.6729
1992-01-12,-0.1490836,2.6613
1992-01-13,-0.1517124,2.5859
1992-01-14,-0.1542371,2.4555
1992-01-15,-0.1566178,2.3083
1992-01-16,-0.1588645,2.1937
1992-01-17,-0.1610304,2.1548
1992-01-18,-0.1632132,2.2332
1992-01-19,-0.1655376,2.4339
1992-01-20,-0.1681073,2.7136
1992-01-21,-0.1709648,2.9935
1992-01-22,-0.1740592,3.1682
1992-01-23,-0.1772490,3.1864
1992-01-24,-0.1803857,3.0656
1992-01-25,-0.1833489,2.8511
1992-01-26,-0.1860775,2.6056
1992-01-27,-0.1885657,2.3768
1992-01-28,-0.1908472,2.1964
1992-01-29,-0.1929856,2.0974
1992-01-30,-0.1950680,2.0764
1992-01-31,-0.1971564,2.1095
1992-02-01,-0.1993021,2.1877
1992-02-02,-0.2015417,2.2954
1992-02-03,-0.2038971,2.4158
1992-02-04,-0.2063706,2.5280
1992-02-05,-0.2089529,2.6394
1992-02-06,-0.2116447,2.7366
1992-02-07,-0.2144096,2.7841
1992-02-08,-0.2171890,2.7599
1992-02-09,-0.2199043,2.6606
1992-02-10,-0.2224926,2.5086
1992-02-11,-0.2249119,2.3279
1992-02-12,-0.2271526,2.1597
1992-02-13,-0.2292510,2.0505
1992-02-14,-0.2312855,2.0371
1992-02-15,-0.2333649,2.1427
1992-02-16,-0.2356063,2.3546
1992-02-17,-0.2380910,2.6173
1992-02-18,-0.2408320,2.8532
1992-02-19,-0.2437644,2.9900
1992-02-20,-0.2467653,2.9867
1992-02-21,-0.2496941,2.8523
1992-02-22,-0.2524464,2.6473
1992-02-23,-0.2549854,2.4325
1992-02-24,-0.2573213,2.2473
1992-02-25,-0.2594998,2.1213
1992-02-26,-0.2615761,2.0317
1992-02-27,-0.2635749,1.9770
1992-02-28,-0.2655501,1.9822
1992-02-29,-0.2675607,2.0516
1992-03-01,-0.2696748,2.1854
1992-03-02,-0.2719443,2.3575
1992-03-03,-0.2743931,2.5395
1992-03-04,-0.2770161,2.6999
1992-03-05,-0.2797752,2.8073
1992-03-06,-0.2826080,2.8466
1992-03-07,-0.2854469,2.8212
1992-03-08,-0.2882303,2.7353
1992-03-09,-0.2909004,2.5979
1992-03-10,-0.2934216,2.4468
1992-03-11,-0.2958209,2.3764
1992-03-12,-0.2982133,2.4228
1992-03-13,-0.3006978,2.5630
1992-03-14,-0.3033668,2.7858
1992-03-15,-0.3062863,3.0595
1992-03-16,-0.3094850,3.3309
1992-03-17,-0.3129225,3.5254
1992-03-18,-0.3164923,3.5892
1992-03-19,-0.3200528,3.5085
1992-03-20,-0.3234726,3.3178
1992-03-21,-0.3266688,3.0685
1992-03-22,-0.3296101,2.8209
1992-03-23,-0.3323293,2.6295
1992-03-24,-0.3348943,2.5136
1992-03-25,-0.3373785,2.4638
1992-03-26,-0.3398387,2.4643
1992-03-27,-0.3423203,2.5044
1992-03-28,-0.3448609,2.5847
1992-03-29,-0.3475017,2.7012
1992-03-30,-0.3502671,2.8293
1992-03-31,-0.3531561,2.9448
1992-04-01,-0.3561438,3.0214
1992-04-02,-0.3591784,3.0364
1992-04-03,-0.3621936,2.9824
1992-04-04,-0.3651228,2.8673
1992-04-05,-0.3679150,2.7127
1992-04-06,-0.3705455,2.5499
1992-04-07,-0.3730252,2.4183
1992-04-08,-0.3754075,2.3630
1992-04-09,-0.3777861,2.4123
1992-04-10,-0.3802656,2.5621
1992-04-11,-0.3829367,2.7913
1992-04-12,-0.3858606,3.0578
1992-04-13,-0.3890452,3.3030
1992-04-14,-0.3924419,3.4741
1992-04-15,-0.3959518,3.5205
1992-04-16,-0.3994317,3.4135
1992-04-17,-0.4027396,3.1891
1992-04-18,-0.4057934,2.9153
1992-04-19,-0.4085728,2.6495
1992-04-20,-0.4111091,2.4340
1992-04-21,-0.4134637,2.2873
1992-04-22,-0.4157139,2.2313
1992-04-23,-0.4179547,2.2605
1992-04-24,-0.4202520,2.3409
1992-04-25,-0.4226478,2.4552
1992-04-26,-0.4251665,2.5820
1992-04-27,-0.4278073,2.6954
1992-04-28,-0.4305458,2.7743
1992-04-29,-0.4333345,2.7891
1992-04-30,-0.4360990,2.7290
1992-05-01,-0.4387714,2.6056
1992-05-02,-0.4412945,2.4352
1992-05-03,-0.4436372,2.2509
1992-05-04,-0.4458046,2.0915
1992-05-05,-0.4478419,1.9970
1992-05-06,-0.4498295,1.9950
1992-05-07,-0.4518668,2.0977
1992-05-08,-0.4540540,2.2879
1992-05-09,-0.4564523,2.5074
1992-05-10,-0.4590577,2.6935
1992-05-11,-0.4618123,2.7985
1992-05-12,-0.4646183,2.7943
1992-05-13,-0.4673732,2.7070
1992-05-14,-0.4700106,2.5547
1992-05-15,-0.4724640,2.3465
1992-05-16,-0.4747028,2.1360
1992-05-17,-0.4767517,1.9727
1992-05-18,-0.4786725,1.8823
1992-05-19,-0.4805432,1.8725
1992-05-20,-0.4824386,1.9261
1992-05-21,-0.4844067,2.0138
1992-05-22,-0.4864668,2.1033
1992-05-23,-0.4886132,2.1926
1992-05-24,-0.4908520,2.2821
1992-05-25,-0.4931688,2.3460
1992-05-26,-0.4955306,2.3696
1992-05-27,-0.4978871,2.3304
1992-05-28,-0.5001655,2.2136
1992-05-29,-0.5022989,2.0504
1992-05-30,-0.5042618,1.8735
1992-05-31,-0.5060453,1.6949
1992-06-01,-0.5076662,1.5601
1992-06-02,-0.5091957,1.5159
1992-06-03,-0.5107342,1.5803
1992-06-04,-0.5123885,1.7411
1992-06-05,-0.5142293,1.9404
1992-06-06,-0.5162599,2.1114
1992-06-07,-0.5184265,2.2054
1992-06-08,-0.5206362,2.1957
1992-06-09,-0.5227857,2.0892
1992-06-10,-0.5247940,1.9209
1992-06-11,-0.5266195,1.7287
1992-06-12,-0.5282551,1.5475
1992-06-13,-0.5297292,1.4102
1992-06-14,-0.5310955,1.3327
1992-06-15,-0.5324140,1.3134
1992-06-16,-0.5337391,1.3445
1992-06-17,-0.5351158,1.4141
1992-06-18,-0.5365763,1.5106
1992-06-19,-0.5381414,1.6202
1992-06-20,-0.5398179,1.7332
1992-06-21,-0.5416018,1.8280
1992-06-22,-0.5434588,1.8774
1992-06-23,-0.5453387,1.8731
1992-06-24,-0.5471858,1.8111
1992-06-25,-0.5489437,1.6975
1992-06-26,-0.5505692,1.5491
1992-06-27,-0.5520372,1.3867
1992-06-28,-0.5533501,1.2467
1992-06-29,-0.5545515,1.1695
1992-06-30,-0.5557222,1.1918
1992-07-01,0.4430372,1.2973
1992-07-02,0.4416653,1.4565
1992-07-03,0.4401162,1.6397
1992-07-04,0.4384035,1.7703
1992-07-05,0.4366113,1.7940
1992-07-06,0.4348529,1.7054
1992-07-07,0.4332264,1.5389
1992-07-08,0.4317857,1.3405
1992-07-09,0.4305456,1.1414
1992-07-10,0.4294894,0.9827
1992-07-11,0.4285595,0.8860
1992-07-12,0.4276994,0.8432
1992-07-13,0.4268572,0.8482
1992-07-14,0.4259871,0.9010
1992-07-15,0.4250377,1.0063
1992-07-16,0.4239636,1.1444
1992-07-17,0.4227496,1.2806
1992-07-18,0.4214089,1.3974
1992-07-19,0.4199636,1.4877
1992-07-20,0.4184461,1.5402
1992-07-21,0.4168969,1.5515
1992-07-22,0.4153569,1.5213
1992-07-23,0.4138666,1.4542
1992-07-24,0.4124558,1.3653
1992-07-25,0.4111349,1.2797
1992-07-26,0.4098831,1.2340
1992-07-27,0.4086463,1.2501
1992-07-28,0.4073591,1.3376
1992-07-29,0.4059414,1.5142
1992-07-30,0.4043098,1.7533
1992-07-31,0.4024395,1.9781
1992-08-01,0.4003811,2.1204
1992-08-02,0.3982402,2.1384
1992-08-03,0.3961444,2.0362
1992-08-04,0.3941976,1.8445
1992-08-05,0.3924582,1.6442
1992-08-06,0.3909000,1.4714
1992-08-07,0.3895066,1.3248
1992-08-08,0.3882335,1.2287
1992-08-09,0.3870313,1.1862
1992-08-10,0.3858431,1.1978
1992-08-11,0.3846046,1.3029
1992-08-12,0.3832084,1.4949
1992-08-13,0.3816163,1.6825
1992-08-14,0.3798610,1.8172
1992-08-15,0.3780014,1.8934
1992-08-16,0.3760911,1.9188
1992-08-17,0.3741799,1.8958
1992-08-18,0.3723119,1.8354
1992-08-19,0.3705135,1.7616
1992-08-20,0.3687900,1.6839
1992-08-21,0.3671439,1.6114
1992-08-22,0.3655557,1.5732
1992-08-23,0.3639766,1.5976
1992-08-24,0.3623345,1.7001
1992-08-25,0.3605495,1.8833
1992-08-26,0.3585419,2.1444
1992-08-27,0.3562497,2.4385
1992-08-28,0.3536861,2.6692
1992-08-29,0.3509602,2.7534
1992-08-30,0.3482388,2.6592
1992-08-31,0.3456935,2.4097
1992-09-01,0.3434457,2.0811
1992-09-02,0.3415226,1.7786
1992-09-03,0.3398621,1.5552
1992-09-04,0.3383856,1.4117
1992-09-05,0.3370085,1.3589
1992-09-06,0.3356378,1.3962
1992-09-07,0.3341918,1.5063
1992-09-08,0.3326079,1.6681
1992-09-09,0.3308526,1.8389
1992-09-10,0.3289393,1.9822
1992-09-11,0.3269017,2.0848
1992-09-12,0.3247867,2.1362
1992-09-13,0.3226486,2.1298
1992-09-14,0.3205468,2.0643
1992-09-15,0.3185359,1.9511
1992-09-16,0.3166498,1.8224
1992-09-17,0.3148841,1.7146
1992-09-18,0.3132085,1.6431
1992-09-19,0.3115818,1.6199
1992-09-20,0.3099468,1.6625
1992-09-21,0.3082337,1.7746
1992-09-22,0.3063772,1.9480
1992-09-23,0.3043152,2.1888
1992-09-24,0.3019954,2.4420
1992-09-25,0.2994579,2.6150
1992-09-26,0.2968080,2.6602
1992-09-27,0.2941827,2.5700
1992-09-28,0.2916985,2.3885
1992-09-29,0.2894155,2.1777
1992-09-30,0.2873360,1.9882
1992-10-01,0.2854210,1.8530
1992-10-02,0.2836088,1.7815
1992-10-03,0.2818348,1.7795
1992-10-04,0.2800272,1.8454
1992-10-05,0.2781277,1.9602
1992-10-06,0.2760962,2.1067
1992-10-07,0.2739126,2.2581
1992-10-08,0.2715878,2.3859
1992-10-09,0.2691545,2.4727
1992-10-10,0.2666616,2.5021
1992-10-11,0.2641714,2.4682
1992-10-12,0.2617437,2.3789
1992-10-13,0.2594263,2.2516
1992-10-14,0.2572357,2.1387
1992-10-15,0.2551356,2.0656
1992-10-16,0.2530918,2.0304
1992-10-17,0.2510500,2.0696
1992-10-18,0.2489210,2.2037
1992-10-19,0.2466168,2.4151
1992-10-20,0.2440735,2.6784
1992-10-21,0.2412558,2.9543
1992-10-22,0.2381899,3.1553
1992-10-23,0.2349949,3.2071
1992-10-24,0.2318239,3.1144
1992-10-25,0.2288010,2.9170
1992-10-26,0.2260100,2.6593
1992-10-27,0.2234818,2.4035
1992-10-28,0.2211813,2.2130
1992-10-29,0.2190256,2.1131
1992-10-30,0.2169279,2.0947
1992-10-31,0.2148141,2.1427
1992-11-01,0.2126322,2.2218
1992-11-02,0.2103739,2.2909
1992-11-03,0.2080589,2.3347
1992-11-04,0.2057030,2.3832
1992-11-05,0.2032827,2.4613
1992-11-06,0.2007890,2.5136
1992-11-07,0.1982766,2.5026
1992-11-08,0.1957996,2.4441
1992-11-09,0.1934013,2.3467
1992-11-10,0.1911117,2.2326
1992-11-11,0.1889294,2.1385
1992-11-12,0.1868219,2.0828
1992-11-13,0.1847444,2.0851
1992-11-14,0.1826248,2.1680
1992-11-15,0.1803805,2.3348
1992-11-16,0.1779354,2.5612
1992-11-17,0.1752549,2.7974
1992-11-18,0.1723580,2.9815
1992-11-19,0.1693270,3.0604
1992-11-20,0.1662786,3.0152
1992-11-21,0.1633308,2.8676
1992-11-22,0.1605629,2.6615
1992-11-23,0.1580130,2.4396
1992-11-24,0.1556732,2.2491
1992-11-25,0.1534920,2.1271
1992-11-26,0.1513920,2.0861
1992-11-27,0.1492972,2.1130
1992-11-28,0.1471512,2.1842
1992-11-29,0.1449200,2.2818
1992-11-30,0.1425879,2.3785
1992-12-01,0.1401630,2.4752
1992-12-02,0.1376336,2.5837
1992-12-03,0.1350007,2.6770
1992-12-04,0.1322991,2.7117
1992-12-05,0.1295981,2.6839
1992-12-06,0.1269417,2.6249
1992-12-07,0.1243596,2.5322
1992-12-08,0.1218842,2.4190
1992-12-09,0.1195120,2.3347
1992-12-10,0.1171939,2.3130
1992-12-11,0.1148608,2.3668
1992-12-12,0.1124347,2.4973
1992-12-13,0.1098494,2.6782
1992-12-14,0.1070776,2.8614
1992-12-15,0.1041410,3.0016
1992-12-16,0.1011043,3.0522
1992-12-17,0.0980745,2.9892
1992-12-18,0.0951582,2.8295
1992-12-19,0.0924366,2.6066
1992-12-20,0.0899514,2.3646
1992-12-21,0.0876983,2.1501
1992-12-22,0.0856286,2.0034
1992-12-23,0.0836607,1.9490
1992-12-24,0.0817015,1.9820
1992-12-25,0.0796758,2.0779
1992-12-26,0.0775328,2.2126
1992-12-27,0.0752456,2.3624
1992-12-28,0.0728104,2.5050
1992-12-29,0.0702439,2.6226
1992-12-30,0.0675806,2.6940
1992-12-31,0.0648720,2.7170
1993-01-01,0.0621586,2.7038
1993-01-02,0.0594754,2.6575
1993-01-03,0.0568516,2.5872
1993-01-04,0.0543039,2.5083
1993-01-05,0.0518298,2.4451
1993-01-06,0.0494045,2.4096
1993-01-07,0.0469970,2.4148
1993-01-08,0.0445561,2.4764
1993-01-09,0.0420224,2.6034
1993-01-10,0.0393348,2.7739
1993-01-11,0.0364810,2.9251
1993-01-12,0.0335089,3.0034
1993-01-13,0.0305078,2.9810
1993-01-14,0.0275793,2.8613
1993-01-15,0.0248062,2.6786
1993-01-16,0.0222291,2.4749
1993-01-17,0.0198512,2.2867
1993-01-18,0.0176414,2.1414
1993-01-19,0.0155495,2.0527
1993-01-20,0.0135102,2.0414
1993-01-21,0.0114436,2.0995
1993-01-22,0.0092994,2.1932
1993-01-23,0.0070502,2.3081
1993-01-24,0.0046799,2.4329
1993-01-25,0.0021865,2.5515
1993-01-26,-0.0004188,2.6570
1993-01-27,-0.0031169,2.7305
1993-01-28,-0.0058587,2.7408
1993-01-29,-0.0085798,2.6949
1993-01-30,-0.0112369,2.6141
1993-01-31,-0.0138020,2.5152
1993-02-01,-0.0162687,2.4203
1993-02-02,-0.0186532,2.3570
1993-02-03,-0.0210060,2.3635
1993-02-04,-0.0234108,2.4618
1993-02-05,-0.0259598,2.6506
1993-02-06,-0.0287326,2.9011
1993-02-07,-0.0317622,3.1521
1993-02-08,-0.0350123,3.3296
1993-02-09,-0.0383801,3.3832
1993-02-10,-0.0417313,3.2947
1993-02-11,-0.0449274,3.0799
1993-02-12,-0.0478682,2.7964
1993-02-13,-0.0505241,2.5248
1993-02-14,-0.0529420,2.3260
1993-02-15,-0.0552062,2.2176
1993-02-16,-0.0574086,2.2032
1993-02-17,-0.0596371,2.2621
1993-02-18,-0.0619484,2.3679
1993-02-19,-0.0643843,2.5080
1993-02-20,-0.0669654,2.6510
1993-02-21,-0.0696767,2.7651
1993-02-22,-0.0724794,2.8306
1993-02-23,-0.0753175,2.8350
1993-02-24,-0.0781319,2.7869
1993-02-25,-0.0808788,2.7011
1993-02-26,-0.0835249,2.5876
1993-02-27,-0.0860497,2.4613
1993-02-28,-0.0884491,2.3397
1993-03-01,-0.0907370,2.2419
1993-03-02,-0.0929494,2.1938
1993-03-03,-0.0951520,2.2281
1993-03-04,-0.0974371,2.3571
1993-03-05,-0.0998912,2.5610
1993-03-06,-0.1025743,2.8103
1993-03-07,-0.1055100,3.0541
1993-03-08,-0.1086584,3.2254
1993-03-09,-0.1119232,3.2838
1993-03-10,-0.1151838,3.2157
1993-03-11,-0.1183210,3.0467
1993-03-12,-0.1212646,2.8398
1993-03-13,-0.1240096,2.6600
1993-03-14,-0.1266065,2.5461
1993-03-15,-0.1291234,2.4971
1993-03-16,-0.1316186,2.5020
1993-03-17,-0.1341417,2.5499
1993-03-18,-0.1367277,2.6256
1993-03-19,-0.1393974,2.7147
1993-03-20,-0.1421558,2.8001
1993-03-21,-0.1449906,2.8647
1993-03-22,-0.1478732,2.8934
1993-03-23,-0.1507642,2.8826
1993-03-24,-0.1536251,2.8320
1993-03-25,-0.1564110,2.7300
1993-03-26,-0.1590763,2.6017
1993-03-27,-0.1616165,2.4798
1993-03-28,-0.1640415,2.3746
1993-03-29,-0.1663773,2.3040
1993-03-30,-0.1686679,2.2885
1993-03-31,-0.1709824,2.3573
1993-04-01,-0.1734134,2.5188
1993-04-02,-0.1760424,2.7474
1993-04-03,-0.1789153,2.9973
1993-04-04,-0.1820242,3.2089
1993-04-05,-0.1853021,3.3277
1993-04-06,-0.1886421,3.3340
1993-04-07,-0.1919338,3.2312
1993-04-08,-0.1950789,3.0515
1993-04-09,-0.1980334,2.8618
1993-04-10,-0.2008176,2.7176
1993-04-11,-0.2034918,2.6431
1993-04-12,-0.2061237,2.6282
1993-04-13,-0.2087629,2.6572
1993-04-14,-0.2114559,2.7395
1993-04-15,-0.2142492,2.8438
1993-04-16,-0.2171343,2.9204
1993-04-17,-0.2200786,2.9628
1993-04-18,-0.2230481,2.9699
1993-04-19,-0.2260048,2.9362
1993-04-20,-0.2289091,2.8684
1993-04-21,-0.2317422,2.8024
1993-04-22,-0.2345212,2.7584
1993-04-23,-0.2372538,2.6990
1993-04-24,-0.2399125,2.6195
1993-04-25,-0.2424995,2.5600
1993-04-26,-0.2450436,2.5339
1993-04-27,-0.2475871,2.5672
1993-04-28,-0.2502132,2.7060
1993-04-29,-0.2530302,2.9383
1993-04-30,-0.2560944,3.1846
1993-05-01,-0.2593827,3.3808
1993-05-02,-0.2628253,3.4850
1993-05-03,-0.2663097,3.4602
1993-05-04,-0.2697007,3.3004
1993-05-05,-0.2728818,3.0545
1993-05-06,-0.2758031,2.7886
1993-05-07,-0.2784728,2.5639
1993-05-08,-0.2809586,2.4224
1993-05-09,-0.2833450,2.3632
1993-05-10,-0.2857062,2.3678
1993-05-11,-0.2880913,2.4047
1993-05-12,-0.2905148,2.4394
1993-05-13,-0.2929705,2.4754
1993-05-14,-0.2954714,2.5290
1993-05-15,-0.2980267,2.5773
1993-05-16,-0.3006161,2.5961
1993-05-17,-0.3032068,2.5788
1993-05-18,-0.3057621,2.5268
1993-05-19,-0.3082495,2.4422
1993-05-20,-0.3106377,2.3312
1993-05-21,-0.3129125,2.2219
1993-05-22,-0.3150909,2.1407
1993-05-23,-0.3172109,2.1104
1993-05-24,-0.3193351,2.1504
1993-05-25,-0.3215356,2.2621
1993-05-26,-0.3238752,2.4214
1993-05-27,-0.3263831,2.5948
1993-05-28,-0.3290589,2.7504
1993-05-29,-0.3318646,2.8481
1993-05-30,-0.3347260,2.8585
1993-05-31,-0.3375493,2.7720
1993-06-01,-0.3402416,2.6002
1993-06-02,-0.3427310,2.3724
1993-06-03,-0.3449852,2.1410
1993-06-04,-0.3470306,1.9623
1993-06-05,-0.3489374,1.8665
1993-06-06,-0.3507926,1.8576
1993-06-07,-0.3526748,1.9154
1993-06-08,-0.3546356,2.0099
1993-06-09,-0.3566934,2.1009
1993-06-10,-0.3588322,2.1764
1993-06-11,-0.3610400,2.2334
1993-06-12,-0.3632859,2.2510
1993-06-13,-0.3655270,2.2235
1993-06-14,-0.3677184,2.1525
1993-06-15,-0.3698199,2.0451
1993-06-16,-0.3718032,1.9214
1993-06-17,-0.3736668,1.8101
1993-06-18,-0.3754318,1.7240
1993-06-19,-0.3771281,1.6779
1993-06-20,-0.3788093,1.6968
1993-06-21,-0.3805452,1.7863
1993-06-22,-0.3824011,1.9333
1993-06-23,-0.3844170,2.0959
1993-06-24,-0.3865828,2.2283
1993-06-25,-0.3888564,2.3092
1993-06-26,-0.3911783,2.3215
1993-06-27,-0.3934703,2.2464
1993-06-28,-0.3956430,2.0868
1993-06-29,-0.3976266,1.8751
1993-06-30,-0.3993948,1.6680
1993-07-01,0.5990213,1.5090
1993-07-02,0.5975665,1.4121
1993-07-03,0.5961744,1.3833
1993-07-04,0.5947809,1.4115
1993-07-05,0.5933398,1.4745
1993-07-06,0.5918288,1.5469
1993-07-07,0.5902506,1.6057
1993-07-08,0.5886275,1.6344
1993-07-09,0.5869933,1.6287
1993-07-10,0.5853792,1.5956
1993-07-11,0.5838086,1.5430
1993-07-12,0.5822970,1.4789
1993-07-13,0.5808503,1.4162
1993-07-14,0.5794606,1.3654
1993-07-15,0.5781205,1.3117
1993-07-16,0.5768360,1.2618
1993-07-17,0.5755834,1.2525
1993-07-18,0.5743061,1.3178
1993-07-19,0.5729185,1.4709
1993-07-20,0.5713440,1.6847
1993-07-21,0.5695386,1.9299
1993-07-22,0.5674946,2.1440
1993-07-23,0.5652874,2.2478
1993-07-24,0.5630427,2.2204
1993-07-25,0.5608826,2.0849
1993-07-26,0.5588936,1.8872
1993-07-27,0.5571115,1.6798
1993-07-28,0.5555207,1.5125
1993-07-29,0.5540573,1.4327
1993-07-30,0.5526292,1.4312
1993-07-31,0.5511775,1.4819
1993-08-01,0.5496503,1.5778
1993-08-02,0.5480148,1.6950
1993-08-03,0.5462606,1.8114
1993-08-04,0.5443964,1.9146
1993-08-05,0.5424400,1.9919
1993-08-06,0.5404326,2.0093
1993-08-07,0.5384428,1.9624
1993-08-08,0.5365217,1.8739
1993-08-09,0.5347039,1.7586
1993-08-10,0.5330091,1.6295
1993-08-11,0.5314394,1.5168
1993-08-12,0.5299581,1.4562
1993-08-13,0.5285050,1.4617
1993-08-14,0.5270087,1.5454
1993-08-15,0.5253878,1.7083
1993-08-16,0.5235733,1.9276
1993-08-17,0.5215268,2.1641
1993-08-18,0.5192517,2.3806
1993-08-19,0.5167860,2.5358
1993-08-20,0.5142177,2.5781
1993-08-21,0.5116731,2.4904
1993-08-22,0.5092691,2.3059
1993-08-23,0.5070750,2.0803
1993-08-24,0.5051055,1.8639
1993-08-25,0.5033306,1.6974
1993-08-26,0.5016878,1.5997
1993-08-27,0.5001067,1.5756
1993-08-28,0.4985141,1.6191
1993-08-29,0.4968532,1.7086
1993-08-30,0.4950890,1.8219
1993-08-31,0.4932083,1.9384
1993-09-01,0.4912173,2.0395
1993-09-02,0.4891434,2.0983
1993-09-03,0.4870396,2.1003
1993-09-04,0.4849585,2.0551
1993-09-05,0.4829399,1.9783
1993-09-06,0.4810059,1.8895
1993-09-07,0.4791580,1.8095
1993-09-08,0.4773818,1.7449
1993-09-09,0.4756563,1.7159
1993-09-10,0.4739272,1.7553
1993-09-11,0.4721191,1.8747
1993-09-12,0.4701520,2.0717
1993-09-13,0.4679584,2.3207
1993-09-14,0.4655095,2.5730
1993-09-15,0.4628317,2.7673
1993-09-16,0.4600133,2.8463
1993-09-17,0.4571853,2.7868
1993-09-18,0.4544769,2.6156
1993-09-19,0.4519709,2.3939
1993-09-20,0.4496832,2.1901
1993-09-21,0.4475661,2.0603
1993-09-22,0.4455329,2.0195
1993-09-23,0.4435076,2.0370
1993-09-24,0.4414444,2.0979
1993-09-25,0.4393015,2.1898
1993-09-26,0.4370639,2.2843
1993-09-27,0.4347381,2.3632
1993-09-28,0.4323477,2.4115
1993-09-29,0.4299313,2.4111
1993-09-30,0.4275388,2.3707
1993-10-01,0.4251950,2.3148
1993-10-02,0.4229131,2.2470
1993-10-03,0.4207018,2.1768
1993-10-04,0.4185543,2.1223
1993-10-05,0.4164466,2.0995
1993-10-06,0.4143404,2.1215
1993-10-07,0.4121937,2.1732
1993-10-08,0.4099838,2.2556
1993-10-09,0.4076625,2.3978
1993-10-10,0.4051683,2.5995
1993-10-11,0.4024520,2.8358
1993-10-12,0.3995004,3.0611
1993-10-13,0.3963465,3.2365
1993-10-14,0.3930652,3.2986
1993-10-15,0.3898006,3.2069
1993-10-16,0.3866883,3.0044
1993-10-17,0.3838059,2.7596
1993-10-18,0.3811603,2.5414
1993-10-19,0.3786989,2.3959
1993-10-20,0.3763377,2.3427
1993-10-21,0.3739835,2.3794
1993-10-22,0.3715615,2.4684
1993-10-23,0.3690436,2.5669
1993-10-24,0.3664313,2.6548
1993-10-25,0.3637412,2.7212
1993-10-26,0.3609983,2.7592
1993-10-27,0.3582351,2.7601
1993-10-28,0.3554925,2.7178
1993-10-29,0.3528112,2.6404
1993-10-30,0.3502189,2.5413
1993-10-31,0.3477323,2.4312
1993-11-01,0.3453552,2.3250
1993-11-02,0.3430746,2.2420
1993-11-03,0.3408610,2.1897
1993-11-04,0.3386812,2.1794
1993-11-05,0.3364773,2.2439
1993-11-06,0.3341663,2.3895
1993-11-07,0.3316799,2.5901
1993-11-08,0.3289803,2.8082
1993-11-09,0.3260735,2.9964
1993-11-10,0.3230149,3.1022
1993-11-11,0.3199099,3.0854
1993-11-12,0.3168824,2.9536
1993-11-13,0.3140265,2.7505
1993-11-14,0.3113862,2.5331
1993-11-15,0.3089460,2.3585
1993-11-16,0.3066442,2.2588
1993-11-17,0.3044037,2.2332
1993-11-18,0.3021586,2.2653
1993-11-19,0.2998625,2.3293
1993-11-20,0.2974989,2.3966
1993-11-21,0.2950742,2.4494
1993-11-22,0.2926080,2.4787
1993-11-23,0.2901262,2.4798
1993-11-24,0.2876592,2.4483
1993-11-25,0.2852429,2.3768
1993-11-26,0.2829157,2.2751
1993-11-27,0.2806969,2.1610
1993-11-28,0.2785951,2.0429
1993-11-29,0.2766102,1.9275
1993-11-30,0.2747371,1.8210
1993-12-01,0.2729433,1.7892
1993-12-02,0.2711311,1.8401
1993-12-03,0.2692456,1.9434
1993-12-04,0.2672240,2.1076
1993-12-05,0.2650202,2.3025
1993-12-06,0.2626204,2.4933
1993-12-07,0.2600449,2.6501
1993-12-08,0.2573477,2.7245
1993-12-09,0.2546311,2.6932
1993-12-10,0.2519876,2.5829
1993-12-11,0.2494785,2.4331
1993-12-12,0.2471184,2.2924
1993-12-13,0.2448753,2.2070
1993-12-14,0.2426777,2.2019
1993-12-15,0.2404437,2.2803
1993-12-16,0.2381006,2.4082
1993-12-17,0.2356329,2.5194
1993-12-18,0.2330752,2.5903
1993-12-19,0.2304630,2.6290
1993-12-20,0.2278256,2.6425
1993-12-21,0.2251828,2.6415
1993-12-22,0.2225602,2.5875
1993-12-23,0.2200253,2.4810
1993-12-24,0.2175975,2.3767
1993-12-25,0.2152701,2.2779
1993-12-26,0.2130385,2.1885
1993-12-27,0.2108839,2.1265
1993-12-28,0.2087707,2.1089
1993-12-29,0.2066483,2.1448
1993-12-30,0.2044522,2.2673
1993-12-31,0.2020922,2.4544
1994-01-01,0.1995463,2.6327
1994-01-02,0.1968423,2.7646
1994-01-03,0.1940431,2.8187
1994-01-04,0.1912364,2.7783
1994-01-05,0.1885145,2.6539
1994-01-06,0.1859434,2.4852
1994-01-07,0.1835491,2.3015
1994-01-08,0.1813362,2.1303
1994-01-09,0.1792693,2.0168
1994-01-10,0.1772761,1.9828
1994-01-11,0.1752829,2.0110
1994-01-12,0.1732318,2.1059
1994-01-13,0.1710547,2.2498
1994-01-14,0.1687436,2.3594
1994-01-15,0.1663686,2.3710
1994-01-16,0.1640235,2.3168
1994-01-17,0.1617322,2.2710
1994-01-18,0.1594805,2.2281
1994-01-19,0.1572930,2.1343
1994-01-20,0.1552178,2.0229
1994-01-21,0.1532284,1.9679
1994-01-22,0.1512732,1.9394
1994-01-23,0.1493454,1.9236
1994-01-24,0.1474146,1.9419
1994-01-25,0.1454455,2.0084
1994-01-26,0.1433675,2.1658
1994-01-27,0.1410944,2.3817
1994-01-28,0.1386086,2.5843
1994-01-29,0.1359406,2.7427
1994-01-30,0.1331486,2.8249
1994-01-31,0.1303237,2.8085
1994-02-01,0.1275650,2.6919
1994-02-02,0.1249650,2.4999
1994-02-03,0.1225700,2.2935
1994-02-04,0.1203695,2.1126
1994-02-05,0.1183296,1.9772
1994-02-06,0.1163916,1.9122
1994-02-07,0.1144762,1.9341
1994-02-08,0.1125004,2.0249
1994-02-09,0.1104190,2.1377
1994-02-10,0.1082275,2.2428
1994-02-11,0.1059438,2.3165
1994-02-12,0.1036081,2.3493
1994-02-13,0.1012548,2.3532
1994-02-14,0.0989113,2.3283
1994-02-15,0.0966092,2.2704
1994-02-16,0.0943799,2.1842
1994-02-17,0.0922394,2.1020
1994-02-18,0.0901679,2.0437
1994-02-19,0.0881438,2.0099
1994-02-20,0.0861319,2.0247
1994-02-21,0.0840724,2.1054
1994-02-22,0.0818996,2.2504
1994-02-23,0.0795473,2.4681
1994-02-24,0.0769445,2.7425
1994-02-25,0.0740622,3.0174
1994-02-26,0.0709277,3.2385
1994-02-27,0.0676180,3.3612
1994-02-28,0.0642465,3.3603
1994-03-01,0.0609350,3.2465
1994-03-02,0.0577749,3.0684
1994-03-03,0.0548037,2.8736
1994-03-04,0.0520238,2.6904
1994-03-05,0.0494091,2.5485
1994-03-06,0.0469026,2.4792
1994-03-07,0.0444265,2.4825
1994-03-08,0.0419231,2.5294
1994-03-09,0.0393590,2.6025
1994-03-10,0.0367196,2.6713
1994-03-11,0.0340346,2.6857
1994-03-12,0.0313708,2.6323
1994-03-13,0.0287815,2.5445
1994-03-14,0.0262847,2.4480
1994-03-15,0.0238858,2.3507
1994-03-16,0.0215771,2.2720
1994-03-17,0.0193410,2.1956
1994-03-18,0.0171831,2.1275
1994-03-19,0.0150715,2.1027
1994-03-20,0.0129606,2.1291
1994-03-21,0.0107926,2.2177
1994-03-22,0.0085045,2.3686
1994-03-23,0.0060354,2.5797
1994-03-24,0.0033354,2.8200
1994-03-25,0.0003978,3.0533
1994-03-26,-0.0027501,3.2234
1994-03-27,-0.0060058,3.2638
1994-03-28,-0.0092311,3.1643
1994-03-29,-0.0122978,2.9551
1994-03-30,-0.0151325,2.7197
1994-03-31,-0.0177530,2.5319
1994-04-01,-0.0202185,2.4109
1994-04-02,-0.0226006,2.3673
1994-04-03,-0.0249765,2.3938
1994-04-04,-0.0273982,2.4502
1994-04-05,-0.0298750,2.5010
1994-04-06,-0.0323998,2.5505
1994-04-07,-0.0349757,2.5993
1994-04-08,-0.0375914,2.6273
1994-04-09,-0.0402202,2.6249
1994-04-10,-0.0428300,2.5890
1994-04-11,-0.0453863,2.5175
1994-04-12,-0.0478555,2.4177
1994-04-13,-0.0502190,2.3099
1994-04-14,-0.0524782,2.2107
1994-04-15,-0.0546467,2.1304
1994-04-16,-0.0567550,2.0982
1994-04-17,-0.0588659,2.1345
1994-04-18,-0.0610451,2.2343
1994-04-19,-0.0633530,2.3898
1994-04-20,-0.0658316,2.5660
1994-04-21,-0.0684879,2.7509
1994-04-22,-0.0713369,2.9463
1994-04-23,-0.0743670,3.1014
1994-04-24,-0.0775057,3.1546
1994-04-25,-0.0806326,3.0769
1994-04-26,-0.0836236,2.8916
1994-04-27,-0.0864045,2.6725
1994-04-28,-0.0889870,2.5087
1994-04-29,-0.0914543,2.4420
1994-04-30,-0.0938970,2.4531
1994-05-01,-0.0963745,2.5061
1994-05-02,-0.0989117,2.5664
1994-05-03,-0.1015009,2.6074
1994-05-04,-0.1041202,2.6293
1994-05-05,-0.1067542,2.6351
1994-05-06,-0.1093791,2.6069
1994-05-07,-0.1119560,2.5427
1994-05-08,-0.1144588,2.4613
1994-05-09,-0.1168745,2.3677
1994-05-10,-0.1191924,2.2686
1994-05-11,-0.1214215,2.1990
1994-05-12,-0.1236039,2.1700
1994-05-13,-0.1257643,2.1493
1994-05-14,-0.1279126,2.1590
1994-05-15,-0.1300998,2.2213
1994-05-16,-0.1323669,2.3187
1994-05-17,-0.1347455,2.4411
1994-05-18,-0.1372521,2.5725
1994-05-19,-0.1398877,2.6955
1994-05-20,-0.1426278,2.7725
1994-05-21,-0.1454058,2.7688
1994-05-22,-0.1481354,2.6751
1994-05-23,-0.1507309,2.5062
1994-05-24,-0.1531355,2.3005
1994-05-25,-0.1553330,2.0982
1994-05-26,-0.1573521,1.9566
1994-05-27,-0.1592733,1.8965
1994-05-28,-0.1611645,1.8947
1994-05-29,-0.1630746,1.9287
1994-05-30,-0.1650252,1.9724
1994-05-31,-0.1670173,2.0096
1994-06-01,-0.1690352,2.0193
1994-06-02,-0.1710415,1.9860
1994-06-03,-0.1729949,1.9159
1994-06-04,-0.1748653,1.8219
1994-06-05,-0.1766344,1.7148
1994-06-06,-0.1782929,1.6015
1994-06-07,-0.1798400,1.4961
1994-06-08,-0.1812939,1.4172
1994-06-09,-0.1826882,1.3798
1994-06-10,-0.1840746,1.4058
1994-06-11,-0.1855206,1.4943
1994-06-12,-0.1870763,1.6222
1994-06-13,-0.1887730,1.7741
1994-06-14,-0.1906264,1.9318
1994-06-15,-0.1926260,2.0576
1994-06-16,-0.1947228,2.1268
1994-06-17,-0.1968590,2.1341
1994-06-18,-0.1989662,2.0671
1994-06-19,-0.2009678,1.9239
1994-06-20,-0.2027948,1.7232
1994-06-21,-0.2044087,1.5059
1994-06-22,-0.2058218,1.3341
1994-06-23,-0.2071025,1.2392
1994-06-24,-0.2083225,1.2114
1994-06-25,-0.2095437,1.2389
1994-06-26,-0.2108083,1.2903
1994-06-27,-0.2121210,1.3319
1994-06-28,-0.2134615,1.3419
1994-06-29,-0.2147828,1.2859
1994-06-30,-0.2160228,1.1984
1994-07-01,0.7828109,1.1396
1994-07-02,0.7816975,1.0824
1994-07-03,0.7806515,1.0089
1994-07-04,0.7796789,0.9377
1994-07-05,0.7787705,0.8833
1994-07-06,0.7779035,0.8552
1994-07-07,0.7770447,0.8731
1994-07-08,0.7761297,0.9737
1994-07-09,0.7750741,1.1439
1994-07-10,0.7738328,1.3414
1994-07-11,0.7723900,1.5430
1994-07-12,0.7707553,1.7193
1994-07-13,0.7689669,1.8492
1994-07-14,0.7670791,1.9124
1994-07-15,0.7651605,1.9204
1994-07-16,0.7632557,1.8763
1994-07-17,0.7614293,1.7680
1994-07-18,0.7597324,1.6217
1994-07-19,0.7581883,1.4681
1994-07-20,0.7567882,1.3386
1994-07-21,0.7554893,1.2743
1994-07-22,0.7542091,1.3013
1994-07-23,0.7528648,1.3941
1994-07-24,0.7514198,1.4901
1994-07-25,0.7498981,1.5457
1994-07-26,0.7483448,1.5521
1994-07-27,0.7468115,1.5058
1994-07-28,0.7453400,1.4390
1994-07-29,0.7439266,1.3929
1994-07-30,0.7425542,1.3466
1994-07-31,0.7412412,1.2767
1994-08-01,0.7400041,1.1970
1994-08-02,0.7388451,1.1236
1994-08-03,0.7377366,1.1110
1994-08-04,0.7365978,1.1742
1994-08-05,0.7353751,1.2766
1994-08-06,0.7340345,1.4092
1994-08-07,0.7325534,1.5517
1994-08-08,0.7309369,1.6768
1994-08-09,0.7292178,1.7480
1994-08-10,0.7274568,1.7713
1994-08-11,0.7256896,1.7512
1994-08-12,0.7239789,1.6577
1994-08-13,0.7223926,1.5089
1994-08-14,0.7209637,1.3523
1994-08-15,0.7196732,1.2402
1994-08-16,0.7184578,1.2047
1994-08-17,0.7172443,1.2276
1994-08-18,0.7159879,1.2947
1994-08-19,0.7146405,1.4050
1994-08-20,0.7131720,1.5329
1994-08-21,0.7115773,1.6529
1994-08-22,0.7098773,1.7397
1994-08-23,0.7081134,1.7799
1994-08-24,0.7063344,1.7693
1994-08-25,0.7045941,1.7009
1994-08-26,0.7029353,1.6244
1994-08-27,0.7013388,1.5674
1994-08-28,0.6998011,1.5086
1994-08-29,0.6983189,1.4578
1994-08-30,0.6968799,1.4237
1994-08-31,0.6954548,1.4398
1994-09-01,0.6939743,1.5340
1994-09-02,0.6923658,1.6913
1994-09-03,0.6905762,1.8952
1994-09-04,0.6885671,2.1240
1994-09-05,0.6863347,2.3334
1994-09-06,0.6839213,2.4798
1994-09-07,0.6814073,2.5294
1994-09-08,0.6788759,2.5387
1994-09-09,0.6763445,2.5042
1994-09-10,0.6738905,2.4007
1994-09-11,0.6715435,2.2959
1994-09-12,0.6692876,2.2243
1994-09-13,0.6670763,2.2084
1994-09-14,0.6648538,2.2434
1994-09-15,0.6625752,2.3212
1994-09-16,0.6601972,2.4414
1994-09-17,0.6576935,2.5583
1994-09-18,0.6550986,2.6213
1994-09-19,0.6524714,2.6228
1994-09-20,0.6498729,2.5645
1994-09-21,0.6473512,2.4797
1994-09-22,0.6449183,2.3806
1994-09-23,0.6425989,2.2548
1994-09-24,0.6404093,2.1271
1994-09-25,0.6383363,2.0244
1994-09-26,0.6363481,1.9587
1994-09-27,0.6344044,1.9365
1994-09-28,0.6324622,1.9532
1994-09-29,0.6304832,2.0144
1994-09-30,0.6284133,2.1359
1994-10-01,0.6261946,2.3078
1994-10-02,0.6237917,2.4978
1994-10-03,0.6212025,2.6772
1994-10-04,0.6184507,2.8164
1994-10-05,0.6155973,2.8730
1994-10-06,0.6127436,2.8130
1994-10-07,0.6100033,2.6571
1994-10-08,0.6074360,2.4813
1994-10-09,0.6050261,2.3492
1994-10-10,0.6027139,2.2882
1994-10-11,0.6004259,2.2986
1994-10-12,0.5981002,2.3584
1994-10-13,0.5957037,2.4344
1994-10-14,0.5932348,2.5003
1994-10-15,0.5907126,2.5377
1994-10-16,0.5881747,2.5292
1994-10-17,0.5856728,2.4650
1994-10-18,0.5832630,2.3458
1994-10-19,0.5809904,2.1989
1994-10-20,0.5788572,2.0761
1994-10-21,0.5768235,1.9973
1994-10-22,0.5748526,1.9483
1994-10-23,0.5729171,1.9287
1994-10-24,0.5709825,1.9471
1994-10-25,0.5690086,2.0083
1994-10-26,0.5669519,2.1115
1994-10-27,0.5647765,2.2419
1994-10-28,0.5624601,2.3964
1994-10-29,0.5599758,2.5748
1994-10-30,0.5573114,2.7507
1994-10-31,0.5544868,2.8894
1994-11-01,0.5515554,2.9599
1994-11-02,0.5485957,2.9445
1994-11-03,0.5456979,2.8346
1994-11-04,0.5429476,2.6615
1994-11-05,0.5403745,2.4897
1994-11-06,0.5379513,2.3687
1994-11-07,0.5356145,2.3154
1994-11-08,0.5333038,2.3121
1994-11-09,0.5309748,2.3554
1994-11-10,0.5285843,2.4250
1994-11-11,0.5261290,2.4822
1994-11-12,0.5236296,2.5105
1994-11-13,0.5211201,2.5025
1994-11-14,0.5186349,2.4635
1994-11-15,0.5162007,2.4019
1994-11-16,0.5138370,2.3228
1994-11-17,0.5115599,2.2293
1994-11-18,0.5093791,2.1336
1994-11-19,0.5072870,2.0548
1994-11-20,0.5052570,2.0133
1994-11-21,0.5032430,2.0239
1994-11-22,0.5011910,2.0891
1994-11-23,0.4990469,2.2081
1994-11-24,0.4967631,2.3621
1994-11-25,0.4943220,2.5182
1994-11-26,0.4917334,2.6543
1994-11-27,0.4890261,2.7525
1994-11-28,0.4862486,2.7901
1994-11-29,0.4834729,2.7465
1994-11-30,0.4807677,2.6664
1994-12-01,0.4781431,2.5771
1994-12-02,0.4756221,2.4619
1994-12-03,0.4732160,2.3565
1994-12-04,0.4708927,2.3003
1994-12-05,0.4685931,2.3109
1994-12-06,0.4662530,2.3752
1994-12-07,0.4638394,2.4493
1994-12-08,0.4613633,2.4966
1994-12-09,0.4588573,2.5104
1994-12-10,0.4563510,2.4986
1994-12-11,0.4538660,2.4690
1994-12-12,0.4514165,2.4288
1994-12-13,0.4490087,2.3877
1994-12-14,0.4466520,2.3139
1994-12-15,0.4443833,2.2330
1994-12-16,0.4421698,2.2006
1994-12-17,0.4399654,2.2182
1994-12-18,0.4377156,2.2892
1994-12-19,0.4353719,2.4056
1994-12-20,0.4328901,2.5650
1994-12-21,0.4302465,2.7106
1994-12-22,0.4274816,2.8181
1994-12-23,0.4246107,2.9243
1994-12-24,0.4216372,3.0178
1994-12-25,0.4185881,3.0722
1994-12-26,0.4155109,3.0723
1994-12-27,0.4124641,3.0106
1994-12-28,0.4095048,2.9037
1994-12-29,0.4066659,2.7694
1994-12-30,0.4039556,2.6665
1994-12-31,0.4013070,2.6414
1995-01-01,0.3986518,2.6795
1995-01-02,0.3959303,2.7708
1995-01-03,0.3931028,2.8841
1995-01-04,0.3901693,2.9756
1995-01-05,0.3871735,3.0014
1995-01-06,0.3841909,2.9540
1995-01-07,0.3812834,2.8529
1995-01-08,0.3784981,2.7128
1995-01-09,0.3758648,2.5516
1995-01-10,0.3733976,2.3824
1995-01-11,0.3710918,2.2379
1995-01-12,0.3689052,2.1433
1995-01-13,0.3667916,2.0895
1995-01-14,0.3647120,2.0783
1995-01-15,0.3626203,2.1111
1995-01-16,0.3604790,2.1762
1995-01-17,0.3582594,2.2669
1995-01-18,0.3559299,2.4035
1995-01-19,0.3534465,2.5576
1995-01-20,0.3508239,2.6839
1995-01-21,0.3480889,2.7794
1995-01-22,0.3452784,2.8348
1995-01-23,0.3424344,2.8447
1995-01-24,0.3396055,2.8050
1995-01-25,0.3368327,2.7404
1995-01-26,0.3341203,2.6891
1995-01-27,0.3314486,2.6555
1995-01-28,0.3287973,2.6578
1995-01-29,0.3261154,2.7130
1995-01-30,0.3233627,2.7940
1995-01-31,0.3205310,2.8640
1995-02-01,0.3176496,2.8891
1995-02-02,0.3147658,2.8750
1995-02-03,0.3119044,2.8464
1995-02-04,0.3090820,2.7908
1995-02-05,0.3063335,2.7030
1995-02-06,0.3036832,2.5936
1995-02-07,0.3011537,2.4622
1995-02-08,0.2987626,2.3196
1995-02-09,0.2965010,2.2177
1995-02-10,0.2943080,2.1736
1995-02-11,0.2921430,2.1621
1995-02-12,0.2899689,2.1954
1995-02-13,0.2877352,2.2796
1995-02-14,0.2853965,2.4033
1995-02-15,0.2829157,2.5656
1995-02-16,0.2802655,2.7271
1995-02-17,0.2774826,2.8252
1995-02-18,0.2746389,2.8517
1995-02-19,0.2718002,2.8151
1995-02-20,0.2690260,2.7265
1995-02-21,0.2663551,2.6142
1995-02-22,0.2637950,2.5099
1995-02-23,0.2613224,2.4445
1995-02-24,0.2588823,2.4502
1995-02-25,0.2563985,2.5262
1995-02-26,0.2538155,2.6453
1995-02-27,0.2511036,2.7774
1995-02-28,0.2482672,2.8901
1995-03-01,0.2453328,2.9747
1995-03-02,0.2423278,3.0295
1995-03-03,0.2392832,3.0562
1995-03-04,0.2362293,3.0412
1995-03-05,0.2332196,2.9698
1995-03-06,0.2303025,2.8598
1995-03-07,0.2275077,2.7265
1995-03-08,0.2248365,2.6323
1995-03-09,0.2222144,2.6244
1995-03-10,0.2195706,2.6680
1995-03-11,0.2168712,2.7332
1995-03-12,0.2140985,2.8155
1995-03-13,0.2112374,2.9063
1995-03-14,0.2082877,2.9916
1995-03-15,0.2052470,3.0986
1995-03-16,0.2020871,3.2157
1995-03-17,0.1988304,3.2882
1995-03-18,0.1955348,3.2882
1995-03-19,0.1922801,3.2097
1995-03-20,0.1891405,3.0559
1995-03-21,0.1861891,2.8397
1995-03-22,0.1834628,2.6183
1995-03-23,0.1809230,2.4855
1995-03-24,0.1784494,2.4799
1995-03-25,0.1759369,2.5532
1995-03-26,0.1733321,2.6591
1995-03-27,0.1706177,2.7678
1995-03-28,0.1678049,2.8512
1995-03-29,0.1649277,2.8974
1995-03-30,0.1620246,2.9002
1995-03-31,0.1591432,2.8554
1995-04-01,0.1563243,2.7793
1995-04-02,0.1535896,2.6884
1995-04-03,0.1509483,2.5952
1995-04-04,0.1483982,2.5050
1995-04-05,0.1459323,2.4328
1995-04-06,0.1435124,2.4210
1995-04-07,0.1410697,2.4708
1995-04-08,0.1385627,2.5448
1995-04-09,0.1359785,2.6234
1995-04-10,0.1333072,2.7281
1995-04-11,0.1305101,2.8696
1995-04-12,0.1275625,3.0278
1995-04-13,0.1244709,3.1369
1995-04-14,0.1213176,3.1592
1995-04-15,0.1181716,3.1241
1995-04-16,0.1150839,3.0456
1995-04-17,0.1120916,2.9337
1995-04-18,0.1092185,2.8158
1995-04-19,0.1064552,2.7122
1995-04-20,0.1037807,2.6488
1995-04-21,0.1011314,2.6640
1995-04-22,0.0984366,2.7276
1995-04-23,0.0956726,2.8020
1995-04-24,0.0928337,2.8729
1995-04-25,0.0899338,2.9226
1995-04-26,0.0870036,2.9270
1995-04-27,0.0841019,2.8651
1995-04-28,0.0812909,2.7508
1995-04-29,0.0786080,2.6133
1995-04-30,0.0760659,2.4709
1995-05-01,0.0736552,2.3614
1995-05-02,0.0713203,2.3203
1995-05-03,0.0689948,2.3387
1995-05-04,0.0666317,2.3906
1995-05-05,0.0642096,2.4545
1995-05-06,0.0617218,2.5210
1995-05-07,0.0591679,2.5865
1995-05-08,0.0565402,2.6779
1995-05-09,0.0537998,2.8062
1995-05-10,0.0509274,2.9355
1995-05-11,0.0479419,3.0254
1995-05-12,0.0449044,3.0320
1995-05-13,0.0419025,2.9650
1995-05-14,0.0389823,2.8743
1995-05-15,0.0361589,2.7684
1995-05-16,0.0334457,2.6617
1995-05-17,0.0308256,2.5846
1995-05-18,0.0282623,2.5502
1995-05-19,0.0257127,2.5534
1995-05-20,0.0231514,2.5689
1995-05-21,0.0205808,2.5666
1995-05-22,0.0180304,2.5277
1995-05-23,0.0155386,2.4494
1995-05-24,0.0131440,2.3341
1995-05-25,0.0108681,2.2256
1995-05-26,0.0086836,2.1446
1995-05-27,0.0065814,2.0562
1995-05-28,0.0045701,1.9711
1995-05-29,0.0026303,1.9128
1995-05-30,0.0007350,1.8831
1995-05-31,-0.0011460,1.8837
1995-06-01,-0.0030458,1.9245
1995-06-02,-0.0050094,2.0086
1995-06-03,-0.0070721,2.1199
1995-06-04,-0.0092482,2.2283
1995-06-05,-0.0115228,2.3191
1995-06-06,-0.0138798,2.3900
1995-06-07,-0.0162974,2.4446
1995-06-08,-0.0187573,2.4642
1995-06-09,-0.0212035,2.4171
1995-06-10,-0.0235742,2.3183
1995-06-11,-0.0258332,2.1989
1995-06-12,-0.0279756,2.0905
1995-06-13,-0.0300312,2.0333
1995-06-14,-0.0320683,2.0546
1995-06-15,-0.0341489,2.1014
1995-06-16,-0.0362738,2.1563
1995-06-17,-0.0384656,2.2237
1995-06-18,-0.0407087,2.2537
1995-06-19,-0.0429558,2.2320
1995-06-20,-0.0451571,2.1634
1995-06-21,-0.0472689,2.0535
1995-06-22,-0.0492511,1.9044
1995-06-23,-0.0510650,1.7170
1995-06-24,-0.0526787,1.5102
1995-06-25,-0.0540955,1.3337
1995-06-26,-0.0553638,1.2104
1995-06-27,-0.0565328,1.1366
1995-06-28,-0.0576580,1.1259
1995-06-29,-0.0588065,1.1811
1995-06-30,-0.0600368,1.2863
1995-07-01,-0.0613891,1.4216
1995-07-02,-0.0628846,1.5707
1995-07-03,-0.0645225,1.6960
1995-07-04,-0.0662561,1.7600
1995-07-05,-0.0680209,1.7593
1995-07-06,-0.0697609,1.7171
1995-07-07,-0.0714469,1.6501
1995-07-08,-0.0730542,1.5624
1995-07-09,-0.0745724,1.4770
1995-07-10,-0.0760182,1.4217
1995-07-11,-0.0774336,1.4199
1995-07-12,-0.0788772,1.4759
1995-07-13,-0.0803942,1.5585
1995-07-14,-0.0819987,1.6546
1995-07-15,-0.0836994,1.7387
1995-07-16,-0.0854564,1.7638
1995-07-17,-0.0872029,1.7167
1995-07-18,-0.0888687,1.6065
1995-07-19,-0.0904031,1.4580
1995-07-20,-0.0917809,1.2981
1995-07-21,-0.0929999,1.1401
1995-07-22,-0.0940663,0.9976
1995-07-23,-0.0950078,0.8932
1995-07-24,-0.0958674,0.8330
1995-07-25,-0.0966875,0.8139
1995-07-26,-0.0975086,0.8349
1995-07-27,-0.0983680,0.8882
1995-07-28,-0.0992940,0.9687
1995-07-29,-0.1003143,1.0759
1995-07-30,-0.1014530,1.2049
1995-07-31,-0.1027230,1.3308
1995-08-01,-0.1041024,1.4200
1995-08-02,-0.1055418,1.4455
1995-08-03,-0.1069739,1.4125
1995-08-04,-0.1083592,1.3567
1995-08-05,-0.1096903,1.3099
1995-08-06,-0.1109898,1.2957
1995-08-07,-0.1122951,1.3219
1995-08-08,-0.1136483,1.3923
1995-08-09,-0.1150922,1.5002
1995-08-10,-0.1166544,1.6251
1995-08-11,-0.1183355,1.7294
1995-08-12,-0.1200959,1.7818
1995-08-13,-0.1218791,1.7740
1995-08-14,-0.1236258,1.7117
1995-08-15,-0.1252919,1.6177
1995-08-16,-0.1268589,1.5169
1995-08-17,-0.1283263,1.4178
1995-08-18,-0.1297007,1.3374
1995-08-19,-0.1310153,1.2997
1995-08-20,-0.1323139,1.3034
1995-08-21,-0.1336336,1.3416
1995-08-22,-0.1350073,1.4103
1995-08-23,-0.1364590,1.4933
1995-08-24,-0.1379975,1.5870
1995-08-25,-0.1396448,1.7160
1995-08-26,-0.1414401,1.8769
1995-08-27,-0.1433903,2.0131
1995-08-28,-0.1454536,2.1114
1995-08-29,-0.1475881,2.1347
1995-08-30,-0.1496999,2.0887
1995-08-31,-0.1517644,2.0392
1995-09-01,-0.1537799,1.9944
1995-09-02,-0.1557584,1.9654
1995-09-03,-0.1577190,1.9615
1995-09-04,-0.1596935,1.9941
1995-09-05,-0.1617194,2.0633
1995-09-06,-0.1638257,2.1491
1995-09-07,-0.1660187,2.2381
1995-09-08,-0.1683000,2.3215
1995-09-09,-0.1706454,2.3561
1995-09-10,-0.1729869,2.3147
1995-09-11,-0.1752559,2.2166
1995-09-12,-0.1774114,2.0924
1995-09-13,-0.1794417,1.9710
1995-09-14,-0.1813634,1.8794
1995-09-15,-0.1832150,1.8312
1995-09-16,-0.1850386,1.8213
1995-09-17,-0.1868661,1.8370
1995-09-18,-0.1887192,1.8726
1995-09-19,-0.1906167,1.9245
1995-09-20,-0.1925865,2.0314
1995-09-21,-0.1946996,2.1987
1995-09-22,-0.1969854,2.3706
1995-09-23,-0.1994339,2.5217
1995-09-24,-0.2020161,2.6345
1995-09-25,-0.2046839,2.6903
1995-09-26,-0.2073748,2.6805
1995-09-27,-0.2100204,2.5973
1995-09-28,-0.2125563,2.4749
1995-09-29,-0.2149760,2.3701
1995-09-30,-0.2173114,2.3101
1995-10-01,-0.2196165,2.3110
1995-10-02,-0.2219523,2.3687
1995-10-03,-0.2243660,2.4627
1995-10-04,-0.2268749,2.5481
1995-10-05,-0.2294547,2.6108
1995-10-06,-0.2320927,2.6619
1995-10-07,-0.2347681,2.6817
1995-10-08,-0.2374380,2.6473
1995-10-09,-0.2400403,2.5456
1995-10-10,-0.2425108,2.3888
1995-10-11,-0.2448193,2.2362
1995-10-12,-0.2469912,2.1077
1995-10-13,-0.2490387,1.9911
1995-10-14,-0.2509891,1.9215
1995-10-15,-0.2529003,1.9076
1995-10-16,-0.2548192,1.9383
1995-10-17,-0.2567932,2.0179
1995-10-18,-0.2588614,2.1168
1995-10-19,-0.2610211,2.1986
1995-10-20,-0.2632617,2.2898
1995-10-21,-0.2656050,2.3939
1995-10-22,-0.2680359,2.4573
1995-10-23,-0.2705028,2.4705
1995-10-24,-0.2729652,2.4487
1995-10-25,-0.2753909,2.3988
1995-10-26,-0.2777560,2.3283
1995-10-27,-0.2800497,2.2645
1995-10-28,-0.2823023,2.2526
1995-10-29,-0.2845771,2.3071
1995-10-30,-0.2869342,2.4145
1995-10-31,-0.2894157,2.5505
1995-11-01,-0.2920366,2.6907
1995-11-02,-0.2947781,2.7741
1995-11-03,-0.2975519,2.7590
1995-11-04,-0.3002748,2.6800
1995-11-05,-0.3028996,2.5639
1995-11-06,-0.3053979,2.4335
1995-11-07,-0.3077707,2.3155
1995-11-08,-0.3100334,2.2112
1995-11-09,-0.3121911,2.1011
1995-11-10,-0.3142402,2.0049
1995-11-11,-0.3162194,1.9643
1995-11-12,-0.3181918,1.9927
1995-11-13,-0.3202248,2.0812
1995-11-14,-0.3223682,2.2115
1995-11-15,-0.3246648,2.3926
1995-11-16,-0.3271557,2.5807
1995-11-17,-0.3298054,2.7066
1995-11-18,-0.3325569,2.7965
1995-11-19,-0.3353905,2.8626
1995-11-20,-0.3382653,2.8784
1995-11-21,-0.3411317,2.8476
1995-11-22,-0.3439468,2.7759
1995-11-23,-0.3466791,2.6912
1995-11-24,-0.3493391,2.6362
1995-11-25,-0.3519674,2.6288
1995-11-26,-0.3546121,2.6677
1995-11-27,-0.3573108,2.7305
1995-11-28,-0.3600711,2.7872
1995-11-29,-0.3628777,2.8213
1995-11-30,-0.3656959,2.8019
1995-12-01,-0.3684599,2.7177
1995-12-02,-0.3711221,2.6059
1995-12-03,-0.3736736,2.4999
1995-12-04,-0.3761212,2.3919
1995-12-05,-0.3784556,2.2785
1995-12-06,-0.3806815,2.1748
1995-12-07,-0.3828161,2.1036
1995-12-08,-0.3849067,2.0863
1995-12-09,-0.3870061,2.1211
1995-12-10,-0.3891605,2.1906
1995-12-11,-0.3913921,2.2746
1995-12-12,-0.3937138,2.3708
1995-12-13,-0.3961415,2.4904
1995-12-14,-0.3986893,2.5940
1995-12-15,-0.4013100,2.6389
1995-12-16,-0.4039556,2.6492
1995-12-17,-0.4066069,2.6551
1995-12-18,-0.4092604,2.6447
1995-12-19,-0.4118858,2.6029
1995-12-20,-0.4144579,2.5363
1995-12-21,-0.4169567,2.4645
1995-12-22,-0.4194010,2.4351
1995-12-23,-0.4218530,2.4842
1995-12-24,-0.4243922,2.6018
1995-12-25,-0.4270568,2.7202
1995-12-26,-0.4298138,2.7824
1995-12-27,-0.4325970,2.7709
1995-12-28,-0.4353306,2.6845
1995-12-29,-0.4379451,2.5355
1995-12-30,-0.4403875,2.3442
1995-12-31,-0.4426274,2.1347
1996-01-01,0.5553407,1.9325
1996-01-02,0.5534970,1.7620
1996-01-03,0.5518018,1.6361
1996-01-04,0.5502086,1.5587
1996-01-05,0.5486657,1.5374
1996-01-06,0.5471115,1.5831
1996-01-07,0.5454805,1.6859
1996-01-08,0.5437342,1.8052
1996-01-09,0.5418781,1.9004
1996-01-10,0.5399456,1.9590
1996-01-11,0.5379699,1.9883
1996-01-12,0.5359751,1.9993
1996-01-13,0.5339752,1.9986
1996-01-14,0.5319830,1.9827
1996-01-15,0.5300156,1.9494
1996-01-16,0.5280906,1.8968
1996-01-17,0.5262316,1.8155
1996-01-18,0.5244541,1.7506
1996-01-19,0.5227015,1.7723
1996-01-20,0.5208818,1.8771
1996-01-21,0.5189365,2.0143
1996-01-22,0.5168623,2.1240
1996-01-23,0.5147163,2.1502
1996-01-24,0.5125874,2.1000
1996-01-25,0.5105325,2.0013
1996-01-26,0.5085954,1.8707
1996-01-27,0.5067951,1.7280
1996-01-28,0.5051385,1.5880
1996-01-29,0.5036110,1.4725
1996-01-30,0.5021810,1.3947
1996-01-31,0.5008035,1.3714
1996-02-01,0.4994181,1.4085
1996-02-02,0.4979707,1.4932
1996-02-03,0.4964234,1.6030
1996-02-04,0.4947646,1.7133
1996-02-05,0.4929982,1.8194
1996-02-06,0.4911237,1.9318
1996-02-07,0.4891346,2.0444
1996-02-08,0.4870454,2.1257
1996-02-09,0.4849013,2.1529
1996-02-10,0.4827566,2.1291
1996-02-11,0.4806545,2.0711
1996-02-12,0.4786184,2.0010
1996-02-13,0.4766483,1.9436
1996-02-14,0.4747202,1.9193
1996-02-15,0.4727912,1.9504
1996-02-16,0.4707947,2.0554
1996-02-17,0.4686611,2.2182
1996-02-18,0.4663545,2.3924
1996-02-19,0.4638889,2.5287
1996-02-20,0.4613222,2.5896
1996-02-21,0.4587376,2.5668
1996-02-22,0.4562170,2.4586
1996-02-23,0.4538521,2.2551
1996-02-24,0.4517114,2.0378
1996-02-25,0.4497529,1.8915
1996-02-26,0.4479063,1.8116
1996-02-27,0.4461141,1.7783
1996-02-28,0.4443409,1.7712
1996-02-29,0.4425555,1.8128
1996-03-01,0.4406940,1.9185
1996-03-02,0.4387084,2.0545
1996-03-03,0.4365804,2.2041
1996-03-04,0.4343005,2.3526
1996-03-05,0.4318840,2.4748
1996-03-06,0.4293637,2.5588
1996-03-07,0.4267790,2.6050
1996-03-08,0.4241658,2.6150
1996-03-09,0.4215597,2.5927
1996-03-10,0.4189877,2.5483
1996-03-11,0.4164726,2.4755
1996-03-12,0.4140486,2.3672
1996-03-13,0.4117416,2.2488
1996-03-14,0.4095339,2.1818
1996-03-15,0.4073504,2.1975
1996-03-16,0.4051208,2.2674
1996-03-17,0.4028109,2.3515
1996-03-18,0.4004241,2.4167
1996-03-19,0.3979900,2.4444
1996-03-20,0.3955500,2.4279
1996-03-21,0.3931531,2.3547
1996-03-22,0.3908577,2.2303
1996-03-23,0.3886966,2.0937
1996-03-24,0.3866611,1.9845
1996-03-25,0.3847153,1.9120
1996-03-26,0.3828266,1.8711
1996-03-27,0.3809615,1.8650
1996-03-28,0.3790829,1.9002
1996-03-29,0.3771484,1.9737
1996-03-30,0.3751277,2.0707
1996-03-31,0.3730019,2.1829
1996-04-01,0.3707575,2.3081
1996-04-02,0.3683867,2.4303
1996-04-03,0.3659152,2.4977
1996-04-04,0.3634106,2.5073
1996-04-05,0.3609086,2.4928
1996-04-06,0.3584349,2.4487
1996-04-07,0.3560192,2.3808
1996-04-08,0.3536740,2.3108
1996-04-09,0.3513897,2.2646
1996-04-10,0.3491265,2.2733
1996-04-11,0.3468236,2.3407
1996-04-12,0.3444346,2.4398
1996-04-13,0.3419458,2.5335
1996-04-14,0.3393814,2.5859
1996-04-15,0.3367926,2.5827
1996-04-16,0.3342341,2.5252
1996-04-17,0.3317535,2.4338
1996-04-18,0.3293800,2.3020
1996-04-19,0.3271601,2.1385
1996-04-20,0.3250932,2.0044
1996-04-21,0.3231316,1.9294
1996-04-22,0.3212204,1.8964
1996-04-23,0.3193302,1.8890
1996-04-24,0.3174294,1.9204
1996-04-25,0.3154795,1.9813
1996-04-26,0.3134574,2.0704
1996-04-27,0.3113287,2.1896
1996-04-28,0.3090773,2.3116
1996-04-29,0.3067091,2.4227
1996-04-30,0.3042372,2.5177
1996-05-01,0.3016797,2.5946
1996-05-02,0.2990606,2.6336
1996-05-03,0.2964355,2.6037
1996-05-04,0.2938716,2.5186
1996-05-05,0.2914033,2.4186
1996-05-06,0.2890261,2.3436
1996-05-07,0.2866977,2.3239
1996-05-08,0.2843570,2.3681
1996-05-09,0.2819478,2.4533
1996-05-10,0.2794457,2.5525
1996-05-11,0.2768461,2.6416
1996-05-12,0.2741790,2.6811
1996-05-13,0.2715067,2.6523
1996-05-14,0.2688952,2.5610
1996-05-15,0.2663971,2.4324
1996-05-16,0.2640392,2.2775
1996-05-17,0.2618483,2.1039
1996-05-18,0.2598254,1.9484
1996-05-19,0.2579389,1.8307
1996-05-20,0.2561541,1.7428
1996-05-21,0.2544452,1.6793
1996-05-22,0.2527805,1.6609
1996-05-23,0.2511069,1.6920
1996-05-24,0.2493890,1.7456
1996-05-25,0.2476111,1.8132
1996-05-26,0.2457611,1.8854
1996-05-27,0.2438458,1.9409
1996-05-28,0.2418896,1.9653
1996-05-29,0.2399248,1.9610
1996-05-30,0.2379809,1.9168
1996-05-31,0.2361053,1.8304
1996-06-01,0.2343238,1.7330
1996-06-02,0.2326310,1.6606
1996-06-03,0.2309839,1.6445
1996-06-04,0.2293191,1.6973
1996-06-05,0.2275770,1.7872
1996-06-06,0.2257442,1.8786
1996-06-07,0.2238221,1.9631
1996-06-08,0.2218240,2.0296
1996-06-09,0.2197735,2.0643
1996-06-10,0.2177147,2.0411
1996-06-11,0.2157127,1.9536
1996-06-12,0.2138219,1.8228
1996-06-13,0.2120739,1.6714
1996-06-14,0.2104798,1.5179
1996-06-15,0.2090372,1.3673
1996-06-16,0.2077315,1.2579
1996-06-17,0.2065017,1.2075
1996-06-18,0.2053034,1.1962
1996-06-19,0.2040934,1.2324
1996-06-20,0.2028256,1.3076
1996-06-21,0.2014737,1.3962
1996-06-22,0.2000335,1.4838
1996-06-23,0.1985121,1.5532
1996-06-24,0.1969397,1.5847
1996-06-25,0.1953581,1.5701
1996-06-26,0.1938074,1.5319
1996-06-27,0.1923004,1.4755
1996-06-28,0.1908688,1.3818
1996-06-29,0.1895402,1.2778
1996-06-30,0.1883047,1.1992
1996-07-01,0.1871257,1.1689
1996-07-02,0.1859454,1.2031
1996-07-03,0.1846963,1.3070
1996-07-04,0.1833284,1.4201
1996-07-05,0.1818781,1.4673
1996-07-06,0.1804172,1.4444
1996-07-07,0.1790058,1.3721
1996-07-08,0.1776827,1.2706
1996-07-09,0.1764691,1.1554
1996-07-10,0.1753690,1.0487
1996-07-11,0.1743671,0.9557
1996-07-12,0.1734554,0.8694
1996-07-13,0.1726175,0.8157
1996-07-14,0.1718071,0.8127
1996-07-15,0.1709798,0.8465
1996-07-16,0.1701068,0.9022
1996-07-17,0.1691706,0.9725
1996-07-18,0.1681560,1.0603
1996-07-19,0.1670503,1.1472
1996-07-20,0.1658675,1.2163
1996-07-21,0.1646226,1.2707
1996-07-22,0.1633317,1.3085
1996-07-23,0.1620112,1.3296
1996-07-24,0.1606759,1.3405
1996-07-25,0.1593380,1.3279
1996-07-26,0.1580340,1.2735
1996-07-27,0.1567900,1.2222
1996-07-28,0.1555698,1.2304
1996-07-29,0.1543052,1.3107
1996-07-30,0.1529285,1.4509
1996-07-31,0.1513944,1.6182
1996-08-01,0.1497062,1.7433
1996-08-02,0.1479419,1.7662
1996-08-03,0.1462116,1.6758
1996-08-04,0.1446181,1.5020
1996-08-05,0.1432162,1.3024
1996-08-06,0.1420101,1.1126
1996-08-07,0.1409863,0.9371
1996-08-08,0.1401254,0.7933
1996-08-09,0.1393797,0.7096
1996-08-10,0.1386916,0.6697
1996-08-11,0.1380267,0.6707
1996-08-12,0.1373348,0.7178
1996-08-13,0.1365844,0.7850
1996-08-14,0.1357608,0.8642
1996-08-15,0.1348527,0.9535
1996-08-16,0.1338526,1.0465
1996-08-17,0.1327641,1.1262
1996-08-18,0.1316126,1.1688
1996-08-19,0.1304387,1.1749
1996-08-20,0.1292702,1.1588
1996-08-21,0.1281239,1.1341
1996-08-22,0.1269986,1.1194
1996-08-23,0.1258829,1.1111
1996-08-24,0.1247726,1.1140
1996-08-25,0.1236394,1.1633
1996-08-26,0.1224258,1.2731
1996-08-27,0.1210817,1.4173
1996-08-28,0.1195793,1.5972
1996-08-29,0.1178937,1.7578
1996-08-30,0.1160979,1.8157
1996-08-31,0.1142972,1.7689
1996-09-01,0.1125892,1.6347
1996-09-02,0.1110439,1.4523
1996-09-03,0.1096882,1.2592
1996-09-04,0.1085140,1.1007
1996-09-05,0.1074697,0.9935
1996-09-06,0.1065102,0.9367
1996-09-07,0.1055810,0.9258
1996-09-08,0.1046443,0.9578
1996-09-09,0.1036456,1.0491
1996-09-10,0.1025275,1.1963
1996-09-11,0.1012340,1.4005
1996-09-12,0.0997267,1.6040
1996-09-13,0.0980494,1.7374
1996-09-14,0.0962748,1.8023
1996-09-15,0.0944614,1.8175
1996-09-16,0.0926553,1.7863
1996-09-17,0.0909044,1.7084
1996-09-18,0.0892408,1.6237
1996-09-19,0.0876456,1.5733
1996-09-20,0.0860766,1.5759
1996-09-21,0.0844781,1.6257
1996-09-22,0.0828060,1.7330
1996-09-23,0.0809897,1.9075
1996-09-24,0.0789821,2.1086
1996-09-25,0.0767816,2.2825
1996-09-26,0.0744470,2.3668
1996-09-27,0.0720855,2.3387
1996-09-28,0.0697982,2.2247
1996-09-29,0.0676484,2.0738
1996-09-30,0.0656471,1.9333
1996-10-01,0.0637685,1.8328
1996-10-02,0.0619853,1.7209
1996-10-03,0.0603279,1.6054
1996-10-04,0.0587533,1.5537
1996-10-05,0.0571995,1.5651
1996-10-06,0.0556093,1.6178
1996-10-07,0.0539571,1.6910
1996-10-08,0.0522207,1.7840
1996-10-09,0.0503846,1.8904
1996-10-10,0.0484412,1.9928
1996-10-11,0.0464085,2.0668
1996-10-12,0.0443186,2.1079
1996-10-13,0.0422025,2.1196
1996-10-14,0.0400901,2.0990
1996-10-15,0.0380158,2.0444
1996-10-16,0.0360063,1.9747
1996-10-17,0.0340650,1.9090
1996-10-18,0.0321752,1.8826
1996-10-19,0.0302686,1.9499
1996-10-20,0.0282546,2.0797
1996-10-21,0.0261109,2.2044
1996-10-22,0.0238534,2.3063
1996-10-23,0.0214994,2.4050
1996-10-24,0.0190565,2.4645
1996-10-25,0.0166042,2.4228
1996-10-26,0.0142378,2.3005
1996-10-27,0.0120173,2.1361
1996-10-28,0.0099672,1.9670
1996-10-29,0.0080767,1.8177
1996-10-30,0.0063228,1.6953
1996-10-31,0.0046680,1.6272
1996-11-01,0.0030492,1.6166
1996-11-02,0.0014189,1.6535
1996-11-03,-0.0002751,1.7422
1996-11-04,-0.0020760,1.8625
1996-11-05,-0.0040059,2.0003
1996-11-06,-0.0060663,2.1074
1996-11-07,-0.0082034,2.1626
1996-11-08,-0.0103823,2.1900
1996-11-09,-0.0125659,2.1648
1996-11-10,-0.0147006,2.1056
1996-11-11,-0.0167801,2.0555
1996-11-12,-0.0188207,2.0328
1996-11-13,-0.0208447,2.0071
1996-11-14,-0.0228168,1.9270
1996-11-15,-0.0246977,1.8438
1996-11-16,-0.0265391,1.8647
1996-11-17,-0.0284548,1.9688
1996-11-18,-0.0304757,2.0698
1996-11-19,-0.0325842,2.1400
1996-11-20,-0.0347420,2.1689
1996-11-21,-0.0369032,2.1414
1996-11-22,-0.0390021,2.0456
1996-11-23,-0.0409816,1.9112
1996-11-24,-0.0428270,1.7844
1996-11-25,-0.0445593,1.6845
1996-11-26,-0.0462081,1.6209
1996-11-27,-0.0478106,1.5857
1996-11-28,-0.0493859,1.5698
1996-11-29,-0.0509597,1.5826
1996-11-30,-0.0525595,1.6207
1996-12-01,-0.0542046,1.6692
1996-12-02,-0.0558944,1.7071
1996-12-03,-0.0576134,1.7289
1996-12-04,-0.0593555,1.7607
1996-12-05,-0.0611377,1.8011
1996-12-06,-0.0629464,1.8076
1996-12-07,-0.0647395,1.7738
1996-12-08,-0.0664871,1.7194
1996-12-09,-0.0681783,1.6651
1996-12-10,-0.0698246,1.6326
1996-12-11,-0.0714568,1.6400
1996-12-12,-0.0731184,1.6888
1996-12-13,-0.0748482,1.7791
1996-12-14,-0.0766884,1.9048
1996-12-15,-0.0786567,2.0272
1996-12-16,-0.0807312,2.1149
1996-12-17,-0.0828724,2.1602
1996-12-18,-0.0850402,2.1711
1996-12-19,-0.0871980,2.1322
1996-12-20,-0.0892835,2.0299
1996-12-21,-0.0912506,1.9060
1996-12-22,-0.0931049,1.8104
1996-12-23,-0.0948824,1.7477
1996-12-24,-0.0966050,1.6989
1996-12-25,-0.0982878,1.6728
1996-12-26,-0.0999625,1.6825
1996-12-27,-0.1016632,1.7234
1996-12-28,-0.1034160,1.7844
1996-12-29,-0.1052344,1.8527
1996-12-30,-0.1071200,1.9167
1996-12-31,-0.1090635,1.9677
1997-01-01,-0.1110486,1.9984
1997-01-02,-0.1130531,2.0075
1997-01-03,-0.1150555,1.9923
1997-01-04,-0.1170293,1.9518
1997-01-05,-0.1189555,1.9006
1997-01-06,-0.1208321,1.8544
1997-01-07,-0.1226723,1.8324
1997-01-08,-0.1245120,1.8557
1997-01-09,-0.1263974,1.9202
1997-01-10,-0.1283633,2.0173
1997-01-11,-0.1304342,2.1208
1997-01-12,-0.1325949,2.1942
1997-01-13,-0.1348112,2.2333
1997-01-14,-0.1370468,2.2282
1997-01-15,-0.1392488,2.1668
1997-01-16,-0.1413634,2.0543
1997-01-17,-0.1433445,1.9030
1997-01-18,-0.1451642,1.7359
1997-01-19,-0.1468222,1.5864
1997-01-20,-0.1483507,1.4781
1997-01-21,-0.1497942,1.4171
1997-01-22,-0.1512068,1.4217
1997-01-23,-0.1526505,1.4650
1997-01-24,-0.1541289,1.4847
1997-01-25,-0.1556195,1.5031
1997-01-26,-0.1571450,1.5513
1997-01-27,-0.1587262,1.6119
1997-01-28,-0.1603647,1.6602
1997-01-29,-0.1620237,1.6399
1997-01-30,-0.1636273,1.5680
1997-01-31,-0.1651655,1.5136
1997-02-01,-0.1666479,1.4394
1997-02-02,-0.1680344,1.3356
1997-02-03,-0.1693311,1.2680
1997-02-04,-0.1705927,1.2675
1997-02-05,-0.1718975,1.3612
1997-02-06,-0.1733399,1.5294
1997-02-07,-0.1749655,1.7251
1997-02-08,-0.1767845,1.9039
1997-02-09,-0.1787497,2.0120
1997-02-10,-0.1807885,2.0603
1997-02-11,-0.1828615,2.0824
1997-02-12,-0.1849246,2.0184
1997-02-13,-0.1868698,1.8688
1997-02-14,-0.1886672,1.7341
1997-02-15,-0.1903496,1.6342
1997-02-16,-0.1919421,1.5538
1997-02-17,-0.1934717,1.5171
1997-02-18,-0.1949944,1.5349
1997-02-19,-0.1965501,1.5785
1997-02-20,-0.1981592,1.6454
1997-02-21,-0.1998471,1.7308
1997-02-22,-0.2016242,1.8264
1997-02-23,-0.2034987,1.9183
1997-02-24,-0.2054556,1.9944
1997-02-25,-0.2074754,2.0341
1997-02-26,-0.2095069,2.0229
1997-02-27,-0.2115197,2.0071
1997-02-28,-0.2135268,2.0085
1997-03-01,-0.2155381,2.0143
1997-03-02,-0.2175554,2.0202
1997-03-03,-0.2195808,2.0331
1997-03-04,-0.2216314,2.0753
1997-03-05,-0.2237477,2.1662
1997-03-06,-0.2259856,2.3223
1997-03-07,-0.2284086,2.5272
1997-03-08,-0.2310370,2.7230
1997-03-09,-0.2338305,2.8466
1997-03-10,-0.2366965,2.8693
1997-03-11,-0.2395397,2.8040
1997-03-12,-0.2422826,2.6730
1997-03-13,-0.2448799,2.5247
1997-03-14,-0.2473432,2.4100
1997-03-15,-0.2497171,2.3468
1997-03-16,-0.2520524,2.3304
1997-03-17,-0.2543874,2.3424
1997-03-18,-0.2567432,2.3724
1997-03-19,-0.2591406,2.4278
1997-03-20,-0.2615925,2.4644
1997-03-21,-0.2640623,2.4797
1997-03-22,-0.2665600,2.5191
1997-03-23,-0.2691000,2.5569
1997-03-24,-0.2716668,2.5737
1997-03-25,-0.2742399,2.5680
1997-03-26,-0.2767937,2.5349
1997-03-27,-0.2793032,2.4822
1997-03-28,-0.2817595,2.4336
1997-03-29,-0.2841759,2.4013
1997-03-30,-0.2865684,2.3877
1997-03-31,-0.2889622,2.4069
1997-04-01,-0.2913950,2.4646
1997-04-02,-0.2939026,2.5558
1997-04-03,-0.2965173,2.6789
1997-04-04,-0.2992667,2.8209
1997-04-05,-0.3021503,2.9366
1997-04-06,-0.3051146,2.9763
1997-04-07,-0.3080719,2.9231
1997-04-08,-0.3109337,2.7887
1997-04-09,-0.3136397,2.6256
1997-04-10,-0.3161888,2.4741
1997-04-11,-0.3185955,2.3455
1997-04-12,-0.3208919,2.2531
1997-04-13,-0.3231144,2.1989
1997-04-14,-0.3253019,2.1815
1997-04-15,-0.3274855,2.1886
1997-04-16,-0.3296933,2.2383
1997-04-17,-0.3319670,2.3026
1997-04-18,-0.3342865,2.3307
1997-04-19,-0.3366253,2.3495
1997-04-20,-0.3389850,2.3670
1997-04-21,-0.3413476,2.3495
1997-04-22,-0.3436692,2.2876
1997-04-23,-0.3459163,2.2062
1997-04-24,-0.3480818,2.1254
1997-04-25,-0.3501698,2.0526
1997-04-26,-0.3521904,1.9901
1997-04-27,-0.3541570,1.9485
1997-04-28,-0.3561023,1.9516
1997-04-29,-0.3580781,2.0085
1997-04-30,-0.3601355,2.1139
1997-05-01,-0.3623091,2.2290
1997-05-02,-0.3645905,2.3352
1997-05-03,-0.3669788,2.4391
1997-05-04,-0.3694563,2.5056
1997-05-05,-0.3719660,2.5002
1997-05-06,-0.3744398,2.4443
1997-05-07,-0.3768360,2.3327
1997-05-08,-0.3790923,2.1824
1997-05-09,-0.3812157,2.0768
1997-05-10,-0.3832600,2.0135
1997-05-11,-0.3852491,1.9693
1997-05-12,-0.3872073,1.9511
1997-05-13,-0.3891574,1.9510
1997-05-14,-0.3911112,1.9564
1997-05-15,-0.3930716,1.9659
1997-05-16,-0.3950484,1.9916
1997-05-17,-0.3970597,2.0319
1997-05-18,-0.3991102,2.0661
1997-05-19,-0.4011869,2.0855
1997-05-20,-0.4032776,2.0943
1997-05-21,-0.4053668,2.0769
1997-05-22,-0.4074215,2.0298
1997-05-23,-0.4094272,1.9853
1997-05-24,-0.4114004,1.9658
1997-05-25,-0.4133700,1.9798
1997-05-26,-0.4153756,2.0405
1997-05-27,-0.4174680,2.1520
1997-05-28,-0.4196912,2.2982
1997-05-29,-0.4220631,2.4406
1997-05-30,-0.4245540,2.5279
1997-05-31,-0.4270924,2.5357
1997-06-01,-0.4296031,2.4765
1997-06-02,-0.4320241,2.3532
1997-06-03,-0.4342910,2.1742
1997-06-04,-0.4363620,1.9635
1997-06-05,-0.4382183,1.7536
1997-06-06,-0.4398880,1.6002
1997-06-07,-0.4414402,1.5113
1997-06-08,-0.4429250,1.4654
1997-06-09,-0.4443850,1.4613
1997-06-10,-0.4458595,1.4930
1997-06-11,-0.4473781,1.5460
1997-06-12,-0.4489494,1.5925
1997-06-13,-0.4505541,1.6118
1997-06-14,-0.4521635,1.6024
1997-06-15,-0.4537489,1.5628
1997-06-16,-0.4552787,1.4920
1997-06-17,-0.4567268,1.4028
1997-06-18,-0.4580718,1.2760
1997-06-19,-0.4592707,1.1248
1997-06-20,-0.4603355,1.0159
1997-06-21,-0.4613241,0.9717
1997-06-22,-0.4623024,0.9978
1997-06-23,-0.4633401,1.0850
1997-06-24,-0.4644808,1.1976
1997-06-25,-0.4657320,1.3005
1997-06-26,-0.4670695,1.3666
1997-06-27,-0.4684438,1.3687
1997-06-28,-0.4697828,1.2987
1997-06-29,-0.4710244,1.1784
1997-06-30,-0.4721291,1.0266
1997-07-01,0.5269261,0.8635
1997-07-02,0.5261415,0.7075
1997-07-03,0.5255008,0.5826
1997-07-04,0.5249556,0.5200
1997-07-05,0.5244381,0.5256
1997-07-06,0.5238855,0.5879
1997-07-07,0.5232517,0.6822
1997-07-08,0.5225198,0.7806
1997-07-09,0.5216947,0.8666
1997-07-10,0.5207898,0.9432
1997-07-11,0.5198116,1.0100
1997-07-12,0.5187733,1.0662
1997-07-13,0.5176843,1.1072
1997-07-14,0.5165684,1.1197
1997-07-15,0.5154588,1.0906
1997-07-16,0.5143944,1.0401
1997-07-17,0.5133634,1.0352
1997-07-18,0.5122995,1.1038
1997-07-19,0.5111376,1.2269
1997-07-20,0.5098301,1.3969
1997-07-21,0.5083338,1.5969
1997-07-22,0.5066406,1.7839
1997-07-23,0.5047831,1.9195
1997-07-24,0.5028170,2.0090
1997-07-25,0.5007926,2.0160
1997-07-26,0.4988191,1.9208
1997-07-27,0.4969678,1.7750
1997-07-28,0.4952746,1.6125
1997-07-29,0.4937384,1.4632
1997-07-30,0.4923415,1.3338
1997-07-31,0.4910565,1.2471
1997-08-01,0.4898258,1.2247
1997-08-02,0.4885938,1.2422
1997-08-03,0.4873380,1.2699
1997-08-04,0.4860495,1.3112
1997-08-05,0.4847120,1.3632
1997-08-06,0.4833255,1.4079
1997-08-07,0.4818982,1.4464
1997-08-08,0.4804359,1.4752
1997-08-09,0.4789580,1.4732
1997-08-10,0.4775031,1.4303
1997-08-11,0.4761068,1.3593
1997-08-12,0.4747865,1.2823
1997-08-13,0.4735395,1.2132
1997-08-14,0.4723531,1.1649
1997-08-15,0.4711922,1.1691
1997-08-16,0.4699884,1.2526
1997-08-17,0.4686650,1.4020
1997-08-18,0.4671775,1.5723
1997-08-19,0.4655244,1.7308
1997-08-20,0.4637249,1.8625
1997-08-21,0.4618272,1.9109
1997-08-22,0.4599417,1.8435
1997-08-23,0.4581639,1.7049
1997-08-24,0.4565411,1.5388
1997-08-25,0.4550797,1.3926
1997-08-26,0.4537342,1.3114
1997-08-27,0.4524346,1.2969
1997-08-28,0.4511327,1.3054
1997-08-29,0.4498222,1.3186
1997-08-30,0.4484896,1.3496
1997-08-31,0.4471150,1.4047
1997-09-01,0.4456729,1.4816
1997-09-02,0.4441532,1.5544
1997-09-03,0.4425718,1.6042
1997-09-04,0.4409570,1.6175
1997-09-05,0.4393482,1.5964
1997-09-06,0.4377683,1.5628
1997-09-07,0.4362221,1.5308
1997-09-08,0.4347132,1.4795
1997-09-09,0.4332759,1.3899
1997-09-10,0.4319162,1.3521
1997-09-11,0.4305396,1.4108
1997-09-12,0.4290799,1.5137
1997-09-13,0.4275021,1.6470
1997-09-14,0.4257695,1.8295
1997-09-15,0.4238285,2.0557
1997-09-16,0.4216620,2.2703
1997-09-17,0.4193113,2.4149
1997-09-18,0.4168703,2.4454
1997-09-19,0.4144613,2.3536
1997-09-20,0.4121901,2.1810
1997-09-21,0.4101030,1.9975
1997-09-22,0.4081827,1.8511
1997-09-23,0.4063825,1.7595
1997-09-24,0.4046454,1.7227
1997-09-25,0.4029194,1.7389
1997-09-26,0.4011487,1.8119
1997-09-27,0.3992914,1.8975
1997-09-28,0.3973618,1.9588
1997-09-29,0.3953822,1.9950
1997-09-30,0.3933814,2.0023
1997-10-01,0.3913695,2.0337
1997-10-02,0.3893106,2.0751
1997-10-03,0.3872390,2.0574
1997-10-04,0.3852107,1.9949
1997-10-05,0.3832534,1.9198
1997-10-06,0.3813666,1.8583
1997-10-07,0.3795260,1.8292
1997-10-08,0.3776920,1.8486
1997-10-09,0.3758123,1.9175
1997-10-10,0.3738457,2.0202
1997-10-11,0.3717615,2.1539
1997-10-12,0.3695290,2.3141
1997-10-13,0.3671361,2.4658
1997-10-14,0.3646143,2.5668
1997-10-15,0.3620244,2.6020
1997-10-16,0.3594354,2.5619
1997-10-17,0.3569280,2.4395
1997-10-18,0.3545749,2.2617
1997-10-19,0.3524048,2.0834
1997-10-20,0.3503967,1.9394
1997-10-21,0.3485114,1.8391
1997-10-22,0.3467065,1.7747
1997-10-23,0.3449494,1.7482
1997-10-24,0.3431936,1.7711
1997-10-25,0.3413970,1.8246
1997-10-26,0.3395408,1.8888
1997-10-27,0.3376205,1.9498
1997-10-28,0.3356433,2.0046
1997-10-29,0.3336132,2.0538
1997-10-30,0.3315395,2.0916
1997-10-31,0.3294321,2.1230
1997-11-01,0.3273014,2.1305
1997-11-02,0.3251839,2.0995
1997-11-03,0.3231068,2.0551
1997-11-04,0.3210681,2.0274
1997-11-05,0.3190272,2.0742
1997-11-06,0.3168982,2.1854
1997-11-07,0.3146564,2.2964
1997-11-08,0.3123050,2.4085
1997-11-09,0.3098320,2.5429
1997-11-10,0.3072260,2.6569
1997-11-11,0.3045463,2.6864
1997-11-12,0.3018847,2.6213
1997-11-13,0.2993371,2.4560
1997-11-14,0.2970003,2.2080
1997-11-15,0.2949232,1.9536
1997-11-16,0.2930731,1.7592
1997-11-17,0.2913821,1.6329
1997-11-18,0.2897863,1.5697
1997-11-19,0.2882205,1.5730
1997-11-20,0.2866322,1.6004
1997-11-21,0.2850269,1.6060
1997-11-22,0.2834204,1.6110
1997-11-23,0.2818001,1.6303
1997-11-24,0.2801608,1.6466
1997-11-25,0.2785119,1.6479
1997-11-26,0.2768741,1.6218
1997-11-27,0.2752764,1.5715
1997-11-28,0.2737345,1.5111
1997-11-29,0.2722546,1.4497
1997-11-30,0.2708301,1.4034
1997-12-01,0.2694393,1.3825
1997-12-02,0.2680547,1.3927
1997-12-03,0.2666459,1.4271
1997-12-04,0.2651873,1.5013
1997-12-05,0.2636229,1.6368
1997-12-06,0.2618948,1.8291
1997-12-07,0.2599537,2.0543
1997-12-08,0.2578036,2.2272
1997-12-09,0.2555369,2.2874
1997-12-10,0.2532653,2.2380
1997-12-11,0.2510836,2.1204
1997-12-12,0.2490356,1.9696
1997-12-13,0.2471526,1.7943
1997-12-14,0.2454420,1.6339
1997-12-15,0.2438651,1.5325
1997-12-16,0.2423586,1.4862
1997-12-17,0.2408796,1.4792
1997-12-18,0.2393906,1.5008
1997-12-19,0.2378700,1.5462
1997-12-20,0.2362915,1.6115
1997-12-21,0.2346512,1.6640
1997-12-22,0.2329681,1.7025
1997-12-23,0.2312540,1.7176
1997-12-24,0.2295493,1.6837
1997-12-25,0.2278985,1.6143
1997-12-26,0.2263280,1.5231
1997-12-27,0.2248562,1.4204
1997-12-28,0.2234837,1.3284
1997-12-29,0.2221838,1.2832
1997-12-30,0.2208956,1.3029
1997-12-31,0.2195610,1.3734
1998-01-01,0.2181311,1.4968
1998-01-02,0.2165517,1.6672
1998-01-03,0.2147923,1.8510
1998-01-04,0.2128567,2.0140
1998-01-05,0.2107935,2.0893
1998-01-06,0.2087199,2.0391
1998-01-07,0.2067387,1.9187
1998-01-08,0.2048928,1.7672
1998-01-09,0.2032115,1.5940
1998-01-10,0.2016942,1.4528
1998-01-11,0.2002789,1.3928
1998-01-12,0.1988863,1.3996
1998-01-13,0.1974619,1.4598
1998-01-14,0.1959551,1.5547
1998-01-15,0.1943587,1.6311
1998-01-16,0.1927044,1.6730
1998-01-17,0.1910170,1.7019
1998-01-18,0.1892995,1.7342
1998-01-19,0.1875517,1.7574
1998-01-20,0.1857944,1.7517
1998-01-21,0.1840535,1.7304
1998-01-22,0.1823334,1.7098
1998-01-23,0.1806316,1.6963
1998-01-24,0.1789359,1.6976
1998-01-25,0.1772365,1.6985
1998-01-26,0.1755314,1.7217
1998-01-27,0.1737675,1.8216
1998-01-28,0.1718573,2.0142
1998-01-29,0.1697264,2.2450
1998-01-30,0.1673805,2.4363
1998-01-31,0.1648847,2.5347
1998-02-01,0.1623368,2.5558
1998-02-02,0.1597864,2.5371
1998-02-03,0.1572768,2.4757
1998-02-04,0.1548382,2.4045
1998-02-05,0.1524722,2.3200
1998-02-06,0.1502108,2.1976
1998-02-07,0.1480705,2.0947
1998-02-08,0.1460010,2.0529
1998-02-09,0.1439637,2.0142
1998-02-10,0.1419822,1.9466
1998-02-11,0.1400562,1.9220
1998-02-12,0.1381201,1.9516
1998-02-13,0.1361528,1.9818
1998-02-14,0.1341616,1.9968
1998-02-15,0.1321653,1.9934
1998-02-16,0.1301790,1.9774
1998-02-17,0.1282172,1.9415
1998-02-18,0.1263122,1.8572
1998-02-19,0.1245008,1.7789
1998-02-20,0.1227290,1.7767
1998-02-21,0.1209391,1.7994
1998-02-22,0.1191277,1.8295
1998-02-23,0.1172648,1.9055
1998-02-24,0.1152984,2.0362
1998-02-25,0.1131814,2.1997
1998-02-26,0.1109021,2.3538
1998-02-27,0.1084813,2.4855
1998-02-28,0.1059353,2.6046
1998-03-01,0.1032948,2.6554
1998-03-02,0.1006629,2.5909
1998-03-03,0.0981429,2.4367
1998-03-04,0.0957989,2.2542
1998-03-05,0.0936253,2.0992
1998-03-06,0.0915884,1.9806
1998-03-07,0.0896525,1.8969
1998-03-08,0.0877829,1.8483
1998-03-09,0.0859420,1.8416
1998-03-10,0.0840831,1.8849
1998-03-11,0.0821495,1.9965
1998-03-12,0.0800953,2.0925
1998-03-13,0.0779874,2.1197
1998-03-14,0.0758629,2.1257
1998-03-15,0.0737455,2.1031
1998-03-16,0.0716654,2.0544
1998-03-17,0.0696432,1.9862
1998-03-18,0.0676988,1.9006
1998-03-19,0.0658410,1.8181
1998-03-20,0.0640541,1.7609
1998-03-21,0.0623061,1.7428
1998-03-22,0.0605529,1.7716
1998-03-23,0.0587462,1.8506
1998-03-24,0.0568356,1.9780
1998-03-25,0.0547640,2.1842
1998-03-26,0.0524558,2.4248
1998-03-27,0.0499457,2.5714
1998-03-28,0.0473542,2.5942
1998-03-29,0.0447827,2.5408
1998-03-30,0.0422962,2.4168
1998-03-31,0.0399693,2.2323
1998-04-01,0.0378282,2.0578
1998-04-02,0.0358396,1.9254
1998-04-03,0.0339623,1.8384
1998-04-04,0.0321444,1.8066
1998-04-05,0.0303344,1.8188
1998-04-06,0.0284990,1.8544
1998-04-07,0.0266224,1.8996
1998-04-08,0.0246978,1.9507
1998-04-09,0.0227341,1.9623
1998-04-10,0.0207847,1.9392
1998-04-11,0.0188465,1.9437
1998-04-12,0.0168945,1.9565
1998-04-13,0.0149480,1.9257
1998-04-14,0.0130601,1.8439
1998-04-15,0.0112583,1.7679
1998-04-16,0.0095222,1.6983
1998-04-17,0.0078539,1.6521
1998-04-18,0.0061968,1.6695
1998-04-19,0.0044997,1.7326
1998-04-20,0.0027157,1.8435
1998-04-21,0.0007964,2.0033
1998-04-22,-0.0012989,2.1872
1998-04-23,-0.0035787,2.3732
1998-04-24,-0.0060350,2.5285
1998-04-25,-0.0085988,2.5733
1998-04-26,-0.0111338,2.4748
1998-04-27,-0.0135172,2.2828
1998-04-28,-0.0156916,2.0673
1998-04-29,-0.0176657,1.8933
1998-04-30,-0.0195062,1.8031
1998-05-01,-0.0212946,1.7809
1998-05-02,-0.0230758,1.7821
1998-05-03,-0.0248584,1.7822
1998-05-04,-0.0266392,1.7793
1998-05-05,-0.0284175,1.7779
1998-05-06,-0.0302087,1.8176
1998-05-07,-0.0320523,1.8561
1998-05-08,-0.0339004,1.8333
1998-05-09,-0.0357143,1.7968
1998-05-10,-0.0374909,1.7510
1998-05-11,-0.0392064,1.6757
1998-05-12,-0.0408359,1.5814
1998-05-13,-0.0423686,1.4853
1998-05-14,-0.0438156,1.4165
1998-05-15,-0.0452223,1.4100
1998-05-16,-0.0466623,1.4838
1998-05-17,-0.0482125,1.6253
1998-05-18,-0.0499273,1.8098
1998-05-19,-0.0518377,2.0111
1998-05-20,-0.0539439,2.1957
1998-05-21,-0.0562065,2.3126
1998-05-22,-0.0585527,2.3804
1998-05-23,-0.0609448,2.3805
1998-05-24,-0.0632712,2.2529
1998-05-25,-0.0654240,2.0455
1998-05-26,-0.0673566,1.8211
1998-05-27,-0.0690710,1.6109
1998-05-28,-0.0705917,1.4405
1998-05-29,-0.0719757,1.3411
1998-05-30,-0.0732972,1.3117
1998-05-31,-0.0746130,1.3241
1998-06-01,-0.0759441,1.3327
1998-06-02,-0.0772710,1.3190
1998-06-03,-0.0785817,1.3039
1998-06-04,-0.0798776,1.2851
1998-06-05,-0.0811453,1.2466
1998-06-06,-0.0823558,1.1630
1998-06-07,-0.0834578,1.0389
1998-06-08,-0.0844325,0.9114
1998-06-09,-0.0852839,0.7938
1998-06-10,-0.0860324,0.7131
1998-06-11,-0.0867264,0.6813
1998-06-12,-0.0874057,0.6815
1998-06-13,-0.0881018,0.7188
1998-06-14,-0.0888606,0.8080
1998-06-15,-0.0897194,0.9019
1998-06-16,-0.0906527,0.9608
1998-06-17,-0.0916352,1.0022
1998-06-18,-0.0926416,0.9970
1998-06-19,-0.0936165,0.9538
1998-06-20,-0.0945414,0.8871
1998-06-21,-0.0953728,0.7668
1998-06-22,-0.0960629,0.6101
1998-06-23,-0.0965964,0.4635
1998-06-24,-0.0970144,0.3905
1998-06-25,-0.0973995,0.3838
1998-06-26,-0.0977920,0.4069
1998-06-27,-0.0982186,0.4457
1998-06-28,-0.0986858,0.4916
1998-06-29,-0.0992064,0.5513
1998-06-30,-0.0997867,0.6059
1998-07-01,-0.1004088,0.6322
1998-07-02,-0.1010330,0.6041
1998-07-03,-0.1015981,0.5193
1998-07-04,-0.1020668,0.4202
1998-07-05,-0.1024404,0.3268
1998-07-06,-0.1027186,0.2281
1998-07-07,-0.1028967,0.1297
1998-07-08,-0.1029824,0.0445
1998-07-09,-0.1030035,0.0129
1998-07-10,-0.1030415,0.0813
1998-07-11,-0.1031947,0.2353
1998-07-12,-0.1035226,0.4206
1998-07-13,-0.1040298,0.5875
1998-07-14,-0.1046812,0.7053
1998-07-15,-0.1054190,0.7591
1998-07-16,-0.1061736,0.7356
1998-07-17,-0.1068659,0.6392
1998-07-18,-0.1074393,0.5047
1998-07-19,-0.1078724,0.3615
1998-07-20,-0.1081643,0.2245
1998-07-21,-0.1083311,0.1168
1998-07-22,-0.1084226,0.0833
1998-07-23,-0.1085224,0.1239
1998-07-24,-0.1086844,0.2065
1998-07-25,-0.1089446,0.3169
1998-07-26,-0.1093143,0.4158
1998-07-27,-0.1097623,0.4729
1998-07-28,-0.1102469,0.4902
1998-07-29,-0.1107304,0.4705
1998-07-30,-0.1111935,0.4675
1998-07-31,-0.1116704,0.4796
1998-08-01,-0.1121369,0.4444
1998-08-02,-0.1125522,0.3883
1998-08-03,-0.1129176,0.3444
1998-08-04,-0.1132469,0.3181
1998-08-05,-0.1135605,0.3117
1998-08-06,-0.1138838,0.3457
1998-08-07,-0.1142743,0.4469
1998-08-08,-0.1147954,0.6015
1998-08-09,-0.1154840,0.7763
1998-08-10,-0.1163391,0.9243
1998-08-11,-0.1173091,1.0016
1998-08-12,-0.1183170,1.0030
1998-08-13,-0.1192872,0.9207
1998-08-14,-0.1201329,0.7619
1998-08-15,-0.1207999,0.5699
1998-08-16,-0.1212755,0.3864
1998-08-17,-0.1215926,0.2625
1998-08-18,-0.1218266,0.2168
1998-08-19,-0.1220355,0.1988
1998-08-20,-0.1222367,0.2182
1998-08-21,-0.1224955,0.3086
1998-08-22,-0.1228588,0.4139
1998-08-23,-0.1233150,0.4943
1998-08-24,-0.1238411,0.5559
1998-08-25,-0.1244240,0.6093
1998-08-26,-0.1250624,0.6709
1998-08-27,-0.1257425,0.6626
1998-08-28,-0.1263636,0.5822
1998-08-29,-0.1269212,0.5446
1998-08-30,-0.1274676,0.5515
1998-08-31,-0.1280275,0.5684
1998-09-01,-0.1286092,0.5999
1998-09-02,-0.1292343,0.6526
1998-09-03,-0.1299243,0.7349
1998-09-04,-0.1307220,0.8707
1998-09-05,-0.1316830,1.0583
1998-09-06,-0.1328370,1.2412
1998-09-07,-0.1341501,1.3782
1998-09-08,-0.1355729,1.4537
1998-09-09,-0.1370316,1.4516
1998-09-10,-0.1384432,1.3507
1998-09-11,-0.1397025,1.1583
1998-09-12,-0.1407564,0.9558
1998-09-13,-0.1416251,0.7865
1998-09-14,-0.1423535,0.6896
1998-09-15,-0.1430362,0.6885
1998-09-16,-0.1437484,0.7410
1998-09-17,-0.1445251,0.8143
1998-09-18,-0.1453833,0.9064
1998-09-19,-0.1463441,1.0172
1998-09-20,-0.1474095,1.1035
1998-09-21,-0.1485342,1.1390
1998-09-22,-0.1496726,1.1298
1998-09-23,-0.1507802,1.0797
1998-09-24,-0.1518292,1.0211
1998-09-25,-0.1528258,0.9725
1998-09-26,-0.1537743,0.9240
1998-09-27,-0.1546698,0.8635
1998-09-28,-0.1555055,0.8156
1998-09-29,-0.1563181,0.8189
1998-09-30,-0.1571720,0.9082
1998-10-01,-0.1581622,1.0806
1998-10-02,-0.1593458,1.2909
1998-10-03,-0.1607503,1.5201
1998-10-04,-0.1623819,1.7371
1998-10-05,-0.1641995,1.8792
1998-10-06,-0.1661005,1.9019
1998-10-07,-0.1679768,1.8451
1998-10-08,-0.1697717,1.7314
1998-10-09,-0.1714298,1.5884
1998-10-10,-0.1729521,1.4561
1998-10-11,-0.1743443,1.3307
1998-10-12,-0.1756272,1.2465
1998-10-13,-0.1768590,1.2275
1998-10-14,-0.1781084,1.2870
1998-10-15,-0.1794396,1.3663
1998-10-16,-0.1808271,1.4038
1998-10-17,-0.1822437,1.4308
1998-10-18,-0.1836888,1.4580
1998-10-19,-0.1851536,1.4667
1998-10-20,-0.1866161,1.4571
1998-10-21,-0.1880647,1.4383
1998-10-22,-0.1894793,1.3794
1998-10-23,-0.1908137,1.2913
1998-10-24,-0.1920735,1.2381
1998-10-25,-0.1933035,1.2258
1998-10-26,-0.1945232,1.2080
1998-10-27,-0.1957162,1.1804
1998-10-28,-0.1969014,1.2052
1998-10-29,-0.1981601,1.3307
1998-10-30,-0.1995900,1.5378
1998-10-31,-0.2012454,1.7739
1998-11-01,-0.2031303,1.9874
1998-11-02,-0.2051926,2.1180
1998-11-03,-0.2073251,2.1252
1998-11-04,-0.2094093,2.0315
1998-11-05,-0.2113650,1.8684
1998-11-06,-0.2131407,1.6890
1998-11-07,-0.2147551,1.5458
1998-11-08,-0.2162487,1.4518
1998-11-09,-0.2176819,1.4273
1998-11-10,-0.2191202,1.4534
1998-11-11,-0.2205909,1.4861
1998-11-12,-0.2220896,1.5104
1998-11-13,-0.2236081,1.5240
1998-11-14,-0.2251319,1.5206
1998-11-15,-0.2266414,1.4936
1998-11-16,-0.2281143,1.4521
1998-11-17,-0.2295452,1.4095
1998-11-18,-0.2309338,1.3685
1998-11-19,-0.2322805,1.3225
1998-11-20,-0.2335782,1.2746
1998-11-21,-0.2348337,1.2386
1998-11-22,-0.2360622,1.2230
1998-11-23,-0.2372881,1.2326
1998-11-24,-0.2385329,1.2587
1998-11-25,-0.2398188,1.3249
1998-11-26,-0.2412040,1.4552
1998-11-27,-0.2427405,1.6196
1998-11-28,-0.2444404,1.7758
1998-11-29,-0.2462693,1.8635
1998-11-30,-0.2481323,1.8457
1998-12-01,-0.2499302,1.7362
1998-12-02,-0.2515939,1.5942
1998-12-03,-0.2531158,1.4438
1998-12-04,-0.2544798,1.2884
1998-12-05,-0.2557069,1.1761
1998-12-06,-0.2568494,1.1161
1998-12-07,-0.2579503,1.0898
1998-12-08,-0.2590320,1.0724
1998-12-09,-0.2601053,1.0855
1998-12-10,-0.2612184,1.1448
1998-12-11,-0.2623909,1.1922
1998-12-12,-0.2635827,1.1795
1998-12-13,-0.2647357,1.1244
1998-12-14,-0.2658275,1.0574
1998-12-15,-0.2668465,0.9784
1998-12-16,-0.2677791,0.8839
1998-12-17,-0.2686158,0.7938
1998-12-18,-0.2693720,0.7196
1998-12-19,-0.2700595,0.6589
1998-12-20,-0.2707009,0.6316
1998-12-21,-0.2713359,0.6439
1998-12-22,-0.2720006,0.6921
1998-12-23,-0.2727442,0.8128
1998-12-24,-0.2736499,1.0047
1998-12-25,-0.2747502,1.1863
1998-12-26,-0.2760006,1.3021
1998-12-27,-0.2773312,1.3481
1998-12-28,-0.2786753,1.3295
1998-12-29,-0.2799775,1.2726
1998-12-30,-0.2812099,1.1838
1998-12-31,-0.2823341,1.0620
1999-01-01,0.7166631,0.9492
1999-01-02,0.7157538,0.8776
1999-01-03,0.7148929,0.8510
1999-01-04,0.7140423,0.8529
1999-01-05,0.7131819,0.8702
1999-01-06,0.7122795,0.9546
1999-01-07,0.7112652,1.0616
1999-01-08,0.7101837,1.0866
1999-01-09,0.7091047,1.0737
1999-01-10,0.7080354,1.0635
1999-01-11,0.7069937,1.0051
1999-01-12,0.7060484,0.8769
1999-01-13,0.7052346,0.7646
1999-01-14,0.7045002,0.7091
1999-01-15,0.7038183,0.6477
1999-01-16,0.7032077,0.5777
1999-01-17,0.7026524,0.5392
1999-01-18,0.7021070,0.5676
1999-01-19,0.7014909,0.6747
1999-01-20,0.7007374,0.8422
1999-01-21,0.6997973,1.0372
1999-01-22,0.6986720,1.2050
1999-01-23,0.6974028,1.3261
1999-01-24,0.6960345,1.4029
1999-01-25,0.6946253,1.3948
1999-01-26,0.6932741,1.2991
1999-01-27,0.6920250,1.2098
1999-01-28,0.6908424,1.1568
1999-01-29,0.6896986,1.1422
1999-01-30,0.6885450,1.1665
1999-01-31,0.6873616,1.2029
1999-02-01,0.6861358,1.2494
1999-02-02,0.6848638,1.2930
1999-02-03,0.6835548,1.3218
1999-02-04,0.6822259,1.3336
1999-02-05,0.6808925,1.3308
1999-02-06,0.6795712,1.3073
1999-02-07,0.6782882,1.2529
1999-02-08,0.6770761,1.1665
1999-02-09,0.6759552,1.0800
1999-02-10,0.6749119,1.0062
1999-02-11,0.6739428,0.9326
1999-02-12,0.6730364,0.8901
1999-02-13,0.6721393,0.9176
1999-02-14,0.6711804,1.0075
1999-02-15,0.6701140,1.1285
1999-02-16,0.6689183,1.2650
1999-02-17,0.6675736,1.4326
1999-02-18,0.6660522,1.6028
1999-02-19,0.6643942,1.6944
1999-02-20,0.6626968,1.6860
1999-02-21,0.6610413,1.6205
1999-02-22,0.6594725,1.5049
1999-02-23,0.6580508,1.3315
1999-02-24,0.6568111,1.1532
1999-02-25,0.6557312,1.0145
1999-02-26,0.6547679,0.9184
1999-02-27,0.6538752,0.8800
1999-02-28,0.6529877,0.9022
1999-03-01,0.6520673,0.9350
1999-03-02,0.6511253,0.9452
1999-03-03,0.6501754,0.9601
1999-03-04,0.6491977,0.9971
1999-03-05,0.6481838,1.0262
1999-03-06,0.6471735,0.9708
1999-03-07,0.6462583,0.8672
1999-03-08,0.6454292,0.7933
1999-03-09,0.6446676,0.7318
1999-03-10,0.6439574,0.6951
1999-03-11,0.6432645,0.6971
1999-03-12,0.6425490,0.7417
1999-03-13,0.6417652,0.8340
1999-03-14,0.6408641,0.9770
1999-03-15,0.6398005,1.1522
1999-03-16,0.6385608,1.3240
1999-03-17,0.6371604,1.4721
1999-03-18,0.6356283,1.5850
1999-03-19,0.6340067,1.6489
1999-03-20,0.6323448,1.6697
1999-03-21,0.6306827,1.6442
1999-03-22,0.6290823,1.5409
1999-03-23,0.6276210,1.3774
1999-03-24,0.6263176,1.2436
1999-03-25,0.6251154,1.1648
1999-03-26,0.6239661,1.1516
1999-03-27,0.6227899,1.2054
1999-03-28,0.6215475,1.2825
1999-03-29,0.6202271,1.3530
1999-03-30,0.6188549,1.3831
1999-03-31,0.6174657,1.3986
1999-04-01,0.6160559,1.4196
1999-04-02,0.6146358,1.4128
1999-04-03,0.6132488,1.3505
1999-04-04,0.6119436,1.2617
1999-04-05,0.6107195,1.1907
1999-04-06,0.6095502,1.1558
1999-04-07,0.6084063,1.1257
1999-04-08,0.6073019,1.0862
1999-04-09,0.6062160,1.1002
1999-04-10,0.6050794,1.1804
1999-04-11,0.6038380,1.3121
1999-04-12,0.6024367,1.4991
1999-04-13,0.6008313,1.7116
1999-04-14,0.5990325,1.8672
1999-04-15,0.5971267,1.9336
1999-04-16,0.5951894,1.9279
1999-04-17,0.5933008,1.8325
1999-04-18,0.5915425,1.6829
1999-04-19,0.5899368,1.5280
1999-04-20,0.5884796,1.3936
1999-04-21,0.5871357,1.3007
1999-04-22,0.5858700,1.2325
1999-04-23,0.5846524,1.2194
1999-04-24,0.5834096,1.2713
1999-04-25,0.5821038,1.3412
1999-04-26,0.5807272,1.4110
1999-04-27,0.5792883,1.4614
1999-04-28,0.5778153,1.4792
1999-04-29,0.5763425,1.4590
1999-04-30,0.5749110,1.3975
1999-05-01,0.5735568,1.3080
1999-05-02,0.5723009,1.2009
1999-05-03,0.5711608,1.0765
1999-05-04,0.5701531,0.9365
1999-05-05,0.5692849,0.8051
1999-05-06,0.5685253,0.7264
1999-05-07,0.5678023,0.7369
1999-05-08,0.5670242,0.8292
1999-05-09,0.5661260,0.9753
1999-05-10,0.5650662,1.1437
1999-05-11,0.5638383,1.3131
1999-05-12,0.5624417,1.4776
1999-05-13,0.5609021,1.5852
1999-05-14,0.5593077,1.5837
1999-05-15,0.5577711,1.4732
1999-05-16,0.5563838,1.2952
1999-05-17,0.5551776,1.1264
1999-05-18,0.5541047,1.0364
1999-05-19,0.5530771,1.0296
1999-05-20,0.5520312,1.0657
1999-05-21,0.5509326,1.1411
1999-05-22,0.5497423,1.2366
1999-05-23,0.5484752,1.2848
1999-05-24,0.5471842,1.2986
1999-05-25,0.5458829,1.2976
1999-05-26,0.5446169,1.2129
1999-05-27,0.5434790,1.0624
1999-05-28,0.5424877,0.9251
1999-05-29,0.5416207,0.8119
1999-05-30,0.5408573,0.7183
1999-05-31,0.5401792,0.6394
1999-06-01,0.5395709,0.5832
1999-06-02,0.5389991,0.5682
1999-06-03,0.5384210,0.5937
1999-06-04,0.5377971,0.6631
1999-06-05,0.5370776,0.7841
1999-06-06,0.5362240,0.9199
1999-06-07,0.5352345,1.0656
1999-06-08,0.5340876,1.2269
1999-06-09,0.5327944,1.3471
1999-06-10,0.5314212,1.3839
1999-06-11,0.5300582,1.3260
1999-06-12,0.5288036,1.1650
1999-06-13,0.5277451,0.9534
1999-06-14,0.5268842,0.7795
1999-06-15,0.5261647,0.6697
1999-06-16,0.5255264,0.6151
1999-06-17,0.5249123,0.6271
1999-06-18,0.5242564,0.6865
1999-06-19,0.5235431,0.7347
1999-06-20,0.5227985,0.7486
1999-06-21,0.5220543,0.7375
1999-06-22,0.5213344,0.6938
1999-06-23,0.5206902,0.5797
1999-06-24,0.5201869,0.4301
1999-06-25,0.5198245,0.2972
1999-06-26,0.5195920,0.1658
1999-06-27,0.5194892,0.0453
1999-06-28,0.5194934,-0.0514
1999-06-29,0.5195805,-0.1138
1999-06-30,0.5197040,-0.1253
1999-07-01,0.5198185,-0.0989
1999-07-02,0.5198866,-0.0269
1999-07-03,0.5198591,0.0849
1999-07-04,0.5196997,0.2482
1999-07-05,0.5193533,0.4396
1999-07-06,0.5188338,0.5910
1999-07-07,0.5181964,0.6672
1999-07-08,0.5175319,0.6460
1999-07-09,0.5169290,0.5509
1999-07-10,0.5164390,0.4291
1999-07-11,0.5160635,0.3291
1999-07-12,0.5157658,0.2741
1999-07-13,0.5154992,0.2674
1999-07-14,0.5152114,0.3196
1999-07-15,0.5148502,0.4012
1999-07-16,0.5144098,0.4803
1999-07-17,0.5138963,0.5392
1999-07-18,0.5133493,0.5443
1999-07-19,0.5128217,0.5073
1999-07-20,0.5123413,0.4506
1999-07-21,0.5119259,0.3778
1999-07-22,0.5115925,0.2847
1999-07-23,0.5113601,0.1809
1999-07-24,0.5112268,0.0887
1999-07-25,0.5111795,0.0061
1999-07-26,0.5112034,-0.0428
1999-07-27,0.5112447,-0.0304
1999-07-28,0.5112465,0.0350
1999-07-29,0.5111641,0.1321
1999-07-30,0.5109674,0.2739
1999-07-31,0.5106019,0.4589
1999-08-01,0.5100597,0.6137
1999-08-02,0.5093835,0.7414
1999-08-03,0.5085834,0.8496
1999-08-04,0.5077248,0.8365
1999-08-05,0.5069517,0.6996
1999-08-06,0.5063363,0.5306
1999-08-07,0.5058855,0.3766
1999-08-08,0.5055726,0.2542
1999-08-09,0.5053566,0.1932
1999-08-10,0.5051554,0.2247
1999-08-11,0.5048818,0.3325
1999-08-12,0.5044943,0.4288
1999-08-13,0.5040306,0.5060
1999-08-14,0.5034755,0.6037
1999-08-15,0.5028335,0.6707
1999-08-16,0.5021506,0.6882
1999-08-17,0.5014756,0.6500
1999-08-18,0.5008665,0.5639
1999-08-19,0.5003538,0.4597
1999-08-20,0.4999497,0.3476
1999-08-21,0.4996446,0.2776
1999-08-22,0.4993757,0.2642
1999-08-23,0.4991079,0.2759
1999-08-24,0.4988128,0.3211
1999-08-25,0.4984385,0.4479
1999-08-26,0.4978885,0.6604
1999-08-27,0.4971141,0.8839
1999-08-28,0.4961367,1.0594
1999-08-29,0.4950132,1.1810
1999-08-30,0.4937950,1.2416
1999-08-31,0.4925597,1.2133
1999-09-01,0.4913970,1.0994
1999-09-02,0.4903736,0.9476
1999-09-03,0.4894959,0.8137
1999-09-04,0.4887330,0.7195
1999-09-05,0.4880416,0.6711
1999-09-06,0.4873767,0.6650
1999-09-07,0.4867018,0.6883
1999-09-08,0.4859969,0.7211
1999-09-09,0.4852594,0.7545
1999-09-10,0.4844892,0.7840
1999-09-11,0.4837042,0.7750
1999-09-12,0.4829547,0.7196
1999-09-13,0.4822724,0.6420
1999-09-14,0.4816757,0.5494
1999-09-15,0.4811804,0.4365
1999-09-16,0.4808012,0.3283
1999-09-17,0.4805073,0.2697
1999-09-18,0.4802400,0.2764
1999-09-19,0.4799374,0.3345
1999-09-20,0.4795551,0.4404
1999-09-21,0.4790366,0.6064
1999-09-22,0.4783341,0.7972
1999-09-23,0.4774473,0.9729
1999-09-24,0.4764040,1.1014
1999-09-25,0.4752684,1.1581
1999-09-26,0.4741016,1.1735
1999-09-27,0.4729385,1.1377
1999-09-28,0.4718520,1.0245
1999-09-29,0.4708922,0.9034
1999-09-30,0.4700389,0.8014
1999-10-01,0.4692934,0.6876
1999-10-02,0.4686452,0.6295
1999-10-03,0.4679887,0.7086
1999-10-04,0.4672008,0.8692
1999-10-05,0.4662491,1.0335
1999-10-06,0.4651385,1.1839
1999-10-07,0.4638969,1.2876
1999-10-08,0.4625806,1.3394
1999-10-09,0.4612317,1.3502
1999-10-10,0.4598978,1.3080
1999-10-11,0.4586355,1.2064
1999-10-12,0.4574952,1.0741
1999-10-13,0.4564746,0.9797
1999-10-14,0.4555292,0.9049
1999-10-15,0.4546726,0.8066
1999-10-16,0.4539074,0.7339
1999-10-17,0.4531824,0.7283
1999-10-18,0.4524298,0.7857
1999-10-19,0.4515918,0.9008
1999-10-20,0.4505998,1.1013
1999-10-21,0.4493691,1.3623
1999-10-22,0.4478794,1.6108
1999-10-23,0.4461654,1.8056
1999-10-24,0.4442978,1.9114
1999-10-25,0.4423803,1.9040
1999-10-26,0.4405215,1.8015
1999-10-27,0.4388057,1.6137
1999-10-28,0.4373007,1.4062
1999-10-29,0.4359680,1.2747
1999-10-30,0.4347220,1.2311
1999-10-31,0.4334822,1.2582
1999-11-01,0.4321945,1.3188
1999-11-02,0.4308404,1.3922
1999-11-03,0.4294067,1.4758
1999-11-04,0.4279022,1.5193
1999-11-05,0.4263864,1.5080
1999-11-06,0.4248938,1.4740
1999-11-07,0.4234493,1.4073
1999-11-08,0.4220819,1.3323
1999-11-09,0.4207760,1.2833
1999-11-10,0.4195172,1.2288
1999-11-11,0.4183245,1.1562
1999-11-12,0.4171970,1.1071
1999-11-13,0.4160858,1.1317
1999-11-14,0.4149142,1.2147
1999-11-15,0.4136561,1.2987
1999-11-16,0.4123155,1.3867
1999-11-17,0.4108637,1.5319
1999-11-18,0.4092486,1.6865
1999-11-19,0.4075114,1.7789
1999-11-20,0.4057054,1.8273
1999-11-21,0.4038815,1.8015
1999-11-22,0.4021374,1.6708
1999-11-23,0.4005630,1.4707
1999-11-24,0.3991994,1.2605
1999-11-25,0.3980295,1.0878
1999-11-26,0.3970002,0.9858
1999-11-27,0.3960273,0.9757
1999-11-28,0.3950205,1.0505
1999-11-29,0.3939067,1.1841
1999-11-30,0.3926501,1.3244
1999-12-01,0.3912830,1.3893
1999-12-02,0.3899017,1.3637
1999-12-03,0.3885700,1.2948
1999-12-04,0.3873187,1.2061
1999-12-05,0.3861617,1.1056
1999-12-06,0.3851078,1.0042
1999-12-07,0.3841514,0.9086
1999-12-08,0.3832869,0.8243
1999-12-09,0.3824869,0.7877
1999-12-10,0.3816924,0.8082
1999-12-11,0.3808583,0.8652
1999-12-12,0.3799612,0.9244
1999-12-13,0.3790014,1.0077
1999-12-14,0.3779287,1.1421
1999-12-15,0.3767190,1.2709
1999-12-16,0.3753910,1.3872
1999-12-17,0.3739490,1.4902
1999-12-18,0.3724280,1.5412
1999-12-19,0.3708914,1.5180
1999-12-20,0.3694183,1.4159
1999-12-21,0.3680781,1.2581
1999-12-22,0.3668986,1.1106
1999-12-23,0.3658344,1.0306
1999-12-24,0.3648134,1.0226
1999-12-25,0.3637676,1.0793
1999-12-26,0.3626416,1.1755
1999-12-27,0.3614176,1.2687
1999-12-28,0.3601199,1.3147
1999-12-29,0.3588150,1.2804
1999-12-30,0.3575820,1.1776
1999-12-31,0.3564680,1.0504
2000-01-01,0.3554779,0.9333
2000-01-02,0.3546013,0.8165
2000-01-03,0.3538511,0.6813
2000-01-04,0.3532407,0.5403
2000-01-05,0.3527584,0.4358
2000-01-06,0.3523478,0.3954
2000-01-07,0.3519531,0.3987
2000-01-08,0.3515451,0.4181
2000-01-09,0.3511013,0.4845
2000-01-10,0.3505581,0.6050
2000-01-11,0.3498837,0.7484
2000-01-12,0.3490579,0.9018
2000-01-13,0.3480789,1.0586
2000-01-14,0.3469530,1.1786
2000-01-15,0.3457527,1.2057
2000-01-16,0.3445709,1.1447
2000-01-17,0.3434786,1.0376
2000-01-18,0.3424942,0.9350
2000-01-19,0.3416014,0.8541
2000-01-20,0.3407681,0.8269
2000-01-21,0.3399239,0.8709
2000-01-22,0.3390087,0.9677
2000-01-23,0.3379788,1.0937
2000-01-24,0.3368230,1.2145
2000-01-25,0.3355650,1.2895
2000-01-26,0.3342630,1.3073
2000-01-27,0.3329705,1.2647
2000-01-28,0.3317595,1.1442
2000-01-29,0.3306943,0.9869
2000-01-30,0.3297810,0.8438
2000-01-31,0.3289974,0.7287
2000-02-01,0.3283129,0.6455
2000-02-02,0.3277029,0.5726
2000-02-03,0.3271651,0.5076
2000-02-04,0.3266687,0.4997
2000-02-05,0.3261358,0.5813
2000-02-06,0.3254875,0.7185
2000-02-07,0.3246905,0.8805
2000-02-08,0.3237227,1.0540
2000-02-09,0.3225948,1.1908
2000-02-10,0.3213703,1.2402
2000-02-11,0.3201523,1.1759
2000-02-12,0.3190495,1.0187
2000-02-13,0.3181164,0.8572
2000-02-14,0.3173225,0.7336
2000-02-15,0.3166345,0.6541
2000-02-16,0.3159933,0.6376
2000-02-17,0.3153425,0.6714
2000-02-18,0.3146323,0.7599
2000-02-19,0.3137999,0.9168
2000-02-20,0.3127883,1.1050
2000-02-21,0.3116093,1.2351
2000-02-22,0.3103534,1.2591
2000-02-23,0.3091197,1.1971
2000-02-24,0.3079762,1.0840
2000-02-25,0.3069611,0.9427
2000-02-26,0.3060912,0.8002
2000-02-27,0.3053514,0.6857
2000-02-28,0.3047112,0.5970
2000-02-29,0.3041475,0.5380
2000-03-01,0.3036146,0.5409
2000-03-02,0.3030484,0.5956
2000-03-03,0.3024127,0.6822
2000-03-04,0.3016694,0.8126
2000-03-05,0.3007739,0.9838
2000-03-06,0.2996988,1.1639
2000-03-07,0.2984566,1.3123
2000-03-08,0.2970966,1.3933
2000-03-09,0.2956967,1.3941
2000-03-10,0.2943311,1.3268
2000-03-11,0.2930592,1.2113
2000-03-12,0.2919176,1.0687
2000-03-13,0.2909222,0.9250
2000-03-14,0.2900590,0.8072
2000-03-15,0.2892809,0.7701
2000-03-16,0.2884896,0.8205
2000-03-17,0.2876329,0.8920
2000-03-18,0.2867091,0.9529
2000-03-19,0.2857348,0.9908
2000-03-20,0.2847302,1.0207
2000-03-21,0.2836923,1.0539
2000-03-22,0.2826350,1.0495
2000-03-23,0.2816194,0.9670
2000-03-24,0.2807193,0.8296
2000-03-25,0.2799627,0.6845
2000-03-26,0.2793535,0.5296
2000-03-27,0.2788899,0.4153
2000-03-28,0.2784925,0.3922
2000-03-29,0.2780937,0.4043
2000-03-30,0.2776725,0.4504
2000-03-31,0.2771664,0.5760
2000-04-01,0.2764975,0.7705
2000-04-02,0.2756181,0.9868
2000-04-03,0.2745324,1.1777
2000-04-04,0.2732821,1.3104
2000-04-05,0.2719447,1.3436
2000-04-06,0.2706298,1.2720
2000-04-07,0.2694194,1.1443
2000-04-08,0.2683463,1.0013
2000-04-09,0.2674115,0.8740
2000-04-10,0.2665807,0.7993
2000-04-11,0.2657881,0.7990
2000-04-12,0.2649589,0.8700
2000-04-13,0.2640299,0.9957
2000-04-14,0.2629560,1.1558
2000-04-15,0.2617192,1.3133
2000-04-16,0.2603431,1.4297
2000-04-17,0.2588842,1.4728
2000-04-18,0.2574245,1.4348
2000-04-19,0.2560356,1.3337
2000-04-20,0.2547639,1.2120
2000-04-21,0.2536094,1.0968
2000-04-22,0.2525748,0.9681
2000-04-23,0.2516761,0.8306
2000-04-24,0.2509068,0.7134
2000-04-25,0.2502359,0.6365
2000-04-26,0.2496127,0.6229
2000-04-27,0.2489595,0.7012
2000-04-28,0.2481815,0.8660
2000-04-29,0.2472151,1.0679
2000-04-30,0.2460516,1.2520
2000-05-01,0.2447213,1.4055
2000-05-02,0.2432598,1.5014
2000-05-03,0.2417452,1.5171
2000-05-04,0.2402546,1.4458
2000-05-05,0.2388845,1.2819
2000-05-06,0.2376998,1.0912
2000-05-07,0.2366889,0.9403
2000-05-08,0.2357958,0.8598
2000-05-09,0.2349430,0.8583
2000-05-10,0.2340491,0.9472
2000-05-11,0.2330370,1.0710
2000-05-12,0.2319156,1.1694
2000-05-13,0.2307060,1.2444
2000-05-14,0.2294409,1.2772
2000-05-15,0.2281735,1.2444
2000-05-16,0.2269746,1.1440
2000-05-17,0.2258874,1.0377
2000-05-18,0.2248976,0.9362
2000-05-19,0.2240242,0.8072
2000-05-20,0.2232846,0.6739
2000-05-21,0.2226679,0.5661
2000-05-22,0.2221362,0.5070
2000-05-23,0.2216349,0.5048
2000-05-24,0.2211173,0.5306
2000-05-25,0.2205696,0.5689
2000-05-26,0.2199716,0.6310
2000-05-27,0.2192988,0.7194
2000-05-28,0.2185279,0.8225
2000-05-29,0.2176599,0.9072
2000-05-30,0.2167292,0.9446
2000-05-31,0.2157935,0.9134
2000-06-01,0.2149256,0.8127
2000-06-02,0.2141808,0.6741
2000-06-03,0.2135763,0.5390
2000-06-04,0.2130893,0.4444
2000-06-05,0.2126575,0.4397
2000-06-06,0.2121793,0.5266
2000-06-07,0.2115854,0.6701
2000-06-08,0.2108364,0.8216
2000-06-09,0.2099624,0.9125
2000-06-10,0.2090401,0.9172
2000-06-11,0.2081524,0.8485
2000-06-12,0.2073608,0.7266
2000-06-13,0.2067150,0.5574
2000-06-14,0.2062577,0.3531
2000-06-15,0.2060111,0.1417
2000-06-16,0.2059622,-0.0336
2000-06-17,0.2060551,-0.1394
2000-06-18,0.2062217,-0.1873
2000-06-19,0.2064164,-0.1952
2000-06-20,0.2065961,-0.1552
2000-06-21,0.2067086,-0.0605
2000-06-22,0.2067104,0.0543
2000-06-23,0.2066051,0.1537
2000-06-24,0.2064052,0.2466
2000-06-25,0.2061103,0.3445
2000-06-26,0.2057241,0.4187
2000-06-27,0.2052886,0.4457
2000-06-28,0.2048518,0.4155
2000-06-29,0.2044819,0.3125
2000-06-30,0.2042407,0.1678
2000-07-01,0.2041396,0.0432
2000-07-02,0.2041269,0.0009
2000-07-03,0.2041020,0.0662
2000-07-04,0.2039671,0.2139
2000-07-05,0.2036636,0.3933
2000-07-06,0.2031858,0.5566
2000-07-07,0.2025722,0.6544
2000-07-08,0.2019067,0.6630
2000-07-09,0.2012677,0.6070
2000-07-10,0.2007068,0.5085
2000-07-11,0.2002548,0.3976
2000-07-12,0.1999154,0.2753
2000-07-13,0.1997056,0.1489
2000-07-14,0.1996141,0.0330
2000-07-15,0.1996400,-0.0841
2000-07-16,0.1997705,-0.1659
2000-07-17,0.1999541,-0.1947
2000-07-18,0.2001486,-0.1896
2000-07-19,0.2003232,-0.1541
2000-07-20,0.2004517,-0.1032
2000-07-21,0.2005316,-0.0584
2000-07-22,0.2005659,-0.0057
2000-07-23,0.2005401,0.0558
2000-07-24,0.2004625,0.0926
2000-07-25,0.2003671,0.0929
2000-07-26,0.2002905,0.0519
2000-07-27,0.2002763,-0.0281
2000-07-28,0.2003495,-0.1165
2000-07-29,0.2004970,-0.1678
2000-07-30,0.2006586,-0.1394
2000-07-31,0.2007471,-0.0250
2000-08-01,0.2006923,0.1381
2000-08-02,0.2004733,0.2938
2000-08-03,0.2001244,0.3904
2000-08-04,0.1997185,0.4090
2000-08-05,0.1993296,0.3579
2000-08-06,0.1990213,0.2512
2000-08-07,0.1988380,0.1123
2000-08-08,0.1987994,-0.0348
2000-08-09,0.1988978,-0.1527
2000-08-10,0.1990886,-0.2222
2000-08-11,0.1993289,-0.2518
2000-08-12,0.1995786,-0.2405
2000-08-13,0.1997968,-0.1898
2000-08-14,0.1999461,-0.1026
2000-08-15,0.1999916,0.0159
2000-08-16,0.1999027,0.1694
2000-08-17,0.1996462,0.3429
2000-08-18,0.1992241,0.4948
2000-08-19,0.1986702,0.6058
2000-08-20,0.1980283,0.6696
2000-08-21,0.1973479,0.6829
2000-08-22,0.1966790,0.6467
2000-08-23,0.1960633,0.5841
2000-08-24,0.1955199,0.4940
2000-08-25,0.1950741,0.4073
2000-08-26,0.1946783,0.4015
2000-08-27,0.1942415,0.4844
2000-08-28,0.1936888,0.6295
2000-08-29,0.1929748,0.7977
2000-08-30,0.1921072,0.9246
2000-08-31,0.1911533,0.9686
2000-09-01,0.1901989,0.9259
2000-09-02,0.1893256,0.8109
2000-09-03,0.1885919,0.6516
2000-09-04,0.1880273,0.4775
2000-09-05,0.1876349,0.3095
2000-09-06,0.1874028,0.1581
2000-09-07,0.1873098,0.0333
2000-09-08,0.1873223,-0.0499
2000-09-09,0.1873861,-0.0627
2000-09-10,0.1874266,-0.0122
2000-09-11,0.1874013,0.0660
2000-09-12,0.1872869,0.1672
2000-09-13,0.1870496,0.3203
2000-09-14,0.1866365,0.5028
2000-09-15,0.1860550,0.6525
2000-09-16,0.1853555,0.7304
2000-09-17,0.1846236,0.7203
2000-09-18,0.1839384,0.6397
2000-09-19,0.1833584,0.5165
2000-09-20,0.1828959,0.4218
2000-09-21,0.1825005,0.3702
2000-09-22,0.1821426,0.3574
2000-09-23,0.1817630,0.4126
2000-09-24,0.1812951,0.5347
2000-09-25,0.1806746,0.7138
2000-09-26,0.1798634,0.9053
2000-09-27,0.1788756,1.0620
2000-09-28,0.1777662,1.1383
2000-09-29,0.1766344,1.1083
2000-09-30,0.1755771,0.9956
2000-10-01,0.1746616,0.8277
2000-10-02,0.1739322,0.6284
2000-10-03,0.1734054,0.4273
2000-10-04,0.1730604,0.2778
2000-10-05,0.1728192,0.2201
2000-10-06,0.1725918,0.2476
2000-10-07,0.1723008,0.3446
2000-10-08,0.1718859,0.4916
2000-10-09,0.1713077,0.6682
2000-10-10,0.1705445,0.8597
2000-10-11,0.1695914,1.0417
2000-10-12,0.1684726,1.1891
2000-10-13,0.1672293,1.2883
2000-10-14,0.1659165,1.3260
2000-10-15,0.1646002,1.2951
2000-10-16,0.1633460,1.2053
2000-10-17,0.1622008,1.0821
2000-10-18,0.1611743,0.9816
2000-10-19,0.1602224,0.9269
2000-10-20,0.1593019,0.9281
2000-10-21,0.1583373,1.0159
2000-10-22,0.1572489,1.1673
2000-10-23,0.1559969,1.3361
2000-10-24,0.1545842,1.4824
2000-10-25,0.1530514,1.5707
2000-10-26,0.1514687,1.5812
2000-10-27,0.1499145,1.5152
2000-10-28,0.1484579,1.3905
2000-10-29,0.1471418,1.2411
2000-10-30,0.1459752,1.0933
2000-10-31,0.1449482,0.9666
2000-11-01,0.1440379,0.8524
2000-11-02,0.1432245,0.7951
2000-11-03,0.1424206,0.8192
2000-11-04,0.1415779,0.8678
2000-11-05,0.1406790,0.9344
2000-11-06,0.1397020,1.0221
2000-11-07,0.1386307,1.1219
2000-11-08,0.1374558,1.2287
2000-11-09,0.1361794,1.3172
2000-11-10,0.1348407,1.3480
2000-11-11,0.1335115,1.2946
2000-11-12,0.1322815,1.1511
2000-11-13,0.1312288,0.9491
2000-11-14,0.1303795,0.7585
2000-11-15,0.1296880,0.6393
2000-11-16,0.1290752,0.5971
2000-11-17,0.1284673,0.6344
2000-11-18,0.1277803,0.7501
2000-11-19,0.1269550,0.9020
2000-11-20,0.1259796,1.0441
2000-11-21,0.1248810,1.1438
2000-11-22,0.1237094,1.1914
2000-11-23,0.1225261,1.1555
2000-11-24,0.1214273,1.0330
2000-11-25,0.1204737,0.8696
2000-11-26,0.1196892,0.7027
2000-11-27,0.1190582,0.5661
2000-11-28,0.1185366,0.4908
2000-11-29,0.1180511,0.4920
2000-11-30,0.1175362,0.5426
2000-12-01,0.1169571,0.6198
2000-12-02,0.1162837,0.7356
2000-12-03,0.1154766,0.8793
2000-12-04,0.1145258,1.0210
2000-12-05,0.1134396,1.1478
2000-12-06,0.1122369,1.2545
2000-12-07,0.1109424,1.3257
2000-12-08,0.1096102,1.3227
2000-12-09,0.1083239,1.2392
2000-12-10,0.1071513,1.0974
2000-12-11,0.1061402,0.9222
2000-12-12,0.1053021,0.7614
2000-12-13,0.1045962,0.6643
2000-12-14,0.1039425,0.6601
2000-12-15,0.1032518,0.7284
2000-12-16,0.1024791,0.8166
2000-12-17,0.1016208,0.8984
2000-12-18,0.1006920,0.9512
2000-12-19,0.0997342,0.9567
2000-12-20,0.0987954,0.9117
2000-12-21,0.0979297,0.8099
2000-12-22,0.0971851,0.6794
2000-12-23,0.0965696,0.5527
2000-12-24,0.0960771,0.4337
2000-12-25,0.0956962,0.3328
2000-12-26,0.0954001,0.2661
2000-12-27,0.0951508,0.2388
2000-12-28,0.0949096,0.2500
2000-12-29,0.0946359,0.3057
2000-12-30,0.0942828,0.4076
2000-12-31,0.0938120,0.5356
2001-01-01,0.0932119,0.6628
2001-01-02,0.0924914,0.7749
2001-01-03,0.0916692,0.8655
2001-01-04,0.0907750,0.9123
2001-01-05,0.0898678,0.8897
2001-01-06,0.0890192,0.7965
2001-01-07,0.0882913,0.6539
2001-01-08,0.0877100,0.5154
2001-01-09,0.0872412,0.4348
2001-01-10,0.0868214,0.4113
2001-01-11,0.0863978,0.4502
2001-01-12,0.0858918,0.5766
2001-01-13,0.0852278,0.7532
2001-01-14,0.0843969,0.8952
2001-01-15,0.0834651,0.9543
2001-01-16,0.0825200,0.9185
2001-01-17,0.0816624,0.7799
2001-01-18,0.0809795,0.5836
2001-01-19,0.0804921,0.3968
2001-01-20,0.0801787,0.2317
2001-01-21,0.0800201,0.0923
2001-01-22,0.0799806,-0.0066
2001-01-23,0.0800240,-0.0777
2001-01-24,0.0801074,-0.0631
2001-01-25,0.0801174,0.0500
2001-01-26,0.0800005,0.1837
2001-01-27,0.0797485,0.3217
2001-01-28,0.0793597,0.4518
2001-01-29,0.0788571,0.5454
2001-01-30,0.0782861,0.5875
2001-01-31,0.0777066,0.5561
2001-02-01,0.0771923,0.4695
2001-02-02,0.0767767,0.3556
2001-02-03,0.0764905,0.2136
2001-02-04,0.0763463,0.0814
2001-02-05,0.0763070,0.0113
2001-02-06,0.0762904,0.0409
2001-02-07,0.0761786,0.2102
2001-02-08,0.0758370,0.4784
2001-02-09,0.0752207,0.7498
2001-02-10,0.0743550,0.9683
2001-02-11,0.0733133,1.0990
2001-02-12,0.0721847,1.1465
2001-02-13,0.0710379,1.1411
2001-02-14,0.0699293,1.0554
2001-02-15,0.0689493,0.9030
2001-02-16,0.0681196,0.7617
2001-02-17,0.0674165,0.6486
2001-02-18,0.0668053,0.5867
2001-02-19,0.0662222,0.5874
2001-02-20,0.0656180,0.6255
2001-02-21,0.0649693,0.6693
2001-02-22,0.0642715,0.7366
2001-02-23,0.0634742,0.8694
2001-02-24,0.0625189,1.0437
2001-02-25,0.0613865,1.2189
2001-02-26,0.0600910,1.3642
2001-02-27,0.0586786,1.4479
2001-02-28,0.0572195,1.4586
2001-03-01,0.0557875,1.3911
2001-03-02,0.0544602,1.2550
2001-03-03,0.0532819,1.1058
2001-03-04,0.0522376,0.9897
2001-03-05,0.0512832,0.9316
2001-03-06,0.0503495,0.9483
2001-03-07,0.0493442,1.0921
2001-03-08,0.0481341,1.3296
2001-03-09,0.0467010,1.5191
2001-03-10,0.0451229,1.6277
2001-03-11,0.0434773,1.6413
2001-03-12,0.0418802,1.5354
2001-03-13,0.0404374,1.3370
2001-03-14,0.0392295,1.0688
2001-03-15,0.0382952,0.8144
2001-03-16,0.0375726,0.6443
2001-03-17,0.0369887,0.5279
2001-03-18,0.0365050,0.4468
2001-03-19,0.0360785,0.4153
2001-03-20,0.0356539,0.4451
2001-03-21,0.0351677,0.5365
2001-03-22,0.0345744,0.6473
2001-03-23,0.0338807,0.7354
2001-03-24,0.0330948,0.8498
2001-03-25,0.0321732,0.9878
2001-03-26,0.0311344,1.0803
2001-03-27,0.0300364,1.1015
2001-03-28,0.0289533,1.0571
2001-03-29,0.0279431,0.9502
2001-03-30,0.0270584,0.8270
2001-03-31,0.0262790,0.7341
2001-04-01,0.0255789,0.6750
2001-04-02,0.0249086,0.6770
2001-04-03,0.0241974,0.7615
2001-04-04,0.0233525,0.9452
2001-04-05,0.0222941,1.1674
2001-04-06,0.0210310,1.3495
2001-04-07,0.0196128,1.4786
2001-04-08,0.0181175,1.4768
2001-04-09,0.0167131,1.3133
2001-04-10,0.0155146,1.0787
2001-04-11,0.0145593,0.8332
2001-04-12,0.0138392,0.6148
2001-04-13,0.0133170,0.4347
2001-04-14,0.0129482,0.3196
2001-04-15,0.0126452,0.3024
2001-04-16,0.0123092,0.3877
2001-04-17,0.0118484,0.5371
2001-04-18,0.0112269,0.7109
2001-04-19,0.0104350,0.8595
2001-04-20,0.0095289,0.9450
2001-04-21,0.0085563,0.9967
2001-04-22,0.0075520,0.9988
2001-04-23,0.0065774,0.9449
2001-04-24,0.0056709,0.8648
2001-04-25,0.0048440,0.7961
2001-04-26,0.0040790,0.7267
2001-04-27,0.0034022,0.6227
2001-04-28,0.0028191,0.5622
2001-04-29,0.0022428,0.6068
2001-04-30,0.0015733,0.7479
2001-05-01,0.0007278,0.9465
2001-05-02,-0.0003259,1.1638
2001-05-03,-0.0015934,1.3619
2001-05-04,-0.0030352,1.5163
2001-05-05,-0.0045933,1.5725
2001-05-06,-0.0061331,1.4874
2001-05-07,-0.0075369,1.3086
2001-05-08,-0.0087404,1.0999
2001-05-09,-0.0097369,0.8917
2001-05-10,-0.0105319,0.7078
2001-05-11,-0.0111764,0.5955
2001-05-12,-0.0117496,0.5633
2001-05-13,-0.0123247,0.5963
2001-05-14,-0.0129605,0.6841
2001-05-15,-0.0137043,0.8060
2001-05-16,-0.0145695,0.9189
2001-05-17,-0.0155375,1.0181
2001-05-18,-0.0166007,1.1022
2001-05-19,-0.0177270,1.1414
2001-05-20,-0.0188626,1.1179
2001-05-21,-0.0199416,1.0310
2001-05-22,-0.0209025,0.8779
2001-05-23,-0.0216782,0.6671
2001-05-24,-0.0222369,0.4568
2001-05-25,-0.0226032,0.2808
2001-05-26,-0.0228237,0.1805
2001-05-27,-0.0230030,0.1968
2001-05-28,-0.0232464,0.3006
2001-05-29,-0.0236177,0.4449
2001-05-30,-0.0241318,0.5758
2001-05-31,-0.0247483,0.6435
2001-06-01,-0.0253975,0.6472
2001-06-02,-0.0260175,0.5753
2001-06-03,-0.0265184,0.4142
2001-06-04,-0.0268285,0.2007
2001-06-05,-0.0269122,-0.0358
2001-06-06,-0.0267590,-0.2660
2001-06-07,-0.0264018,-0.4314
2001-06-08,-0.0259287,-0.4994
2001-06-09,-0.0254333,-0.4764
2001-06-10,-0.0250007,-0.3791
2001-06-11,-0.0246893,-0.2394
2001-06-12,-0.0245243,-0.0925
2001-06-13,-0.0244996,0.0404
2001-06-14,-0.0245855,0.1143
2001-06-15,-0.0247149,0.1481
2001-06-16,-0.0248844,0.1900
2001-06-17,-0.0250857,0.2043
2001-06-18,-0.0252770,0.1705
2001-06-19,-0.0254095,0.0850
2001-06-20,-0.0254321,-0.0451
2001-06-21,-0.0253320,-0.1369
2001-06-22,-0.0251783,-0.1686
2001-06-23,-0.0250102,-0.1540
2001-06-24,-0.0248971,-0.0592
2001-06-25,-0.0249203,0.1209
2001-06-26,-0.0251571,0.3557
2001-06-27,-0.0256219,0.5613
2001-06-28,-0.0262345,0.6315
2001-06-29,-0.0268374,0.5593
2001-06-30,-0.0273305,0.4193
2001-07-01,-0.0276628,0.2396
2001-07-02,-0.0278068,0.0511
2001-07-03,-0.0277724,-0.1151
2001-07-04,-0.0275917,-0.2358
2001-07-05,-0.0273214,-0.2945
2001-07-06,-0.0270168,-0.3110
2001-07-07,-0.0267172,-0.2743
2001-07-08,-0.0264876,-0.1795
2001-07-09,-0.0263559,-0.0917
2001-07-10,-0.0262957,-0.0296
2001-07-11,-0.0262937,0.0235
2001-07-12,-0.0263420,0.0747
2001-07-13,-0.0264423,0.1237
2001-07-14,-0.0265745,0.1281
2001-07-15,-0.0266776,0.0699
2001-07-16,-0.0266996,-0.0323
2001-07-17,-0.0266054,-0.1572
2001-07-18,-0.0263767,-0.3075
2001-07-19,-0.0259942,-0.4463
2001-07-20,-0.0255082,-0.5128
2001-07-21,-0.0250060,-0.4672
2001-07-22,-0.0246132,-0.3034
2001-07-23,-0.0244171,-0.0859
2001-07-24,-0.0244378,0.1207
2001-07-25,-0.0246254,0.2279
2001-07-26,-0.0248554,0.2204
2001-07-27,-0.0250362,0.1229
2001-07-28,-0.0250710,-0.0650
2001-07-29,-0.0248973,-0.2794
2001-07-30,-0.0245203,-0.4693
2001-07-31,-0.0239750,-0.6102
2001-08-01,-0.0233173,-0.6990
2001-08-02,-0.0226031,-0.7095
2001-08-03,-0.0219307,-0.6228
2001-08-04,-0.0213741,-0.4863
2001-08-05,-0.0209647,-0.3302
2001-08-06,-0.0207134,-0.1752
2001-08-07,-0.0206093,-0.0354
2001-08-08,-0.0206453,0.1125
2001-08-09,-0.0208280,0.2417
2001-08-10,-0.0211180,0.3390
2001-08-11,-0.0214883,0.3834
2001-08-12,-0.0218582,0.3482
2001-08-13,-0.0221683,0.2638
2001-08-14,-0.0223759,0.1497
2001-08-15,-0.0224719,0.0482
2001-08-16,-0.0224951,0.0151
2001-08-17,-0.0225424,0.1029
2001-08-18,-0.0227349,0.2926
2001-08-19,-0.0231468,0.5398
2001-08-20,-0.0238110,0.7766
2001-08-21,-0.0246716,0.9284
2001-08-22,-0.0256336,0.9776
2001-08-23,-0.0265722,0.8631
2001-08-24,-0.0273305,0.6609
2001-08-25,-0.0278859,0.4344
2001-08-26,-0.0281912,0.1835
2001-08-27,-0.0282702,-0.0154
2001-08-28,-0.0281810,-0.1524
2001-08-29,-0.0279875,-0.2230
2001-08-30,-0.0277699,-0.1888
2001-08-31,-0.0276246,-0.1106
2001-09-01,-0.0275565,-0.0092
2001-09-02,-0.0276237,0.1446
2001-09-03,-0.0278457,0.2984
2001-09-04,-0.0282101,0.4210
2001-09-05,-0.0286795,0.5191
2001-09-06,-0.0292220,0.5383
2001-09-07,-0.0297228,0.4575
2001-09-08,-0.0301251,0.3410
2001-09-09,-0.0303991,0.2075
2001-09-10,-0.0305407,0.0759
2001-09-11,-0.0305585,-0.0328
2001-09-12,-0.0304893,-0.0989
2001-09-13,-0.0303902,-0.0765
2001-09-14,-0.0303768,0.0674
2001-09-15,-0.0305592,0.3140
2001-09-16,-0.0310227,0.6144
2001-09-17,-0.0317716,0.8655
2001-09-18,-0.0327081,0.9797
2001-09-19,-0.0336833,0.9507
2001-09-20,-0.0345782,0.8276
2001-09-21,-0.0353188,0.6454
2001-09-22,-0.0358650,0.4514
2001-09-23,-0.0362289,0.2794
2001-09-24,-0.0364315,0.1305
2001-09-25,-0.0365148,0.0565
2001-09-26,-0.0365719,0.0649
2001-09-27,-0.0366649,0.1343
2001-09-28,-0.0368626,0.2699
2001-09-29,-0.0372070,0.4125
2001-09-30,-0.0376819,0.5382
2001-10-01,-0.0382858,0.6713
2001-10-02,-0.0390267,0.8111
2001-10-03,-0.0398842,0.8794
2001-10-04,-0.0407664,0.8903
2001-10-05,-0.0416597,0.8858
2001-10-06,-0.0425070,0.7883
2001-10-07,-0.0432212,0.6454
2001-10-08,-0.0438093,0.5370
2001-10-09,-0.0443119,0.4788
2001-10-10,-0.0447946,0.5037
2001-10-11,-0.0453471,0.6119
2001-10-12,-0.0460388,0.7812
2001-10-13,-0.0469352,1.0276
2001-10-14,-0.0481049,1.3066
2001-10-15,-0.0495247,1.5143
2001-10-16,-0.0510923,1.5982
2001-10-17,-0.0526756,1.5455
2001-10-18,-0.0541385,1.3586
2001-10-19,-0.0553641,1.0858
2001-10-20,-0.0563100,0.8128
2001-10-21,-0.0570173,0.6226
2001-10-22,-0.0575865,0.5264
2001-10-23,-0.0580938,0.5015
2001-10-24,-0.0586034,0.5184
2001-10-25,-0.0591482,0.5882
2001-10-26,-0.0598058,0.7361
2001-10-27,-0.0606271,0.9041
2001-10-28,-0.0616005,1.0317
2001-10-29,-0.0626731,1.1070
2001-10-30,-0.0637941,1.1210
2001-10-31,-0.0649004,1.0909
2001-11-01,-0.0659625,1.0205
2001-11-02,-0.0669114,0.8600
2001-11-03,-0.0676788,0.6885
2001-11-04,-0.0683087,0.5779
2001-11-05,-0.0688485,0.5092
2001-11-06,-0.0693383,0.4743
2001-11-07,-0.0698185,0.5037
2001-11-08,-0.0703925,0.6735
2001-11-09,-0.0712107,0.9788
2001-11-10,-0.0723447,1.2679
2001-11-11,-0.0737149,1.4620
2001-11-12,-0.0752402,1.5704
2001-11-13,-0.0768242,1.5841
2001-11-14,-0.0783598,1.4520
2001-11-15,-0.0796801,1.1755
2001-11-16,-0.0807152,0.9122
2001-11-17,-0.0815299,0.7253
2001-11-18,-0.0821868,0.6015
2001-11-19,-0.0827571,0.5503
2001-11-20,-0.0833038,0.5484
2001-11-21,-0.0838642,0.5773
2001-11-22,-0.0844760,0.6589
2001-11-23,-0.0851887,0.7607
2001-11-24,-0.0859913,0.8441
2001-11-25,-0.0868759,0.9244
2001-11-26,-0.0878323,0.9813
2001-11-27,-0.0888226,0.9906
2001-11-28,-0.0897932,0.9389
2001-11-29,-0.0906844,0.8391
2001-11-30,-0.0914634,0.7155
2001-12-01,-0.0920973,0.5378
2001-12-02,-0.0925390,0.3601
2001-12-03,-0.0928478,0.2733
2001-12-04,-0.0931113,0.2637
2001-12-05,-0.0934066,0.3483
2001-12-06,-0.0938409,0.5317
2001-12-07,-0.0944807,0.7471
2001-12-08,-0.0953339,0.9589
2001-12-09,-0.0963856,1.1321
2001-12-10,-0.0975643,1.2038
2001-12-11,-0.0987479,1.1397
2001-12-12,-0.0998134,0.9849
2001-12-13,-0.1007082,0.8018
2001-12-14,-0.1014059,0.5856
2001-12-15,-0.1018858,0.3888
2001-12-16,-0.1022203,0.3026
2001-12-17,-0.1025281,0.3278
2001-12-18,-0.1028980,0.4194
2001-12-19,-0.1033688,0.5169
2001-12-20,-0.1039517,0.6742
2001-12-21,-0.1047412,0.9034
2001-12-22,-0.1057340,1.0590
2001-12-23,-0.1068325,1.1347
2001-12-24,-0.1079933,1.1803
2001-12-25,-0.1091801,1.1868
2001-12-26,-0.1103550,1.1574
2001-12-27,-0.1114831,1.0925
2001-12-28,-0.1125251,0.9827
2001-12-29,-0.1134437,0.8583
2001-12-30,-0.1142562,0.7774
2001-12-31,-0.1150209,0.7636
2002-01-01,-0.1158037,0.8108
2002-01-02,-0.1166693,0.9385
2002-01-03,-0.1176985,1.1198
2002-01-04,-0.1188986,1.2704
2002-01-05,-0.1202113,1.3372
2002-01-06,-0.1215473,1.3270
2002-01-07,-0.1228365,1.2304
2002-01-08,-0.1239610,0.9923
2002-01-09,-0.1248067,0.7108
2002-01-10,-0.1254012,0.4850
2002-01-11,-0.1257888,0.2955
2002-01-12,-0.1259989,0.1261
2002-01-13,-0.1260590,0.0106
2002-01-14,-0.1260491,-0.0178
2002-01-15,-0.1260530,0.0426
2002-01-16,-0.1261427,0.1280
2002-01-17,-0.1263067,0.2064
2002-01-18,-0.1265787,0.3543
2002-01-19,-0.1270116,0.4911
2002-01-20,-0.1275351,0.5505
2002-01-21,-0.1281046,0.5861
2002-01-22,-0.1287014,0.6041
2002-01-23,-0.1293014,0.5879
2002-01-24,-0.1298552,0.5058
2002-01-25,-0.1302989,0.3813
2002-01-26,-0.1306333,0.3033
2002-01-27,-0.1309397,0.3277
2002-01-28,-0.1313269,0.4665
2002-01-29,-0.1319022,0.6939
2002-01-30,-0.1327378,0.9908
2002-01-31,-0.1338676,1.2392
2002-02-01,-0.1351858,1.3964
2002-02-02,-0.1366441,1.5046
2002-02-03,-0.1381439,1.4595
2002-02-04,-0.1395213,1.2891
2002-02-05,-0.1407169,1.1032
2002-02-06,-0.1417091,0.8617
2002-02-07,-0.1424476,0.6423
2002-02-08,-0.1430156,0.4886
2002-02-09,-0.1434398,0.3800
2002-02-10,-0.1438149,0.3895
2002-02-11,-0.1442491,0.4900
2002-02-12,-0.1447929,0.5844
2002-02-13,-0.1454163,0.6738
2002-02-14,-0.1461477,0.7846
2002-02-15,-0.1469803,0.8798
2002-02-16,-0.1479109,0.9858
2002-02-17,-0.1489420,1.0622
2002-02-18,-0.1500088,1.0593
2002-02-19,-0.1510412,0.9983
2002-02-20,-0.1519999,0.9206
2002-02-21,-0.1528758,0.8229
2002-02-22,-0.1536466,0.7279
2002-02-23,-0.1543413,0.6621
2002-02-24,-0.1549999,0.6835
2002-02-25,-0.1557544,0.8433
2002-02-26,-0.1567153,1.0894
2002-02-27,-0.1579427,1.3639
2002-02-28,-0.1594139,1.5508
2002-03-01,-0.1610130,1.6439
2002-03-02,-0.1626763,1.6607
2002-03-03,-0.1642811,1.5177
2002-03-04,-0.1656714,1.2538
2002-03-05,-0.1667923,1.0006
2002-03-06,-0.1676924,0.8068
2002-03-07,-0.1684204,0.6566
2002-03-08,-0.1690271,0.5710
2002-03-09,-0.1695783,0.5331
2002-03-10,-0.1701147,0.5596
2002-03-11,-0.1707265,0.6733
2002-03-12,-0.1714742,0.8257
2002-03-13,-0.1723703,0.9554
2002-03-14,-0.1733587,1.0061
2002-03-15,-0.1743534,0.9693
2002-03-16,-0.1752898,0.9098
2002-03-17,-0.1761789,0.8680
2002-03-18,-0.1770191,0.8060
2002-03-19,-0.1777692,0.6788
2002-03-20,-0.1783677,0.5245
2002-03-21,-0.1788335,0.4162
2002-03-22,-0.1792219,0.3735
2002-03-23,-0.1796032,0.3991
2002-03-24,-0.1800487,0.5107
2002-03-25,-0.1806578,0.7219
2002-03-26,-0.1815139,0.9975
2002-03-27,-0.1826625,1.3024
2002-03-28,-0.1840935,1.5317
2002-03-29,-0.1856545,1.5468
2002-03-30,-0.1871290,1.3874
2002-03-31,-0.1884097,1.1690
2002-04-01,-0.1894584,0.9247
2002-04-02,-0.1902632,0.6928
2002-04-03,-0.1908576,0.5017
2002-04-04,-0.1912938,0.3922
2002-04-05,-0.1916733,0.3767
2002-04-06,-0.1920732,0.4393
2002-04-07,-0.1925641,0.5385
2002-04-08,-0.1931491,0.6344
2002-04-09,-0.1938376,0.7444
2002-04-10,-0.1946386,0.8567
2002-04-11,-0.1955434,0.9464
2002-04-12,-0.1965074,0.9642
2002-04-13,-0.1974443,0.8995
2002-04-14,-0.1982901,0.7859
2002-04-15,-0.1990076,0.6467
2002-04-16,-0.1995629,0.4458
2002-04-17,-0.1999155,0.2940
2002-04-18,-0.2001942,0.2722
2002-04-19,-0.2004544,0.2341
2002-04-20,-0.2006743,0.2318
2002-04-21,-0.2009659,0.3734
2002-04-22,-0.2014624,0.6391
2002-04-23,-0.2022539,0.9341
2002-04-24,-0.2033128,1.1756
2002-04-25,-0.2045866,1.3617
2002-04-26,-0.2059938,1.4204
2002-04-27,-0.2073654,1.2929
2002-04-28,-0.2085331,1.0260
2002-04-29,-0.2094074,0.7292
2002-04-30,-0.2099957,0.4450
2002-05-01,-0.2103291,0.2560
2002-05-02,-0.2105531,0.2031
2002-05-03,-0.2107538,0.2056
2002-05-04,-0.2109919,0.2908
2002-05-05,-0.2113629,0.4585
2002-05-06,-0.2119108,0.6318
2002-05-07,-0.2126161,0.7740
2002-05-08,-0.2134461,0.8781
2002-05-09,-0.2143605,0.9469
2002-05-10,-0.2153272,0.9776
2002-05-11,-0.2162937,0.9424
2002-05-12,-0.2171961,0.8597
2002-05-13,-0.2180117,0.7730
2002-05-14,-0.2187289,0.6468
2002-05-15,-0.2193166,0.5543
2002-05-16,-0.2198559,0.5168
2002-05-17,-0.2203514,0.4829
2002-05-18,-0.2208634,0.5741
2002-05-19,-0.2215396,0.7854
2002-05-20,-0.2224490,1.0412
2002-05-21,-0.2236193,1.2889
2002-05-22,-0.2249880,1.4200
2002-05-23,-0.2264168,1.4234
2002-05-24,-0.2277978,1.3158
2002-05-25,-0.2290038,1.0744
2002-05-26,-0.2299216,0.7581
2002-05-27,-0.2305238,0.4533
2002-05-28,-0.2308498,0.2133
2002-05-29,-0.2309822,0.0685
2002-05-30,-0.2310228,0.0315
2002-05-31,-0.2310614,0.0429
2002-06-01,-0.2311156,0.0753
2002-06-02,-0.2312210,0.1348
2002-06-03,-0.2313850,0.1936
2002-06-04,-0.2316011,0.2312
2002-06-05,-0.2318168,0.1769
2002-06-06,-0.2319358,0.0654
2002-06-07,-0.2319527,-0.0309
2002-06-08,-0.2318656,-0.1525
2002-06-09,-0.2316373,-0.3053
2002-06-10,-0.2312558,-0.4556
2002-06-11,-0.2307256,-0.6072
2002-06-12,-0.2300693,-0.6750
2002-06-13,-0.2293896,-0.7007
2002-06-14,-0.2287007,-0.6280
2002-06-15,-0.2281849,-0.4015
2002-06-16,-0.2279079,-0.1445
2002-06-17,-0.2278930,0.1038
2002-06-18,-0.2280801,0.2461
2002-06-19,-0.2283589,0.3097
2002-06-20,-0.2286830,0.3240
2002-06-21,-0.2289872,0.2792
2002-06-22,-0.2292182,0.1649
2002-06-23,-0.2293020,0.0058
2002-06-24,-0.2292446,-0.1088
2002-06-25,-0.2291098,-0.1472
2002-06-26,-0.2289625,-0.1487
2002-06-27,-0.2288278,-0.1040
2002-06-28,-0.2287767,0.0072
2002-06-29,-0.2288352,0.0974
2002-06-30,-0.2289689,0.1799
2002-07-01,-0.2292064,0.2966
2002-07-02,-0.2295636,0.4177
2002-07-03,-0.2300111,0.4468
2002-07-04,-0.2304294,0.3926
2002-07-05,-0.2307860,0.3073
2002-07-06,-0.2310266,0.1696
2002-07-07,-0.2311227,0.0245
2002-07-08,-0.2310794,-0.1092
2002-07-09,-0.2309140,-0.2138
2002-07-10,-0.2306679,-0.2699
2002-07-11,-0.2303905,-0.2769
2002-07-12,-0.2301687,-0.1201
2002-07-13,-0.2301842,0.1382
2002-07-14,-0.2304341,0.3633
2002-07-15,-0.2308944,0.5393
2002-07-16,-0.2314728,0.5957
2002-07-17,-0.2320466,0.5343
2002-07-18,-0.2325153,0.3944
2002-07-19,-0.2328064,0.1674
2002-07-20,-0.2328256,-0.1331
2002-07-21,-0.2325494,-0.4061
2002-07-22,-0.2320432,-0.5896
2002-07-23,-0.2313996,-0.6850
2002-07-24,-0.2306922,-0.7235
2002-07-25,-0.2299879,-0.6562
2002-07-26,-0.2294060,-0.5102
2002-07-27,-0.2289642,-0.3739
2002-07-28,-0.2286554,-0.2460
2002-07-29,-0.2284570,-0.1638
2002-07-30,-0.2282995,-0.1664
2002-07-31,-0.2281059,-0.2239
2002-08-01,-0.2278464,-0.2971
2002-08-02,-0.2275119,-0.3695
2002-08-03,-0.2270973,-0.4721
2002-08-04,-0.2265564,-0.6086
2002-08-05,-0.2258918,-0.7100
2002-08-06,-0.2251603,-0.7398
2002-08-07,-0.2244446,-0.6723
2002-08-08,-0.2238560,-0.4837
2002-08-09,-0.2235111,-0.1934
2002-08-10,-0.2234774,0.1214
2002-08-11,-0.2237373,0.3863
2002-08-12,-0.2242181,0.5554
2002-08-13,-0.2247973,0.5720
2002-08-14,-0.2253212,0.4658
2002-08-15,-0.2257019,0.2786
2002-08-16,-0.2258593,0.0340
2002-08-17,-0.2257801,-0.1799
2002-08-18,-0.2255239,-0.3204
2002-08-19,-0.2251639,-0.3871
2002-08-20,-0.2247744,-0.3797
2002-08-21,-0.2244398,-0.2664
2002-08-22,-0.2242676,-0.0752
2002-08-23,-0.2242667,0.0478
2002-08-24,-0.2243537,0.1422
2002-08-25,-0.2245567,0.2534
2002-08-26,-0.2248424,0.3102
2002-08-27,-0.2251621,0.3218
2002-08-28,-0.2254686,0.2811
2002-08-29,-0.2257036,0.1784
2002-08-30,-0.2258141,0.0419
2002-08-31,-0.2257909,-0.0841
2002-09-01,-0.2256536,-0.1871
2002-09-02,-0.2254281,-0.2560
2002-09-03,-0.2251676,-0.2468
2002-09-04,-0.2249739,-0.1192
2002-09-05,-0.2249528,0.0792
2002-09-06,-0.2251587,0.3568
2002-09-07,-0.2256897,0.7042
2002-09-08,-0.2265390,0.9673
2002-09-09,-0.2275649,1.0521
2002-09-10,-0.2285800,0.9473
2002-09-11,-0.2294085,0.6893
2002-09-12,-0.2299584,0.4305
2002-09-13,-0.2302885,0.2288
2002-09-14,-0.2304264,0.0584
2002-09-15,-0.2304327,-0.0298
2002-09-16,-0.2303933,-0.0383
2002-09-17,-0.2303701,-0.0046
2002-09-18,-0.2303971,0.0681
2002-09-19,-0.2305177,0.1751
2002-09-20,-0.2307477,0.2835
2002-09-21,-0.2310795,0.3763
2002-09-22,-0.2314898,0.4375
2002-09-23,-0.2319408,0.4577
2002-09-24,-0.2323847,0.4166
2002-09-25,-0.2327552,0.3192
2002-09-26,-0.2330039,0.1643
2002-09-27,-0.2331031,0.0675
2002-09-28,-0.2331446,-0.0121
2002-09-29,-0.2330660,-0.1304
2002-09-30,-0.2329126,-0.1624
2002-10-01,-0.2327832,-0.0683
2002-10-02,-0.2328021,0.1040
2002-10-03,-0.2330013,0.3065
2002-10-04,-0.2334542,0.6264
2002-10-05,-0.2342555,0.9507
2002-10-06,-0.2353067,1.1285
2002-10-07,-0.2364571,1.1403
2002-10-08,-0.2375330,0.9893
2002-10-09,-0.2384033,0.7411
2002-10-10,-0.2390083,0.4723
2002-10-11,-0.2393631,0.2493
2002-10-12,-0.2395402,0.1262
2002-10-13,-0.2396567,0.1265
2002-10-14,-0.2398217,0.2121
2002-10-15,-0.2400912,0.3284
2002-10-16,-0.2404829,0.4578
2002-10-17,-0.2410163,0.6158
2002-10-18,-0.2416962,0.7188
2002-10-19,-0.2424298,0.7493
2002-10-20,-0.2431891,0.7626
2002-10-21,-0.2439456,0.7479
2002-10-22,-0.2446767,0.7088
2002-10-23,-0.2453475,0.6228
2002-10-24,-0.2459090,0.4971
2002-10-25,-0.2463360,0.3545
2002-10-26,-0.2466288,0.2445
2002-10-27,-0.2468462,0.1982
2002-10-28,-0.2470293,0.1641
2002-10-29,-0.2472034,0.2170
2002-10-30,-0.2475164,0.4292
2002-10-31,-0.2480814,0.7003
2002-11-01,-0.2489200,0.9806
2002-11-02,-0.2500217,1.1983
2002-11-03,-0.2512630,1.2554
2002-11-04,-0.2524910,1.1882
2002-11-05,-0.2535866,0.9627
2002-11-06,-0.2544001,0.6882
2002-11-07,-0.2549773,0.4567
2002-11-08,-0.2553262,0.2633
2002-11-09,-0.2555263,0.1369
2002-11-10,-0.2556253,0.0863
2002-11-11,-0.2557333,0.1388
2002-11-12,-0.2559230,0.2514
2002-11-13,-0.2562531,0.4148
2002-11-14,-0.2567446,0.5540
2002-11-15,-0.2573380,0.6238
2002-11-16,-0.2579784,0.6521
2002-11-17,-0.2586282,0.6383
2002-11-18,-0.2592403,0.5806
2002-11-19,-0.2597669,0.4556
2002-11-20,-0.2601395,0.2946
2002-11-21,-0.2603806,0.2072
2002-11-22,-0.2605723,0.1752
2002-11-23,-0.2607330,0.1493
2002-11-24,-0.2608929,0.1894
2002-11-25,-0.2611440,0.3263
2002-11-26,-0.2615656,0.5237
2002-11-27,-0.2622115,0.7814
2002-11-28,-0.2631298,1.0434
2002-11-29,-0.2642837,1.2617
2002-11-30,-0.2656293,1.4082
2002-12-01,-0.2670529,1.4130
2002-12-02,-0.2684078,1.2753
2002-12-03,-0.2695660,1.0250
2002-12-04,-0.2704478,0.7448
2002-12-05,-0.2710566,0.4678
2002-12-06,-0.2714236,0.3116
2002-12-07,-0.2717396,0.3349
2002-12-08,-0.2721209,0.4407
2002-12-09,-0.2726412,0.6072
2002-12-10,-0.2733357,0.7750
2002-12-11,-0.2741907,0.9412
2002-12-12,-0.2751856,1.0099
2002-12-13,-0.2761973,1.0389
2002-12-14,-0.2772572,1.0493
2002-12-15,-0.2782595,0.9506
2002-12-16,-0.2791429,0.8055
2002-12-17,-0.2798662,0.6475
2002-12-18,-0.2804324,0.4730
2002-12-19,-0.2808068,0.2824
2002-12-20,-0.2810295,0.1889
2002-12-21,-0.2812100,0.1718
2002-12-22,-0.2813870,0.1965
2002-12-23,-0.2816384,0.3274
2002-12-24,-0.2820811,0.5763
2002-12-25,-0.2828001,0.8527
2002-12-26,-0.2837648,1.0642
2002-12-27,-0.2848960,1.1783
2002-12-28,-0.2860823,1.1751
2002-12-29,-0.2872075,1.0558
2002-12-30,-0.2881649,0.8494
2002-12-31,-0.2889012,0.6277
2003-01-01,-0.2894276,0.4280
2003-01-02,-0.2897847,0.3107
2003-01-03,-0.2900905,0.3178
2003-01-04,-0.2904298,0.3533
2003-01-05,-0.2908112,0.4311
2003-01-06,-0.2913240,0.6049
2003-01-07,-0.2920188,0.7721
2003-01-08,-0.2928401,0.8551
2003-01-09,-0.2937142,0.8936
2003-01-10,-0.2946250,0.9252
2003-01-11,-0.2955554,0.9293
2003-01-12,-0.2964593,0.8607
2003-01-13,-0.2972536,0.7227
2003-01-14,-0.2979028,0.5790
2003-01-15,-0.2984095,0.4288
2003-01-16,-0.2987611,0.2806
2003-01-17,-0.2989943,0.2031
2003-01-18,-0.2992026,0.2316
2003-01-19,-0.2994845,0.3411
2003-01-20,-0.2998952,0.4818
2003-01-21,-0.3004516,0.6331
2003-01-22,-0.3011576,0.7731
2003-01-23,-0.3019797,0.8588
2003-01-24,-0.3028613,0.9028
2003-01-25,-0.3037536,0.8515
2003-01-26,-0.3045155,0.6536
2003-01-27,-0.3050423,0.4003
2003-01-28,-0.3053217,0.1640
2003-01-29,-0.3054000,0.0170
2003-01-30,-0.3053888,-0.0306
2003-01-31,-0.3053530,-0.0356
2003-02-01,-0.3053377,0.0198
2003-02-02,-0.3054213,0.1613
2003-02-03,-0.3056832,0.3714
2003-02-04,-0.3061727,0.6074
2003-02-05,-0.3068687,0.7555
2003-02-06,-0.3076458,0.7898
2003-02-07,-0.3084246,0.7530
2003-02-08,-0.3091320,0.6567
2003-02-09,-0.3097340,0.5484
2003-02-10,-0.3102252,0.4292
2003-02-11,-0.3105885,0.2984
2003-02-12,-0.3108423,0.2286
2003-02-13,-0.3110792,0.2591
2003-02-14,-0.3113728,0.3263
2003-02-15,-0.3117305,0.3897
2003-02-16,-0.3121823,0.5434
2003-02-17,-0.3128526,0.8029
2003-02-18,-0.3137861,1.0566
2003-02-19,-0.3149354,1.2193
2003-02-20,-0.3161861,1.2661
2003-02-21,-0.3174260,1.1880
2003-02-22,-0.3185178,0.9769
2003-02-23,-0.3193628,0.7149
2003-02-24,-0.3199575,0.4827
2003-02-25,-0.3203477,0.3088
2003-02-26,-0.3206057,0.2265
2003-02-27,-0.3208274,0.2244
2003-02-28,-0.3210616,0.2437
2003-03-01,-0.3213342,0.3212
2003-03-02,-0.3217285,0.4720
2003-03-03,-0.3222769,0.6188
2003-03-04,-0.3229339,0.6689
2003-03-05,-0.3235981,0.6690
2003-03-06,-0.3242836,0.7040
2003-03-07,-0.3249880,0.6846
2003-03-08,-0.3256338,0.6082
2003-03-09,-0.3262047,0.5326
2003-03-10,-0.3266992,0.4574
2003-03-11,-0.3271130,0.3627
2003-03-12,-0.3274410,0.3174
2003-03-13,-0.3277667,0.3289
2003-03-14,-0.3281217,0.4089
2003-03-15,-0.3286228,0.6036
2003-03-16,-0.3293535,0.8722
2003-03-17,-0.3303825,1.1868
2003-03-18,-0.3317064,1.4392
2003-03-19,-0.3332146,1.5525
2003-03-20,-0.3347550,1.4965
2003-03-21,-0.3361548,1.2819
2003-03-22,-0.3372912,0.9843
2003-03-23,-0.3381200,0.6765
2003-03-24,-0.3386631,0.4255
2003-03-25,-0.3390021,0.2677
2003-03-26,-0.3392432,0.2439
2003-03-27,-0.3395301,0.3405
2003-03-28,-0.3399356,0.4712
2003-03-29,-0.3404782,0.6191
2003-03-30,-0.3411741,0.7679
2003-03-31,-0.3420023,0.8816
2003-04-01,-0.3429189,0.9401
2003-04-02,-0.3438752,0.9767
2003-04-03,-0.3448588,0.9728
2003-04-04,-0.3457889,0.8732
2003-04-05,-0.3466028,0.7663
2003-04-06,-0.3473228,0.6632
2003-04-07,-0.3479159,0.5202
2003-04-08,-0.3483635,0.3781
2003-04-09,-0.3486963,0.3087
2003-04-10,-0.3490161,0.3448
2003-04-11,-0.3494104,0.4544
2003-04-12,-0.3499565,0.6589
2003-04-13,-0.3507569,0.9497
2003-04-14,-0.3518583,1.2479
2003-04-15,-0.3532211,1.4514
2003-04-16,-0.3547053,1.4874
2003-04-17,-0.3561266,1.3154
2003-04-18,-0.3572959,1.0228
2003-04-19,-0.3581530,0.6726
2003-04-20,-0.3586367,0.3093
2003-04-21,-0.3588223,0.0983
2003-04-22,-0.3588803,0.0284
2003-04-23,-0.3589122,0.0578
2003-04-24,-0.3590290,0.1867
2003-04-25,-0.3592890,0.3259
2003-04-26,-0.3596822,0.4691
2003-04-27,-0.3602284,0.6157
2003-04-28,-0.3608987,0.7175
2003-04-29,-0.3616448,0.7635
2003-04-30,-0.3624026,0.7402
2003-05-01,-0.3630942,0.6237
2003-05-02,-0.3636280,0.4410
2003-05-03,-0.3639732,0.2491
2003-05-04,-0.3641276,0.0614
2003-05-05,-0.3641144,-0.0712
2003-05-06,-0.3640185,-0.1038
2003-05-07,-0.3639165,-0.1072
2003-05-08,-0.3638322,-0.0264
2003-05-09,-0.3639056,0.1802
2003-05-10,-0.3642002,0.4095
2003-05-11,-0.3647308,0.6574
2003-05-12,-0.3655190,0.9174
2003-05-13,-0.3665539,1.1423
2003-05-14,-0.3677575,1.2291
2003-05-15,-0.3689420,1.1058
2003-05-16,-0.3699096,0.8039
2003-05-17,-0.3705404,0.4736
2003-05-18,-0.3708873,0.2347
2003-05-19,-0.3710574,0.1385
2003-05-20,-0.3712090,0.1764
2003-05-21,-0.3714253,0.2598
2003-05-22,-0.3717424,0.3847
2003-05-23,-0.3721978,0.5188
2003-05-24,-0.3727682,0.6174
2003-05-25,-0.3734133,0.6579
2003-05-26,-0.3740601,0.6265
2003-05-27,-0.3746528,0.5544
2003-05-28,-0.3751579,0.4493
2003-05-29,-0.3755405,0.3113
2003-05-30,-0.3757718,0.1470
2003-05-31,-0.3758233,-0.0510
2003-06-01,-0.3756729,-0.2398
2003-06-02,-0.3753667,-0.3595
2003-06-03,-0.3749699,-0.4311
2003-06-04,-0.3745145,-0.4726
2003-06-05,-0.3740604,-0.4068
2003-06-06,-0.3737450,-0.2085
2003-06-07,-0.3736611,0.0429
2003-06-08,-0.3738321,0.2983
2003-06-09,-0.3742377,0.4937
2003-06-10,-0.3747707,0.5426
2003-06-11,-0.3752706,0.4345
2003-06-12,-0.3755955,0.1936
2003-06-13,-0.3756285,-0.1354
2003-06-14,-0.3753325,-0.4411
2003-06-15,-0.3747830,-0.6369
2003-06-16,-0.3741045,-0.6955
2003-06-17,-0.3734337,-0.6290
2003-06-18,-0.3728718,-0.4864
2003-06-19,-0.3724717,-0.3112
2003-06-20,-0.3722403,-0.1633
2003-06-21,-0.3721221,-0.0846
2003-06-22,-0.3720500,-0.0694
2003-06-23,-0.3719645,-0.1107
2003-06-24,-0.3718111,-0.2046
2003-06-25,-0.3715413,-0.3405
2003-06-26,-0.3711262,-0.4880
2003-06-27,-0.3705659,-0.6337
2003-06-28,-0.3698619,-0.7700
2003-06-29,-0.3690369,-0.8731
2003-06-30,-0.3681352,-0.9175
2003-07-01,-0.3672293,-0.8796
2003-07-02,-0.3663979,-0.7761
2003-07-03,-0.3656883,-0.6389
2003-07-04,-0.3651348,-0.4576
2003-07-05,-0.3647734,-0.2753
2003-07-06,-0.3645612,-0.1620
2003-07-07,-0.3644204,-0.1359
2003-07-08,-0.3642627,-0.1901
2003-07-09,-0.3640050,-0.3499
2003-07-10,-0.3635334,-0.5983
2003-07-11,-0.3628156,-0.8250
2003-07-12,-0.3619172,-0.9503
2003-07-13,-0.3609529,-0.9618
2003-07-14,-0.3600250,-0.8791
2003-07-15,-0.3592228,-0.7122
2003-07-16,-0.3586193,-0.4893
2003-07-17,-0.3582378,-0.2857
2003-07-18,-0.3580219,-0.1600
2003-07-19,-0.3578936,-0.1070
2003-07-20,-0.3577857,-0.1208
2003-07-21,-0.3576341,-0.1883
2003-07-22,-0.3573996,-0.2841
2003-07-23,-0.3570603,-0.3965
2003-07-24,-0.3566067,-0.5085
2003-07-25,-0.3560443,-0.6175
2003-07-26,-0.3553902,-0.6711
2003-07-27,-0.3547300,-0.6410
2003-07-28,-0.3541233,-0.5655
2003-07-29,-0.3536072,-0.4654
2003-07-30,-0.3532143,-0.3000
2003-07-31,-0.3530332,-0.0565
2003-08-01,-0.3530906,0.1548
2003-08-02,-0.3533179,0.2915
2003-08-03,-0.3536562,0.3761
2003-08-04,-0.3540369,0.3611
2003-08-05,-0.3543207,0.1730
2003-08-06,-0.3543599,-0.0840
2003-08-07,-0.3541618,-0.3135
2003-08-08,-0.3537440,-0.5096
2003-08-09,-0.3531782,-0.5988
2003-08-10,-0.3525882,-0.5626
2003-08-11,-0.3520874,-0.4231
2003-08-12,-0.3517684,-0.2044
2003-08-13,-0.3516766,0.0082
2003-08-14,-0.3517656,0.1630
2003-08-15,-0.3519884,0.2750
2003-08-16,-0.3522936,0.3208
2003-08-17,-0.3526033,0.2865
2003-08-18,-0.3528384,0.1676
2003-08-19,-0.3529045,-0.0534
2003-08-20,-0.3527289,-0.2824
2003-08-21,-0.3523604,-0.4492
2003-08-22,-0.3518420,-0.5814
2003-08-23,-0.3512211,-0.6430
2003-08-24,-0.3505807,-0.6305
2003-08-25,-0.3499870,-0.5371
2003-08-26,-0.3495314,-0.3689
2003-08-27,-0.3492927,-0.0703
2003-08-28,-0.3494149,0.3007
2003-08-29,-0.3498616,0.5742
2003-08-30,-0.3505251,0.7329
2003-08-31,-0.3512761,0.7375
2003-09-01,-0.3519472,0.5833
2003-09-02,-0.3524163,0.3497
2003-09-03,-0.3526344,0.0793
2003-09-04,-0.3525856,-0.1589
2003-09-05,-0.3523584,-0.2716
2003-09-06,-0.3520693,-0.3037
2003-09-07,-0.3517748,-0.2645
2003-09-08,-0.3515758,-0.1189
2003-09-09,-0.3515564,0.0850
2003-09-10,-0.3517370,0.2625
2003-09-11,-0.3520603,0.3768
2003-09-12,-0.3524604,0.4005
2003-09-13,-0.3528330,0.3393
2003-09-14,-0.3531319,0.2568
2003-09-15,-0.3533428,0.1627
2003-09-16,-0.3534535,0.0571
2003-09-17,-0.3534576,-0.0465
2003-09-18,-0.3533465,-0.1919
2003-09-19,-0.3530887,-0.2924
2003-09-20,-0.3527968,-0.2876
2003-09-21,-0.3525335,-0.2229
2003-09-22,-0.3523885,-0.0457
2003-09-23,-0.3524686,0.2111
2003-09-24,-0.3528143,0.4787
2003-09-25,-0.3534192,0.7259
2003-09-26,-0.3542415,0.8992
2003-09-27,-0.3551718,0.9349
2003-09-28,-0.3560603,0.8176
2003-09-29,-0.3567764,0.6085
2003-09-30,-0.3572628,0.3559
2003-10-01,-0.3574947,0.1228
2003-10-02,-0.3575434,-0.0053
2003-10-03,-0.3575253,-0.0096
2003-10-04,-0.3575563,0.0825
2003-10-05,-0.3577116,0.2385
2003-10-06,-0.3580504,0.4458
2003-10-07,-0.3586005,0.6449
2003-10-08,-0.3593077,0.7465
2003-10-09,-0.3600542,0.7303
2003-10-10,-0.3607569,0.6799
2003-10-11,-0.3614052,0.6030
2003-10-12,-0.3619451,0.4725
2003-10-13,-0.3623444,0.3245
2003-10-14,-0.3625940,0.1762
2003-10-15,-0.3627009,0.0401
2003-10-16,-0.3626855,-0.0620
2003-10-17,-0.3625996,-0.0959
2003-10-18,-0.3625268,-0.0305
2003-10-19,-0.3625735,0.1396
2003-10-20,-0.3628352,0.3972
2003-10-21,-0.3633816,0.6959
2003-10-22,-0.3642207,0.9757
2003-10-23,-0.3653182,1.2109
2003-10-24,-0.3666035,1.3290
2003-10-25,-0.3679152,1.2642
2003-10-26,-0.3690749,1.0284
2003-10-27,-0.3699340,0.6786
2003-10-28,-0.3704257,0.3096
2003-10-29,-0.3705842,0.0335
2003-10-30,-0.3705420,-0.0948
2003-10-31,-0.3704336,-0.1060
2003-11-01,-0.3703634,-0.0169
2003-11-02,-0.3704255,0.1494
2003-11-03,-0.3706700,0.3390
2003-11-04,-0.3710949,0.5027
2003-11-05,-0.3716455,0.5766
2003-11-06,-0.3722165,0.5556
2003-11-07,-0.3727379,0.4781
2003-11-08,-0.3731670,0.3836
2003-11-09,-0.3734991,0.2712
2003-11-10,-0.3737101,0.1609
2003-11-11,-0.3738058,0.0052
2003-11-12,-0.3737423,-0.0853
2003-11-13,-0.3736849,-0.0267
2003-11-14,-0.3736874,0.0275
2003-11-15,-0.3737445,0.0955
2003-11-16,-0.3739045,0.2418
2003-11-17,-0.3742567,0.4740
2003-11-18,-0.3748576,0.7215
2003-11-19,-0.3756732,0.8894
2003-11-20,-0.3766143,0.9910
2003-11-21,-0.3776569,1.0976
2003-11-22,-0.3787591,1.0529
2003-11-23,-0.3796923,0.7970
2003-11-24,-0.3803395,0.5002
2003-11-25,-0.3806915,0.1999
2003-11-26,-0.3807660,-0.0201
2003-11-27,-0.3807079,-0.0701
2003-11-28,-0.3806736,0.0232
2003-11-29,-0.3807771,0.1847
2003-11-30,-0.3810378,0.3304
2003-12-01,-0.3814298,0.4516
2003-12-02,-0.3819260,0.5276
2003-12-03,-0.3824611,0.5319
2003-12-04,-0.3829600,0.4467
2003-12-05,-0.3833443,0.3309
2003-12-06,-0.3836264,0.2291
2003-12-07,-0.3837894,0.0882
2003-12-08,-0.3837836,-0.1102
2003-12-09,-0.3835670,-0.3145
2003-12-10,-0.3831965,-0.3930
2003-12-11,-0.3828080,-0.3904
2003-12-12,-0.3824312,-0.3413
2003-12-13,-0.3821437,-0.2372
2003-12-14,-0.3819729,-0.0848
2003-12-15,-0.3819964,0.1346
2003-12-16,-0.3822506,0.3794
2003-12-17,-0.3827534,0.6186
2003-12-18,-0.3834535,0.7549
2003-12-19,-0.3842275,0.7842
2003-12-20,-0.3849995,0.7465
2003-12-21,-0.3856785,0.5829
2003-12-22,-0.3861289,0.3100
2003-12-23,-0.3863051,0.0567
2003-12-24,-0.3863118,0.0118
2003-12-25,-0.3863800,0.1209
2003-12-26,-0.3865590,0.2462
2003-12-27,-0.3868809,0.3972
2003-12-28,-0.3873439,0.5199
2003-12-29,-0.3879047,0.5948
2003-12-30,-0.3885122,0.6058
2003-12-31,-0.3890938,0.5491
2004-01-01,-0.3896111,0.4944
2004-01-02,-0.3900767,0.4219
2004-01-03,-0.3904257,0.2617
2004-01-04,-0.3905932,0.0806
2004-01-05,-0.3906040,-0.0492
2004-01-06,-0.3905213,-0.0993
2004-01-07,-0.3904423,-0.0385
2004-01-08,-0.3904618,0.0748
2004-01-09,-0.3906104,0.2434
2004-01-10,-0.3909731,0.4854
2004-01-11,-0.3915875,0.7462
2004-01-12,-0.3924623,0.9974
2004-01-13,-0.3935699,1.2112
2004-01-14,-0.3948418,1.2961
2004-01-15,-0.3961097,1.2237
2004-01-16,-0.3972627,1.0719
2004-01-17,-0.3982241,0.8320
2004-01-18,-0.3989195,0.5705
2004-01-19,-0.3993777,0.3466
2004-01-20,-0.3996423,0.2114
2004-01-21,-0.3998404,0.1960
2004-01-22,-0.4000692,0.2853
2004-01-23,-0.4004329,0.4404
2004-01-24,-0.4009494,0.5939
2004-01-25,-0.4016188,0.7418
2004-01-26,-0.4024243,0.8638
2004-01-27,-0.4033002,0.8474
2004-01-28,-0.4040711,0.6871
2004-01-29,-0.4046641,0.4958
2004-01-30,-0.4050432,0.2461
2004-01-31,-0.4051645,0.0211
2004-02-01,-0.4051142,-0.1173
2004-02-02,-0.4049439,-0.2135
2004-02-03,-0.4047021,-0.2650
2004-02-04,-0.4044246,-0.2845
2004-02-05,-0.4041796,-0.1645
2004-02-06,-0.4041138,0.0102
2004-02-07,-0.4042213,0.2488
2004-02-08,-0.4046330,0.5521
2004-02-09,-0.4052923,0.7558
2004-02-10,-0.4061206,0.8875
2004-02-11,-0.4070395,0.9358
2004-02-12,-0.4079564,0.8766
2004-02-13,-0.4087555,0.7058
2004-02-14,-0.4093455,0.4676
2004-02-15,-0.4096955,0.2437
2004-02-16,-0.4098643,0.1138
2004-02-17,-0.4099541,0.0767
2004-02-18,-0.4100584,0.1616
2004-02-19,-0.4103177,0.3675
2004-02-20,-0.4108109,0.6257
2004-02-21,-0.4115541,0.8389
2004-02-22,-0.4124685,0.9915
2004-02-23,-0.4135182,1.0872
2004-02-24,-0.4145967,1.0442
2004-02-25,-0.4155697,0.8906
2004-02-26,-0.4163641,0.6957
2004-02-27,-0.4169658,0.5148
2004-02-28,-0.4173773,0.2847
2004-02-29,-0.4175276,0.0318
2004-03-01,-0.4174759,-0.1163
2004-03-02,-0.4173344,-0.1463
2004-03-03,-0.4172123,-0.0892
2004-03-04,-0.4171845,0.0536
2004-03-05,-0.4173411,0.2613
2004-03-06,-0.4177157,0.4947
2004-03-07,-0.4183349,0.7413
2004-03-08,-0.4191739,0.9146
2004-03-09,-0.4201152,0.9410
2004-03-10,-0.4210096,0.8283
2004-03-11,-0.4217335,0.6005
2004-03-12,-0.4222020,0.3467
2004-03-13,-0.4224436,0.1428
2004-03-14,-0.4225018,-0.0187
2004-03-15,-0.4224526,-0.0411
2004-03-16,-0.4224550,0.0426
2004-03-17,-0.4225659,0.2106
2004-03-18,-0.4229047,0.4641
2004-03-19,-0.4234972,0.7269
2004-03-20,-0.4243612,0.9977
2004-03-21,-0.4254491,1.1380
2004-03-22,-0.4265908,1.1391
2004-03-23,-0.4277204,1.1194
2004-03-24,-0.4288092,1.0386
2004-03-25,-0.4297774,0.8971
2004-03-26,-0.4305967,0.7356
2004-03-27,-0.4312433,0.5582
2004-03-28,-0.4317248,0.4160
2004-03-29,-0.4321075,0.3704
2004-03-30,-0.4324971,0.4193
2004-03-31,-0.4329721,0.5461
2004-04-01,-0.4336147,0.7489
2004-04-02,-0.4344729,0.9606
2004-04-03,-0.4355449,1.1993
2004-04-04,-0.4368762,1.4521
2004-04-05,-0.4384012,1.5611
2004-04-06,-0.4399498,1.5244
2004-04-07,-0.4414071,1.3591
2004-04-08,-0.4426187,1.0459
2004-04-09,-0.4435111,0.7692
2004-04-10,-0.4441791,0.5586
2004-04-11,-0.4446324,0.3605
2004-04-12,-0.4449541,0.3246
2004-04-13,-0.4453438,0.4753
2004-04-14,-0.4459293,0.6997
2004-04-15,-0.4467310,0.8873
2004-04-16,-0.4476832,1.0127
2004-04-17,-0.4487301,1.0593
2004-04-18,-0.4497703,1.0113
2004-04-19,-0.4507330,0.9043
2004-04-20,-0.4515498,0.7100
2004-04-21,-0.4521395,0.4750
2004-04-22,-0.4525024,0.2476
2004-04-23,-0.4526300,0.0060
2004-04-24,-0.4525408,-0.1564
2004-04-25,-0.4523480,-0.2264
2004-04-26,-0.4521176,-0.2076
2004-04-27,-0.4519678,-0.0838
2004-04-28,-0.4519755,0.1166
2004-04-29,-0.4522099,0.3436
2004-04-30,-0.4526761,0.6107
2004-05-01,-0.4534397,0.9031
2004-05-02,-0.4544456,1.0854
2004-05-03,-0.4555694,1.1445
2004-05-04,-0.4567044,1.1132
2004-05-05,-0.4577565,0.9640
2004-05-06,-0.4586077,0.7407
2004-05-07,-0.4592423,0.5305
2004-05-08,-0.4596825,0.3616
2004-05-09,-0.4600094,0.3244
2004-05-10,-0.4603782,0.4279
2004-05-11,-0.4608811,0.5792
2004-05-12,-0.4615400,0.7409
2004-05-13,-0.4623622,0.9007
2004-05-14,-0.4633256,1.0132
2004-05-15,-0.4643657,1.0572
2004-05-16,-0.4654063,1.0002
2004-05-17,-0.4663453,0.8807
2004-05-18,-0.4671494,0.7062
2004-05-19,-0.4677510,0.5115
2004-05-20,-0.4681655,0.2962
2004-05-21,-0.4683547,0.1148
2004-05-22,-0.4684237,0.0191
2004-05-23,-0.4683869,-0.0947
2004-05-24,-0.4682793,-0.0733
2004-05-25,-0.4682624,0.0146
2004-05-26,-0.4683043,0.0900
2004-05-27,-0.4684797,0.2774
2004-05-28,-0.4688498,0.4369
2004-05-29,-0.4693282,0.5206
2004-05-30,-0.4698745,0.5548
2004-05-31,-0.4704110,0.5084
2004-06-01,-0.4708674,0.3902
2004-06-02,-0.4711511,0.1510
2004-06-03,-0.4711724,-0.0794
2004-06-04,-0.4710146,-0.2430
2004-06-05,-0.4707173,-0.3140
2004-06-06,-0.4704398,-0.2254
2004-06-07,-0.4703015,-0.0319
2004-06-08,-0.4703722,0.1500
2004-06-09,-0.4705952,0.3128
2004-06-10,-0.4709819,0.4278
2004-06-11,-0.4714248,0.4647
2004-06-12,-0.4718974,0.4600
2004-06-13,-0.4723091,0.3484
2004-06-14,-0.4725712,0.1679
2004-06-15,-0.4726232,-0.0776
2004-06-16,-0.4724155,-0.3244
2004-06-17,-0.4720032,-0.4846
2004-06-18,-0.4714649,-0.5888
2004-06-19,-0.4708583,-0.5949
2004-06-20,-0.4702929,-0.5475
2004-06-21,-0.4697710,-0.4769
2004-06-22,-0.4693670,-0.3224
2004-06-23,-0.4691251,-0.1710
2004-06-24,-0.4690291,-0.0072
2004-06-25,-0.4691181,0.1790
2004-06-26,-0.4693427,0.2322
2004-06-27,-0.4695472,0.1795
2004-06-28,-0.4696828,0.0700
2004-06-29,-0.4696693,-0.0934
2004-06-30,-0.4694692,-0.3374
2004-07-01,-0.4690021,-0.5586
2004-07-02,-0.4683745,-0.7124
2004-07-03,-0.4676054,-0.7821
2004-07-04,-0.4668810,-0.6399
2004-07-05,-0.4663585,-0.3991
2004-07-06,-0.4660735,-0.1862
2004-07-07,-0.4659482,-0.0871
2004-07-08,-0.4658656,-0.0891
2004-07-09,-0.4657474,-0.1591
2004-07-10,-0.4655254,-0.2953
2004-07-11,-0.4651475,-0.4594
2004-07-12,-0.4646036,-0.6323
2004-07-13,-0.4638727,-0.8357
2004-07-14,-0.4629481,-0.9913
2004-07-15,-0.4619229,-1.0486
2004-07-16,-0.4608714,-1.0445
2004-07-17,-0.4598601,-0.9618
2004-07-18,-0.4589683,-0.8178
2004-07-19,-0.4582311,-0.6542
2004-07-20,-0.4576692,-0.4627
2004-07-21,-0.4573183,-0.2333
2004-07-22,-0.4571907,-0.0397
2004-07-23,-0.4572103,0.0679
2004-07-24,-0.4572983,0.0907
2004-07-25,-0.4573568,0.0086
2004-07-26,-0.4572825,-0.1727
2004-07-27,-0.4569944,-0.4052
2004-07-28,-0.4564759,-0.6264
2004-07-29,-0.4557740,-0.7506
2004-07-30,-0.4550266,-0.7192
2004-07-31,-0.4543754,-0.5684
2004-08-01,-0.4539271,-0.3056
2004-08-02,-0.4537798,0.0040
2004-08-03,-0.4539005,0.2099
2004-08-04,-0.4541519,0.2725
2004-08-05,-0.4544035,0.2089
2004-08-06,-0.4545573,0.1082
2004-08-07,-0.4546140,-0.0101
2004-08-08,-0.4545193,-0.1818
2004-08-09,-0.4542521,-0.3486
2004-08-10,-0.4538186,-0.5261
2004-08-11,-0.4532315,-0.6087
2004-08-12,-0.4526178,-0.6414
2004-08-13,-0.4519642,-0.6276
2004-08-14,-0.4513955,-0.5153
2004-08-15,-0.4509461,-0.3656
2004-08-16,-0.4506899,-0.1391
2004-08-17,-0.4506768,0.1141
2004-08-18,-0.4509071,0.3342
2004-08-19,-0.4513232,0.4884
2004-08-20,-0.4518570,0.5618
2004-08-21,-0.4524024,0.5020
2004-08-22,-0.4528184,0.3146
2004-08-23,-0.4530124,0.0698
2004-08-24,-0.4529826,-0.1011
2004-08-25,-0.4528113,-0.2686
2004-08-26,-0.4524656,-0.3755
2004-08-27,-0.4521097,-0.3342
2004-08-28,-0.4518399,-0.1650
2004-08-29,-0.4518199,0.1246
2004-08-30,-0.4520827,0.3949
2004-08-31,-0.4525752,0.5618
2004-09-01,-0.4531610,0.5927
2004-09-02,-0.4537106,0.4737
2004-09-03,-0.4540860,0.2876
2004-09-04,-0.4542748,0.0685
2004-09-05,-0.4541946,-0.2359
2004-09-06,-0.4538114,-0.5152
2004-09-07,-0.4531921,-0.7107
2004-09-08,-0.4524242,-0.8035
2004-09-09,-0.4516210,-0.7887
2004-09-10,-0.4508872,-0.6528
2004-09-11,-0.4503511,-0.4099
2004-09-12,-0.4500804,-0.1282
2004-09-13,-0.4501020,0.1753
2004-09-14,-0.4504218,0.4510
2004-09-15,-0.4509723,0.6315
2004-09-16,-0.4516403,0.6786
2004-09-17,-0.4522982,0.6317
2004-09-18,-0.4528574,0.4457
2004-09-19,-0.4531570,0.1618
2004-09-20,-0.4531973,-0.0732
2004-09-21,-0.4530320,-0.2441
2004-09-22,-0.4527430,-0.3132
2004-09-23,-0.4524462,-0.2603
2004-09-24,-0.4522676,-0.0718
2004-09-25,-0.4523286,0.1946
2004-09-26,-0.4526464,0.4297
2004-09-27,-0.4531841,0.6529
2004-09-28,-0.4539305,0.8109
2004-09-29,-0.4547416,0.7759
2004-09-30,-0.4554377,0.6071
2004-10-01,-0.4559614,0.4553
2004-10-02,-0.4563478,0.3022
2004-10-03,-0.4565597,0.1307
2004-10-04,-0.4566339,0.0331
2004-10-05,-0.4566472,-0.0007
2004-10-06,-0.4566548,0.0324
2004-10-07,-0.4567407,0.1516
2004-10-08,-0.4569290,0.1840
2004-10-09,-0.4571373,0.3024
2004-10-10,-0.4575789,0.5562
2004-10-11,-0.4582313,0.7549
2004-10-12,-0.4590946,0.9713
2004-10-13,-0.4601526,1.1237
2004-10-14,-0.4612869,1.1107
2004-10-15,-0.4623517,1.0306
2004-10-16,-0.4632979,0.7999
2004-10-17,-0.4639024,0.4220
2004-10-18,-0.4641753,0.1443
2004-10-19,-0.4642333,-0.0063
2004-10-20,-0.4642125,-0.0074
2004-10-21,-0.4642655,0.1324
2004-10-22,-0.4645035,0.3508
2004-10-23,-0.4649655,0.5643
2004-10-24,-0.4656198,0.7411
2004-10-25,-0.4664284,0.8602
2004-10-26,-0.4673169,0.9093
2004-10-27,-0.4682203,0.8781
2004-10-28,-0.4690408,0.7499
2004-10-29,-0.4696932,0.5408
2004-10-30,-0.4701077,0.2875
2004-10-31,-0.4702857,0.0868
2004-11-01,-0.4703152,-0.0121
2004-11-02,-0.4702875,-0.0331
2004-11-03,-0.4702657,-0.0042
2004-11-04,-0.4702980,0.0812
2004-11-05,-0.4704602,0.2629
2004-11-06,-0.4708486,0.5190
2004-11-07,-0.4715030,0.7895
2004-11-08,-0.4724189,1.0341
2004-11-09,-0.4735563,1.2342
2004-11-10,-0.4748534,1.3328
2004-11-11,-0.4761631,1.2550
2004-11-12,-0.4773411,1.1101
2004-11-13,-0.4783524,0.8723
2004-11-14,-0.4790588,0.5538
2004-11-15,-0.4795027,0.3636
2004-11-16,-0.4798327,0.3137
2004-11-17,-0.4801739,0.3954
2004-11-18,-0.4806647,0.6008
2004-11-19,-0.4813818,0.8250
2004-11-20,-0.4823048,1.0193
2004-11-21,-0.4833914,1.1264
2004-11-22,-0.4845220,1.1265
2004-11-23,-0.4856220,1.0594
2004-11-24,-0.4866044,0.8831
2004-11-25,-0.4873770,0.6730
2004-11-26,-0.4879449,0.4462
2004-11-27,-0.4882643,0.2040
2004-11-28,-0.4883812,0.0467
2004-11-29,-0.4883904,-0.0125
2004-11-30,-0.4883606,-0.0586
2004-12-01,-0.4883164,0.0249
2004-12-02,-0.4884463,0.2161
2004-12-03,-0.4887324,0.3588
2004-12-04,-0.4891801,0.5500
2004-12-05,-0.4898425,0.7714
2004-12-06,-0.4907088,0.9504
2004-12-07,-0.4917230,1.0684
2004-12-08,-0.4928163,1.0984
2004-12-09,-0.4938577,0.9420
2004-12-10,-0.4946810,0.7278
2004-12-11,-0.4953129,0.5125
2004-12-12,-0.4956992,0.2769
2004-12-13,-0.4959089,0.1680
2004-12-14,-0.4961039,0.2651
2004-12-15,-0.4964835,0.4955
2004-12-16,-0.4970905,0.7129
2004-12-17,-0.4979061,0.9207
2004-12-18,-0.4989039,1.0445
2004-12-19,-0.4999633,1.0731
2004-12-20,-0.5010228,1.0199
2004-12-21,-0.5019410,0.7803
2004-12-22,-0.5025887,0.5567
2004-12-23,-0.5030749,0.3947
2004-12-24,-0.5033518,0.1538
2004-12-25,-0.5033951,-0.0494
2004-12-26,-0.5032880,-0.1477
2004-12-27,-0.5031306,-0.1535
2004-12-28,-0.5030036,-0.0916
2004-12-29,-0.5029488,-0.0255
2004-12-30,-0.5029735,0.1034
2004-12-31,-0.5031882,0.3300
2005-01-01,-0.5036311,0.5493
2005-01-02,-0.5042627,0.6961
2005-01-03,-0.5050088,0.7993
2005-01-04,-0.5058481,0.8630
2005-01-05,-0.5066907,0.7945
2005-01-06,-0.5073947,0.5987
2005-01-07,-0.5078776,0.3712
2005-01-08,-0.5081577,0.2053
2005-01-09,-0.5083283,0.1597
2005-01-10,-0.5085068,0.2033
2005-01-11,-0.5087841,0.3946
2005-01-12,-0.5093349,0.7025
2005-01-13,-0.5101808,0.9853
2005-01-14,-0.5112689,1.1582
2005-01-15,-0.5124561,1.2076
2005-01-16,-0.5136546,1.1683
2005-01-17,-0.5147612,1.0345
2005-01-18,-0.5157019,0.8355
2005-01-19,-0.5164151,0.5853
2005-01-20,-0.5168915,0.3921
2005-01-21,-0.5172180,0.2548
2005-01-22,-0.5174033,0.1240
2005-01-23,-0.5174851,0.0505
2005-01-24,-0.5175253,0.0400
2005-01-25,-0.5175818,0.0796
2005-01-26,-0.5177056,0.1826
2005-01-27,-0.5179730,0.3637
2005-01-28,-0.5184360,0.5539
2005-01-29,-0.5190534,0.6620
2005-01-30,-0.5197397,0.7091
2005-01-31,-0.5204631,0.7307
2005-02-01,-0.5211905,0.7204
2005-02-02,-0.5218738,0.6198
2005-02-03,-0.5224047,0.4432
2005-02-04,-0.5227538,0.2476
2005-02-05,-0.5229425,0.1800
2005-02-06,-0.5231756,0.2978
2005-02-07,-0.5235446,0.4349
2005-02-08,-0.5240695,0.6441
2005-02-09,-0.5248763,0.9837
2005-02-10,-0.5260316,1.3074
2005-02-11,-0.5274547,1.5219
2005-02-12,-0.5290234,1.5804
2005-02-13,-0.5305546,1.4562
2005-02-14,-0.5318992,1.2223
2005-02-15,-0.5329786,0.9268
2005-02-16,-0.5337595,0.6516
2005-02-17,-0.5343039,0.4429
2005-02-18,-0.5346954,0.3847
2005-02-19,-0.5351206,0.4685
2005-02-20,-0.5356405,0.5765
2005-02-21,-0.5362883,0.7285
2005-02-22,-0.5371051,0.9032
2005-02-23,-0.5380987,1.0900
2005-02-24,-0.5392947,1.3055
2005-02-25,-0.5407065,1.5113
2005-02-26,-0.5423051,1.6805
2005-02-27,-0.5440274,1.7292
2005-02-28,-0.5457256,1.6640
2005-03-01,-0.5473433,1.5624
2005-03-02,-0.5488256,1.3865
2005-03-03,-0.5501067,1.1819
2005-03-04,-0.5512121,1.0453
2005-03-05,-0.5522160,0.9646
2005-03-06,-0.5531581,0.9343
2005-03-07,-0.5541239,1.0220
2005-03-08,-0.5552297,1.1925
2005-03-09,-0.5565004,1.3374
2005-03-10,-0.5578906,1.4407
2005-03-11,-0.5593770,1.5296
2005-03-12,-0.5609054,1.4854
2005-03-13,-0.5622876,1.2608
2005-03-14,-0.5633959,0.9430
2005-03-15,-0.5641599,0.5840
2005-03-16,-0.5645828,0.2817
2005-03-17,-0.5647604,0.0908
2005-03-18,-0.5648075,0.0291
2005-03-19,-0.5648490,0.0585
2005-03-20,-0.5649368,0.1249
2005-03-21,-0.5651139,0.2367
2005-03-22,-0.5654418,0.4434
2005-03-23,-0.5660242,0.7207
2005-03-24,-0.5668735,0.9691
2005-03-25,-0.5679385,1.1459
2005-03-26,-0.5691276,1.2097
2005-03-27,-0.5703189,1.1565
2005-03-28,-0.5714102,1.0121
2005-03-29,-0.5723188,0.7949
2005-03-30,-0.5729782,0.5123
2005-03-31,-0.5733537,0.2605
2005-04-01,-0.5735312,0.1047
2005-04-02,-0.5736228,0.1280
2005-04-03,-0.5738473,0.3315
2005-04-04,-0.5743133,0.6173
2005-04-05,-0.5750763,0.8862
2005-04-06,-0.5760620,1.0839
2005-04-07,-0.5772309,1.2420
2005-04-08,-0.5785169,1.3127
2005-04-09,-0.5797958,1.2018
2005-04-10,-0.5808544,0.8926
2005-04-11,-0.5815846,0.5943
2005-04-12,-0.5820651,0.3622
2005-04-13,-0.5823454,0.2391
2005-04-14,-0.5825858,0.2434
2005-04-15,-0.5828435,0.2815
2005-04-16,-0.5831746,0.3970
2005-04-17,-0.5836531,0.5593
2005-04-18,-0.5843004,0.7433
2005-04-19,-0.5851451,0.9434
2005-04-20,-0.5861815,1.1264
2005-04-21,-0.5873950,1.3006
2005-04-22,-0.5887581,1.4010
2005-04-23,-0.5901745,1.4340
2005-04-24,-0.5916018,1.3940
2005-04-25,-0.5929231,1.2356
2005-04-26,-0.5940459,0.9959
2005-04-27,-0.5949024,0.7187
2005-04-28,-0.5955016,0.4965
2005-04-29,-0.5959571,0.4593
2005-04-30,-0.5964681,0.5657
2005-05-01,-0.5971143,0.7495
2005-05-02,-0.5979901,1.0021
2005-05-03,-0.5991133,1.2389
2005-05-04,-0.6004401,1.3922
2005-05-05,-0.6018485,1.3980
2005-05-06,-0.6031968,1.2860
2005-05-07,-0.6044061,1.1307
2005-05-08,-0.6054396,0.9197
2005-05-09,-0.6062322,0.6690
2005-05-10,-0.6067919,0.4613
2005-05-11,-0.6071706,0.3012
2005-05-12,-0.6074286,0.2442
2005-05-13,-0.6076761,0.2385
2005-05-14,-0.6079271,0.2974
2005-05-15,-0.6083077,0.4668
2005-05-16,-0.6088646,0.6478
2005-05-17,-0.6095860,0.7770
2005-05-18,-0.6104126,0.8882
2005-05-19,-0.6113669,1.0128
2005-05-20,-0.6123944,1.0058
2005-05-21,-0.6133540,0.9251
2005-05-22,-0.6142188,0.7668
2005-05-23,-0.6148382,0.4603
2005-05-24,-0.6151316,0.1304
2005-05-25,-0.6151126,-0.1587
2005-05-26,-0.6148593,-0.3124
2005-05-27,-0.6145596,-0.2506
2005-05-28,-0.6144072,-0.0416
2005-05-29,-0.6144904,0.2094
2005-05-30,-0.6148240,0.4545
2005-05-31,-0.6153832,0.6511
2005-06-01,-0.6160929,0.7478
2005-06-02,-0.6168203,0.6691
2005-06-03,-0.6173750,0.4223
2005-06-04,-0.6176712,0.1946
2005-06-05,-0.6177695,-0.0170
2005-06-06,-0.6176318,-0.2447
2005-06-07,-0.6173033,-0.4026
2005-06-08,-0.6168337,-0.5391
2005-06-09,-0.6162601,-0.5707
2005-06-10,-0.6157397,-0.4599
2005-06-11,-0.6153436,-0.3390
2005-06-12,-0.6150583,-0.2284
2005-06-13,-0.6148997,-0.0792
2005-06-14,-0.6149058,0.0878
2005-06-15,-0.6150703,0.2400
2005-06-16,-0.6153776,0.3677
2005-06-17,-0.6157731,0.3976
2005-06-18,-0.6161240,0.2811
2005-06-19,-0.6162996,0.0574
2005-06-20,-0.6162332,-0.1832
2005-06-21,-0.6159410,-0.4004
2005-06-22,-0.6154641,-0.5223
2005-06-23,-0.6149561,-0.4649
2005-06-24,-0.6145745,-0.2869
2005-06-25,-0.6144151,-0.0103
2005-06-26,-0.6145364,0.2140
2005-06-27,-0.6148010,0.3119
2005-06-28,-0.6151267,0.3092
2005-06-29,-0.6153920,0.2243
2005-06-30,-0.6155443,0.0463
2005-07-01,-0.6154561,-0.2173
2005-07-02,-0.6151027,-0.5018
2005-07-03,-0.6144473,-0.8017
2005-07-04,-0.6135364,-0.9903
2005-07-05,-0.6125092,-1.0516
2005-07-06,-0.6114583,-1.0378
2005-07-07,-0.6104654,-0.9286
2005-07-08,-0.6096134,-0.7825
2005-07-09,-0.6088955,-0.6512
2005-07-10,-0.6083329,-0.4544
2005-07-11,-0.6079942,-0.2352
2005-07-12,-0.6078326,-0.1058
2005-07-13,-0.6077653,-0.0282
2005-07-14,-0.6077515,-0.0245
2005-07-15,-0.6076784,-0.1344
2005-07-16,-0.6074731,-0.2732
2005-07-17,-0.6071073,-0.4860
2005-07-18,-0.6064925,-0.7245
2005-07-19,-0.6056959,-0.8503
2005-07-20,-0.6048368,-0.8416
2005-07-21,-0.6040402,-0.7505
2005-07-22,-0.6034009,-0.4640
2005-07-23,-0.6031503,-0.0630
2005-07-24,-0.6032519,0.2692
2005-07-25,-0.6036473,0.4772
2005-07-26,-0.6041398,0.4856
2005-07-27,-0.6045763,0.3676
2005-07-28,-0.6048366,0.1346
2005-07-29,-0.6048490,-0.0879
2005-07-30,-0.6046557,-0.3257
2005-07-31,-0.6042090,-0.5293
2005-08-01,-0.6036424,-0.5971
2005-08-02,-0.6030216,-0.6446
2005-08-03,-0.6023707,-0.6398
2005-08-04,-0.6017619,-0.5754
2005-08-05,-0.6012517,-0.4158
2005-08-06,-0.6009546,-0.1834
2005-08-07,-0.6008886,0.0602
2005-08-08,-0.6010604,0.2599
2005-08-09,-0.6013898,0.4038
2005-08-10,-0.6018369,0.4543
2005-08-11,-0.6022535,0.3702
2005-08-12,-0.6025523,0.2112
2005-08-13,-0.6026659,0.0223
2005-08-14,-0.6025770,-0.2263
2005-08-15,-0.6022223,-0.4479
2005-08-16,-0.6017561,-0.4448
2005-08-17,-0.6013473,-0.3980
2005-08-18,-0.6009906,-0.2597
2005-08-19,-0.6008900,0.0651
2005-08-20,-0.6011302,0.4183
2005-08-21,-0.6017028,0.7001
2005-08-22,-0.6024450,0.7255
2005-08-23,-0.6030829,0.5380
2005-08-24,-0.6034994,0.2857
2005-08-25,-0.6036519,0.0263
2005-08-26,-0.6035295,-0.3007
2005-08-27,-0.6030669,-0.5786
2005-08-28,-0.6024048,-0.7590
2005-08-29,-0.6015615,-0.9017
2005-08-30,-0.6006488,-0.9022
2005-08-31,-0.5997937,-0.7929
2005-09-01,-0.5990950,-0.5876
2005-09-02,-0.5986444,-0.3045
2005-09-03,-0.5984938,0.0022
2005-09-04,-0.5986091,0.1898
2005-09-05,-0.5988493,0.3049
2005-09-06,-0.5992174,0.4154
2005-09-07,-0.5996615,0.4700
2005-09-08,-0.6001311,0.4456
2005-09-09,-0.6005137,0.3043
2005-09-10,-0.6007243,0.1167
2005-09-11,-0.6007394,-0.0940
2005-09-12,-0.6005686,-0.2079
2005-09-13,-0.6003922,-0.1160
2005-09-14,-0.6003735,0.0866
2005-09-15,-0.6005921,0.3692
2005-09-16,-0.6011414,0.7402
2005-09-17,-0.6020670,1.0945
2005-09-18,-0.6032750,1.2825
2005-09-19,-0.6045695,1.2831
2005-09-20,-0.6057829,1.1088
2005-09-21,-0.6067447,0.8074
2005-09-22,-0.6073910,0.4858
2005-09-23,-0.6077203,0.1760
2005-09-24,-0.6077713,-0.0491
2005-09-25,-0.6076554,-0.1743
2005-09-26,-0.6074621,-0.1812
2005-09-27,-0.6073125,-0.1297
2005-09-28,-0.6072208,-0.0241
2005-09-29,-0.6073035,0.1990
2005-09-30,-0.6076038,0.3773
2005-10-01,-0.6080604,0.5627
2005-10-02,-0.6087229,0.7293
2005-10-03,-0.6094741,0.7611
2005-10-04,-0.6102174,0.7096
2005-10-05,-0.6108649,0.5729
2005-10-06,-0.6113533,0.4066
2005-10-07,-0.6116964,0.2952
2005-10-08,-0.6119373,0.1647
2005-10-09,-0.6120218,0.0222
2005-10-10,-0.6120214,-0.0010
2005-10-11,-0.6120554,0.0828
2005-10-12,-0.6122245,0.2792
2005-10-13,-0.6126408,0.5565
2005-10-14,-0.6133548,0.8855
2005-10-15,-0.6143842,1.1315
2005-10-16,-0.6155524,1.1811
2005-10-17,-0.6167060,1.1093
2005-10-18,-0.6177406,0.9462
2005-10-19,-0.6185748,0.7121
2005-10-20,-0.6191583,0.4584
2005-10-21,-0.6195121,0.2662
2005-10-22,-0.6197224,0.1689
2005-10-23,-0.6198675,0.1242
2005-10-24,-0.6200037,0.1781
2005-10-25,-0.6202363,0.2699
2005-10-26,-0.6205397,0.3504
2005-10-27,-0.6209777,0.5526
2005-10-28,-0.6216430,0.7489
2005-10-29,-0.6224689,0.9252
2005-10-30,-0.6234856,1.0781
2005-10-31,-0.6245799,1.0955
2005-11-01,-0.6256421,1.0096
2005-11-02,-0.6265680,0.8306
2005-11-03,-0.6273016,0.6465
2005-11-04,-0.6278328,0.3778
2005-11-05,-0.6280822,0.1841
2005-11-06,-0.6282523,0.1445
2005-11-07,-0.6284076,0.2143
2005-11-08,-0.6287301,0.4318
2005-11-09,-0.6293147,0.7798
2005-11-10,-0.6302931,1.1379
2005-11-11,-0.6315489,1.3712
2005-11-12,-0.6329940,1.4798
2005-11-13,-0.6344525,1.4202
2005-11-14,-0.6357953,1.2432
2005-11-15,-0.6369022,0.9560
2005-11-16,-0.6377074,0.6689
2005-11-17,-0.6382619,0.4474
2005-11-18,-0.6386010,0.2223
2005-11-19,-0.6387653,0.1735
2005-11-20,-0.6390005,0.2821
2005-11-21,-0.6393319,0.3979
2005-11-22,-0.6398046,0.5385
2005-11-23,-0.6404055,0.6689
2005-11-24,-0.6411462,0.8109
2005-11-25,-0.6420224,0.9383
2005-11-26,-0.6430118,1.0328
2005-11-27,-0.6440616,1.0481
2005-11-28,-0.6450739,0.9611
2005-11-29,-0.6459536,0.7837
2005-11-30,-0.6466279,0.5662
2005-12-01,-0.6470888,0.3571
2005-12-02,-0.6473535,0.1822
2005-12-03,-0.6474934,0.1281
2005-12-04,-0.6476229,0.1138
2005-12-05,-0.6477390,0.1535
2005-12-06,-0.6480033,0.4133
2005-12-07,-0.6485652,0.6717
2005-12-08,-0.6493234,0.8600
2005-12-09,-0.6502652,0.9882
2005-12-10,-0.6512420,0.9431
2005-12-11,-0.6521276,0.8266
2005-12-12,-0.6528826,0.6722
2005-12-13,-0.6534555,0.4682
2005-12-14,-0.6538055,0.2235
2005-12-15,-0.6539359,0.0789
2005-12-16,-0.6540002,0.0449
2005-12-17,-0.6540381,0.0480
2005-12-18,-0.6541231,0.1318
2005-12-19,-0.6543147,0.2546
2005-12-20,-0.6546584,0.4557
2005-12-21,-0.6552283,0.6635
2005-12-22,-0.6559628,0.8034
2005-12-23,-0.6568244,0.9111
2005-12-24,-0.6577590,0.9407
2005-12-25,-0.6586830,0.9017
2005-12-26,-0.6595466,0.8151
2005-12-27,-0.6602768,0.6194
2005-12-28,-0.6607828,0.4161
2005-12-29,-0.6610944,0.1692
2005-12-30,-0.6611399,-0.0217
2005-12-31,-0.6611236,0.0050
2006-01-01,0.3388174,0.1297
2006-01-02,0.3385849,0.3508
2006-01-03,0.3381081,0.5952
2006-01-04,0.3374102,0.7925
2006-01-05,0.3365429,0.9303
2006-01-06,0.3355865,0.9574
2006-01-07,0.3346786,0.8331
2006-01-08,0.3339572,0.5981
2006-01-09,0.3334938,0.3290
2006-01-10,0.3332906,0.0858
2006-01-11,0.3333082,-0.1154
2006-01-12,0.3334999,-0.2522
2006-01-13,0.3337734,-0.2715
2006-01-14,0.3339995,-0.1607
2006-01-15,0.3340894,-0.0338
2006-01-16,0.3340758,0.0669
2006-01-17,0.3339443,0.2014
2006-01-18,0.3336460,0.4169
2006-01-19,0.3331328,0.5655
2006-01-20,0.3325448,0.6245
2006-01-21,0.3318820,0.6887
2006-01-22,0.3311906,0.6832
2006-01-23,0.3305408,0.6020
2006-01-24,0.3299901,0.5104
2006-01-25,0.3295166,0.4289
2006-01-26,0.3291204,0.3832
2006-01-27,0.3287245,0.4148
2006-01-28,0.3282743,0.4959
2006-01-29,0.3276956,0.6883
2006-01-30,0.3268650,0.9789
2006-01-31,0.3257288,1.2966
2006-02-01,0.3242987,1.5337
2006-02-02,0.3227261,1.5766
2006-02-03,0.3211822,1.5093
2006-02-04,0.3197569,1.2938
2006-02-05,0.3186277,0.9788
2006-02-06,0.3177880,0.6975
2006-02-07,0.3172169,0.4634
2006-02-08,0.3168191,0.3555
2006-02-09,0.3164682,0.3607
2006-02-10,0.3160777,0.4260
2006-02-11,0.3156025,0.5323
2006-02-12,0.3149950,0.6929
2006-02-13,0.3142223,0.8365
2006-02-14,0.3133398,0.9265
2006-02-15,0.3123764,0.9951
2006-02-16,0.3113515,1.0578
2006-02-17,0.3102624,1.1155
2006-02-18,0.3091458,1.0971
2006-02-19,0.3080886,1.0173
2006-02-20,0.3071335,0.8706
2006-02-21,0.3063731,0.6468
2006-02-22,0.3058274,0.4603
2006-02-23,0.3054235,0.3607
2006-02-24,0.3050502,0.4286
2006-02-25,0.3045144,0.6523
2006-02-26,0.3037047,0.9987
2006-02-27,0.3024929,1.4172
2006-02-28,0.3008944,1.7632
2006-03-01,0.2990071,1.9873
2006-03-02,0.2970097,1.9416
2006-03-03,0.2951858,1.7102
2006-03-04,0.2936023,1.4400
2006-03-05,0.2923314,1.0931
2006-03-06,0.2914088,0.7682
2006-03-07,0.2907642,0.5358
2006-03-08,0.2903027,0.4069
2006-03-09,0.2899238,0.3577
2006-03-10,0.2895687,0.3644
2006-03-11,0.2891746,0.4324
2006-03-12,0.2886732,0.5926
2006-03-13,0.2879796,0.7821
2006-03-14,0.2871185,0.9429
2006-03-15,0.2861136,1.0442
2006-03-16,0.2850614,1.0515
2006-03-17,0.2840371,0.9791
2006-03-18,0.2831017,0.9110
2006-03-19,0.2822194,0.8301
2006-03-20,0.2814702,0.6633
2006-03-21,0.2808846,0.5212
2006-03-22,0.2803937,0.4813
2006-03-23,0.2798968,0.5169
2006-03-24,0.2793249,0.6576
2006-03-25,0.2785200,0.9830
2006-03-26,0.2773367,1.3750
2006-03-27,0.2757941,1.6948
2006-03-28,0.2739651,1.9607
2006-03-29,0.2719172,2.0932
2006-03-30,0.2698617,1.9769
2006-03-31,0.2680182,1.6962
2006-04-01,0.2665009,1.3205
2006-04-02,0.2653722,0.9597
2006-04-03,0.2645537,0.6823
2006-04-04,0.2639591,0.5505
2006-04-05,0.2634089,0.5502
2006-04-06,0.2628423,0.5992
2006-04-07,0.2621936,0.6990
2006-04-08,0.2614213,0.8680
2006-04-09,0.2604365,1.1004
2006-04-10,0.2592584,1.2190
2006-04-11,0.2580300,1.2431
2006-04-12,0.2567767,1.2536
2006-04-13,0.2555359,1.2249
2006-04-14,0.2543535,1.1163
2006-04-15,0.2533323,0.9208
2006-04-16,0.2525104,0.7299
2006-04-17,0.2518580,0.5824
2006-04-18,0.2513237,0.5005
2006-04-19,0.2508310,0.4964
2006-04-20,0.2503061,0.5665
2006-04-21,0.2496625,0.7430
2006-04-22,0.2487799,1.0401
2006-04-23,0.2475639,1.3923
2006-04-24,0.2460181,1.6762
2006-04-25,0.2442587,1.8186
2006-04-26,0.2424260,1.8259
2006-04-27,0.2406482,1.7095
2006-04-28,0.2390430,1.4853
2006-04-29,0.2377098,1.1646
2006-04-30,0.2367145,0.8417
2006-05-01,0.2359702,0.6875
2006-05-02,0.2352722,0.7353
2006-05-03,0.2344862,0.8235
2006-05-04,0.2336195,0.9290
2006-05-05,0.2326215,1.0545
2006-05-06,0.2315021,1.2051
2006-05-07,0.2302197,1.3304
2006-05-08,0.2288564,1.4102
2006-05-09,0.2273970,1.4967
2006-05-10,0.2258866,1.5123
2006-05-11,0.2243900,1.4752
2006-05-12,0.2229523,1.3899
2006-05-13,0.2216316,1.2402
2006-05-14,0.2204928,1.0276
2006-05-15,0.2195575,0.8717
2006-05-16,0.2187243,0.7913
2006-05-17,0.2179668,0.7353
2006-05-18,0.2172085,0.8149
2006-05-19,0.2162920,1.0293
2006-05-20,0.2151456,1.2564
2006-05-21,0.2137946,1.4374
2006-05-22,0.2122906,1.5591
2006-05-23,0.2107089,1.5832
2006-05-24,0.2091717,1.4648
2006-05-25,0.2078088,1.2581
2006-05-26,0.2066891,0.9507
2006-05-27,0.2059276,0.5828
2006-05-28,0.2054963,0.2966
2006-05-29,0.2052877,0.1504
2006-05-30,0.2051379,0.1768
2006-05-31,0.2049170,0.2543
2006-06-01,0.2046119,0.3840
2006-06-02,0.2041320,0.5648
2006-06-03,0.2034972,0.7008
2006-06-04,0.2027478,0.7846
2006-06-05,0.2019577,0.7793
2006-06-06,0.2011993,0.7436
2006-06-07,0.2004874,0.6573
2006-06-08,0.1999179,0.4715
2006-06-09,0.1995655,0.2223
2006-06-10,0.1994777,-0.0403
2006-06-11,0.1996352,-0.2704
2006-06-12,0.1999840,-0.3971
2006-06-13,0.2003747,-0.3597
2006-06-14,0.2006663,-0.2111
2006-06-15,0.2007738,0.0069
2006-06-16,0.2006238,0.3111
2006-06-17,0.2001456,0.6333
2006-06-18,0.1994009,0.8243
2006-06-19,0.1985436,0.8755
2006-06-20,0.1977000,0.7764
2006-06-21,0.1970141,0.6075
2006-06-22,0.1964981,0.3993
2006-06-23,0.1962165,0.1882
2006-06-24,0.1961139,0.0007
2006-06-25,0.1961956,-0.1283
2006-06-26,0.1963098,-0.0753
2006-06-27,0.1963182,0.0617
2006-06-28,0.1961762,0.2294
2006-06-29,0.1958401,0.4550
2006-06-30,0.1952719,0.6634
2006-07-01,0.1945228,0.8434
2006-07-02,0.1936064,0.9595
2006-07-03,0.1926397,0.9677
2006-07-04,0.1916739,0.9671
2006-07-05,0.1907265,0.9036
2006-07-06,0.1899089,0.7137
2006-07-07,0.1893020,0.5153
2006-07-08,0.1888968,0.2615
2006-07-09,0.1887639,0.0529
2006-07-10,0.1887432,-0.0124
2006-07-11,0.1887579,0.0146
2006-07-12,0.1886764,0.1544
2006-07-13,0.1884070,0.4205
2006-07-14,0.1878092,0.7653
2006-07-15,0.1869002,1.0387
2006-07-16,0.1857936,1.1269
2006-07-17,0.1847131,1.0152
2006-07-18,0.1837911,0.8197
2006-07-19,0.1830931,0.5660
2006-07-20,0.1826682,0.2851
2006-07-21,0.1825142,0.0302
2006-07-22,0.1825888,-0.1679
2006-07-23,0.1828187,-0.2721
2006-07-24,0.1830816,-0.2222
2006-07-25,0.1832384,-0.0983
2006-07-26,0.1832688,0.0537
2006-07-27,0.1831348,0.1942
2006-07-28,0.1828941,0.2935
2006-07-29,0.1825462,0.3974
2006-07-30,0.1821139,0.4574
2006-07-31,0.1816465,0.4719
2006-08-01,0.1811845,0.4430
2006-08-02,0.1807943,0.3127
2006-08-03,0.1805732,0.1402
2006-08-04,0.1804988,0.0130
2006-08-05,0.1805451,-0.1078
2006-08-06,0.1807064,-0.2047
2006-08-07,0.1809102,-0.1688
2006-08-08,0.1809936,0.0182
2006-08-09,0.1808353,0.3208
2006-08-10,0.1803323,0.6824
2006-08-11,0.1794948,0.9712
2006-08-12,0.1784364,1.1205
2006-08-13,0.1773212,1.0675
2006-08-14,0.1763583,0.8437
2006-08-15,0.1756524,0.5641
2006-08-16,0.1752268,0.2945
2006-08-17,0.1750531,0.0559
2006-08-18,0.1750933,-0.1176
2006-08-19,0.1752551,-0.1917
2006-08-20,0.1754316,-0.1306
2006-08-21,0.1754776,0.0466
2006-08-22,0.1753393,0.2210
2006-08-23,0.1750308,0.4098
2006-08-24,0.1745229,0.5890
2006-08-25,0.1738797,0.6876
2006-08-26,0.1731683,0.7245
2006-08-27,0.1724444,0.7203
2006-08-28,0.1717434,0.6689
2006-08-29,0.1711223,0.5703
2006-08-30,0.1706200,0.4200
2006-08-31,0.1703026,0.2086
2006-09-01,0.1701807,0.0634
2006-09-02,0.1701477,0.0024
2006-09-03,0.1701488,0.0227
2006-09-04,0.1700416,0.2250
2006-09-05,0.1696617,0.5386
2006-09-06,0.1689509,0.8927
2006-09-07,0.1678727,1.2576
2006-09-08,0.1664709,1.5168
2006-09-09,0.1649044,1.5799
2006-09-10,0.1633765,1.4466
2006-09-11,0.1620623,1.1598
2006-09-12,0.1610725,0.8262
2006-09-13,0.1603686,0.6165
2006-09-14,0.1598297,0.4361
2006-09-15,0.1594810,0.3019
2006-09-16,0.1591795,0.3071
2006-09-17,0.1588435,0.3824
2006-09-18,0.1583836,0.5510
2006-09-19,0.1577286,0.7584
2006-09-20,0.1568821,0.9199
2006-09-21,0.1558963,1.0590
2006-09-22,0.1547711,1.1771
2006-09-23,0.1535816,1.1766
2006-09-24,0.1524397,1.1108
2006-09-25,0.1513663,1.0263
2006-09-26,0.1503988,0.9068
2006-09-27,0.1495535,0.7848
2006-09-28,0.1488330,0.6515
2006-09-29,0.1482233,0.5997
2006-09-30,0.1475897,0.6797
2006-10-01,0.1468568,0.7809
2006-10-02,0.1460013,0.9618
2006-10-03,0.1448836,1.2913
2006-10-04,0.1434088,1.6503
2006-10-05,0.1415869,1.9975
2006-10-06,0.1394488,2.2397
2006-10-07,0.1371819,2.2588
2006-10-08,0.1350067,2.0513
2006-10-09,0.1331237,1.7107
2006-10-10,0.1315863,1.3670
2006-10-11,0.1303598,1.1130
2006-10-12,0.1293198,0.9806
2006-10-13,0.1283950,0.8590
2006-10-14,0.1275689,0.8359
2006-10-15,0.1266799,0.9426
2006-10-16,0.1256723,1.0836
2006-10-17,0.1245078,1.2395
2006-10-18,0.1232041,1.3631
2006-10-19,0.1217907,1.4594
2006-10-20,0.1203059,1.4939
2006-10-21,0.1188213,1.4731
2006-10-22,0.1173748,1.4070
2006-10-23,0.1160217,1.2977
2006-10-24,0.1147936,1.1460
2006-10-25,0.1137423,0.9567
2006-10-26,0.1128561,0.8399
2006-10-27,0.1120498,0.7614
2006-10-28,0.1113128,0.7446
2006-10-29,0.1105119,0.8741
2006-10-30,0.1095287,1.1113
2006-10-31,0.1082756,1.3897
2006-11-01,0.1067403,1.6952
2006-11-02,0.1049005,1.9548
2006-11-03,0.1028952,2.0209
2006-11-04,0.1009160,1.9152
2006-11-05,0.0991322,1.6073
2006-11-06,0.0977237,1.2323
2006-11-07,0.0966440,0.9279
2006-11-08,0.0958346,0.7232
2006-11-09,0.0951452,0.6755
2006-11-10,0.0944694,0.6702
2006-11-11,0.0937511,0.8259
2006-11-12,0.0928053,1.0186
2006-11-13,0.0917441,1.1207
2006-11-14,0.0905599,1.2347
2006-11-15,0.0893120,1.2366
2006-11-16,0.0880885,1.2331
2006-11-17,0.0868451,1.2319
2006-11-18,0.0856560,1.1370
2006-11-19,0.0845782,1.0209
2006-11-20,0.0836147,0.9033
2006-11-21,0.0827777,0.7675
2006-11-22,0.0820722,0.6542
2006-11-23,0.0814628,0.5604
2006-11-24,0.0809251,0.5455
2006-11-25,0.0803188,0.6896
2006-11-26,0.0795089,0.9447
2006-11-27,0.0784135,1.2473
2006-11-28,0.0770213,1.5288
2006-11-29,0.0753836,1.7273
2006-11-30,0.0736049,1.8113
2006-12-01,0.0718030,1.7692
2006-12-02,0.0701278,1.5431
2006-12-03,0.0687446,1.2336
2006-12-04,0.0676410,0.9829
2006-12-05,0.0667525,0.8110
2006-12-06,0.0660001,0.6959
2006-12-07,0.0653118,0.7275
2006-12-08,0.0645070,0.8733
2006-12-09,0.0635599,1.0349
2006-12-10,0.0624287,1.2219
2006-12-11,0.0611376,1.3445
2006-12-12,0.0597538,1.4250
2006-12-13,0.0583074,1.4461
2006-12-14,0.0569097,1.3228
2006-12-15,0.0556485,1.2395
2006-12-16,0.0544320,1.1523
2006-12-17,0.0533912,0.9231
2006-12-18,0.0525678,0.7480
2006-12-19,0.0518672,0.6571
2006-12-20,0.0512543,0.5642
2006-12-21,0.0507274,0.5057
2006-12-22,0.0501906,0.6043
2006-12-23,0.0494794,0.8211
2006-12-24,0.0485339,1.0813
2006-12-25,0.0473128,1.3534
2006-12-26,0.0458470,1.5659
2006-12-27,0.0442193,1.6634
2006-12-28,0.0425721,1.6052
2006-12-29,0.0410254,1.4976
2006-12-30,0.0396077,1.2977
2006-12-31,0.0384637,0.9967
2007-01-01,0.0375966,0.7486
2007-01-02,0.0369414,0.5757
2007-01-03,0.0364027,0.5304
2007-01-04,0.0358582,0.5522
2007-01-05,0.0352623,0.6819
2007-01-06,0.0344638,0.9032
2007-01-07,0.0334739,1.0704
2007-01-08,0.0323324,1.2096
2007-01-09,0.0310659,1.3154
2007-01-10,0.0297155,1.3795
2007-01-11,0.0283476,1.3216
2007-01-12,0.0270789,1.2438
2007-01-13,0.0258594,1.1679
2007-01-14,0.0247709,1.0086
2007-01-15,0.0238413,0.8519
2007-01-16,0.0230268,0.8159
2007-01-17,0.0221999,0.8086
2007-01-18,0.0213993,0.8322
2007-01-19,0.0204626,1.0747
2007-01-20,0.0192233,1.3972
2007-01-21,0.0176790,1.6872
2007-01-22,0.0158602,1.9433
2007-01-23,0.0138192,2.1191
2007-01-24,0.0116764,2.1319
2007-01-25,0.0096191,1.9538
2007-01-26,0.0077913,1.7083
2007-01-27,0.0062075,1.4477
2007-01-28,0.0048994,1.1765
2007-01-29,0.0038184,1.0136
2007-01-30,0.0028299,0.9776
2007-01-31,0.0018325,1.0337
2007-02-01,0.0007362,1.1687
2007-02-02,-0.0005201,1.3494
2007-02-03,-0.0019589,1.5190
2007-02-04,-0.0035391,1.6315
2007-02-05,-0.0052080,1.7021
2007-02-06,-0.0069220,1.7086
2007-02-07,-0.0086066,1.6592
2007-02-08,-0.0102163,1.5376
2007-02-09,-0.0116614,1.3549
2007-02-10,-0.0129331,1.1932
2007-02-11,-0.0140499,1.0378
2007-02-12,-0.0150040,0.8683
2007-02-13,-0.0158061,0.7577
2007-02-14,-0.0165468,0.7294
2007-02-15,-0.0172886,0.7723
2007-02-16,-0.0181243,0.9139
2007-02-17,-0.0191337,1.1074
2007-02-18,-0.0203665,1.3831
2007-02-19,-0.0218756,1.5859
2007-02-20,-0.0234719,1.5893
2007-02-21,-0.0250016,1.4348
2007-02-22,-0.0262915,1.1305
2007-02-23,-0.0272747,0.8627
2007-02-24,-0.0280325,0.6416
2007-02-25,-0.0285756,0.4735
2007-02-26,-0.0290170,0.4180
2007-02-27,-0.0294377,0.4409
2007-02-28,-0.0299252,0.5430
2007-03-01,-0.0305358,0.6815
2007-03-02,-0.0313021,0.8618
2007-03-03,-0.0322546,1.0277
2007-03-04,-0.0333426,1.1489
2007-03-05,-0.0345401,1.2332
2007-03-06,-0.0357775,1.2230
2007-03-07,-0.0369806,1.1961
2007-03-08,-0.0381604,1.1411
2007-03-09,-0.0392287,0.9837
2007-03-10,-0.0401227,0.8110
2007-03-11,-0.0408601,0.6666
2007-03-12,-0.0414710,0.5674
2007-03-13,-0.0420227,0.5515
2007-03-14,-0.0425989,0.6102
2007-03-15,-0.0432801,0.7798
2007-03-16,-0.0442119,1.1096
2007-03-17,-0.0455336,1.5424
2007-03-18,-0.0472700,1.8951
2007-03-19,-0.0492653,2.0723
2007-03-20,-0.0513664,2.1049
2007-03-21,-0.0533998,1.9117
2007-03-22,-0.0551204,1.5104
2007-03-23,-0.0564152,1.0929
2007-03-24,-0.0573549,0.8217
2007-03-25,-0.0581136,0.7157
2007-03-26,-0.0588164,0.7001
2007-03-27,-0.0595433,0.7730
2007-03-28,-0.0603980,0.9529
2007-03-29,-0.0614503,1.1366
2007-03-30,-0.0626531,1.2659
2007-03-31,-0.0639692,1.3565
2007-04-01,-0.0653713,1.4629
2007-04-02,-0.0668895,1.5530
2007-04-03,-0.0684467,1.5513
2007-04-04,-0.0699735,1.4937
2007-04-05,-0.0714227,1.4020
2007-04-06,-0.0727718,1.2932
2007-04-07,-0.0740254,1.2333
2007-04-08,-0.0752528,1.2167
2007-04-09,-0.0764542,1.1864
2007-04-10,-0.0776424,1.2066
2007-04-11,-0.0788935,1.3052
2007-04-12,-0.0802701,1.4558
2007-04-13,-0.0818486,1.7368
2007-04-14,-0.0837498,2.0359
2007-04-15,-0.0858846,2.2275
2007-04-16,-0.0881668,2.3051
2007-04-17,-0.0904205,2.1598
2007-04-18,-0.0924261,1.8336
2007-04-19,-0.0940647,1.4384
2007-04-20,-0.0953119,1.0703
2007-04-21,-0.0962523,0.8432
2007-04-22,-0.0970589,0.7980
2007-04-23,-0.0978874,0.8700
2007-04-24,-0.0988054,0.9615
2007-04-25,-0.0998247,1.0958
2007-04-26,-0.1010047,1.2532
2007-04-27,-0.1023246,1.3909
2007-04-28,-0.1037702,1.4795
2007-04-29,-0.1052528,1.4758
2007-04-30,-0.1067029,1.4154
2007-05-01,-0.1080645,1.2976
2007-05-02,-0.1092932,1.1652
2007-05-03,-0.1103915,1.0225
2007-05-04,-0.1113384,0.8803
2007-05-05,-0.1121618,0.7672
2007-05-06,-0.1128767,0.6659
2007-05-07,-0.1135195,0.6425
2007-05-08,-0.1142181,0.7885
2007-05-09,-0.1151328,1.0435
2007-05-10,-0.1163178,1.3367
2007-05-11,-0.1178205,1.6727
2007-05-12,-0.1196679,2.0226
2007-05-13,-0.1218147,2.2195
2007-05-14,-0.1240264,2.1750
2007-05-15,-0.1260998,1.9359
2007-05-16,-0.1278501,1.5523
2007-05-17,-0.1292208,1.2177
2007-05-18,-0.1303198,0.9860
2007-05-19,-0.1312294,0.8642
2007-05-20,-0.1321018,0.9034
2007-05-21,-0.1330305,0.9256
2007-05-22,-0.1339470,0.9299
2007-05-23,-0.1349255,1.0397
2007-05-24,-0.1360483,1.2150
2007-05-25,-0.1373306,1.3154
2007-05-26,-0.1386344,1.2815
2007-05-27,-0.1398765,1.1963
2007-05-28,-0.1410123,1.0670
2007-05-29,-0.1420000,0.9060
2007-05-30,-0.1428218,0.7374
2007-05-31,-0.1434728,0.5628
2007-06-01,-0.1439403,0.3670
2007-06-02,-0.1442162,0.1994
2007-06-03,-0.1443772,0.1463
2007-06-04,-0.1445635,0.2574
2007-06-05,-0.1449290,0.4793
2007-06-06,-0.1455156,0.6815
2007-06-07,-0.1462873,0.8696
2007-06-08,-0.1472454,1.0297
2007-06-09,-0.1483210,1.1129
2007-06-10,-0.1494508,1.1349
2007-06-11,-0.1505489,1.0312
2007-06-12,-0.1514586,0.7636
2007-06-13,-0.1520530,0.4266
2007-06-14,-0.1523285,0.1398
2007-06-15,-0.1523672,-0.0433
2007-06-16,-0.1522976,-0.0594
2007-06-17,-0.1523038,0.0906
2007-06-18,-0.1524927,0.2823
2007-06-19,-0.1528665,0.4682
2007-06-20,-0.1534259,0.6446
2007-06-21,-0.1541307,0.7461
2007-06-22,-0.1548830,0.7423
2007-06-23,-0.1555914,0.6666
2007-06-24,-0.1562105,0.5736
2007-06-25,-0.1567277,0.4477
2007-06-26,-0.1570984,0.2992
2007-06-27,-0.1573298,0.1618
2007-06-28,-0.1574245,0.0317
2007-06-29,-0.1574159,-0.0305
2007-06-30,-0.1573773,-0.0515
2007-07-01,-0.1573366,-0.0016
2007-07-02,-0.1574206,0.1876
2007-07-03,-0.1577341,0.4437
2007-07-04,-0.1583003,0.6766
2007-07-05,-0.1590684,0.8527
2007-07-06,-0.1599805,0.9531
2007-07-07,-0.1609384,0.9450
2007-07-08,-0.1618187,0.7814
2007-07-09,-0.1624532,0.4739
2007-07-10,-0.1627757,0.1942
2007-07-11,-0.1628569,-0.0395
2007-07-12,-0.1627189,-0.2064
2007-07-13,-0.1624711,-0.2921
2007-07-14,-0.1621739,-0.2600
2007-07-15,-0.1619959,-0.0934
2007-07-16,-0.1619895,0.0803
2007-07-17,-0.1621563,0.2532
2007-07-18,-0.1624805,0.3798
2007-07-19,-0.1628822,0.4052
2007-07-20,-0.1632619,0.3437
2007-07-21,-0.1635550,0.2386
2007-07-22,-0.1637231,0.0855
2007-07-23,-0.1637131,-0.1062
2007-07-24,-0.1635122,-0.2932
2007-07-25,-0.1631264,-0.4810
2007-07-26,-0.1625716,-0.6045
2007-07-27,-0.1619507,-0.6279
2007-07-28,-0.1613552,-0.5330
2007-07-29,-0.1609255,-0.3157
2007-07-30,-0.1607387,-0.0538
2007-07-31,-0.1608236,0.2250
2007-08-01,-0.1611881,0.5019
2007-08-02,-0.1618138,0.7379
2007-08-03,-0.1626073,0.8042
2007-08-04,-0.1633628,0.6922
2007-08-05,-0.1639595,0.4836
2007-08-06,-0.1643038,0.1965
2007-08-07,-0.1643512,-0.0945
2007-08-08,-0.1641383,-0.3150
2007-08-09,-0.1637508,-0.4467
2007-08-10,-0.1632878,-0.4496
2007-08-11,-0.1629055,-0.2909
2007-08-12,-0.1627268,-0.0697
2007-08-13,-0.1627462,0.0919
2007-08-14,-0.1628922,0.1983
2007-08-15,-0.1631324,0.2735
2007-08-16,-0.1634081,0.2555
2007-08-17,-0.1636393,0.2251
2007-08-18,-0.1638565,0.1892
2007-08-19,-0.1639926,0.0780
2007-08-20,-0.1640014,-0.0665
2007-08-21,-0.1638526,-0.2319
2007-08-22,-0.1635452,-0.3744
2007-08-23,-0.1631149,-0.4835
2007-08-24,-0.1626115,-0.4927
2007-08-25,-0.1621729,-0.3718
2007-08-26,-0.1619021,-0.1485
2007-08-27,-0.1618994,0.1453
2007-08-28,-0.1622055,0.4775
2007-08-29,-0.1628426,0.7741
2007-08-30,-0.1637113,0.9434
2007-08-31,-0.1646890,0.9915
2007-09-01,-0.1656400,0.8767
2007-09-02,-0.1663977,0.6277
2007-09-03,-0.1668870,0.3534
2007-09-04,-0.1671203,0.1266
2007-09-05,-0.1671837,0.0305
2007-09-06,-0.1672262,0.0692
2007-09-07,-0.1673525,0.1991
2007-09-08,-0.1676457,0.3930
2007-09-09,-0.1681500,0.6214
2007-09-10,-0.1688687,0.7904
2007-09-11,-0.1696978,0.8603
2007-09-12,-0.1705927,0.9405
2007-09-13,-0.1715547,0.9486
2007-09-14,-0.1724516,0.8418
2007-09-15,-0.1732301,0.7103
2007-09-16,-0.1738645,0.5556
2007-09-17,-0.1743479,0.4206
2007-09-18,-0.1747108,0.3009
2007-09-19,-0.1749608,0.2144
2007-09-20,-0.1751775,0.2417
2007-09-21,-0.1754780,0.3704
2007-09-22,-0.1759346,0.5479
2007-09-23,-0.1765990,0.8008
2007-09-24,-0.1775465,1.0845
2007-09-25,-0.1787912,1.4376
2007-09-26,-0.1803951,1.7108
2007-09-27,-0.1821194,1.7039
2007-09-28,-0.1837513,1.5423
2007-09-29,-0.1851709,1.2815
2007-09-30,-0.1863000,0.9777
2007-10-01,-0.1871307,0.6871
2007-10-02,-0.1877154,0.5201
2007-10-03,-0.1882226,0.5082
2007-10-04,-0.1887562,0.5694
2007-10-05,-0.1893708,0.6588
2007-10-06,-0.1900862,0.7855
2007-10-07,-0.1909486,0.9326
2007-10-08,-0.1919326,1.0235
2007-10-09,-0.1929784,1.0630
2007-10-10,-0.1940585,1.1022
2007-10-11,-0.1951579,1.0668
2007-10-12,-0.1961614,0.9395
2007-10-13,-0.1970240,0.7736
2007-10-14,-0.1977025,0.5894
2007-10-15,-0.1982226,0.4647
2007-10-16,-0.1986487,0.3904
2007-10-17,-0.1990321,0.4023
2007-10-18,-0.1994807,0.4963
2007-10-19,-0.2000363,0.6250
2007-10-20,-0.2007521,0.8179
2007-10-21,-0.2016807,1.0366
2007-10-22,-0.2028284,1.2645
2007-10-23,-0.2042182,1.5180
2007-10-24,-0.2058379,1.6920
2007-10-25,-0.2075304,1.6505
2007-10-26,-0.2090621,1.3786
2007-10-27,-0.2102517,0.9990
2007-10-28,-0.2110800,0.6790
2007-10-29,-0.2116624,0.5171
2007-10-30,-0.2121553,0.4783
2007-10-31,-0.2126427,0.5104
2007-11-01,-0.2131998,0.6134
2007-11-02,-0.2138860,0.7657
2007-11-03,-0.2147359,0.9320
2007-11-04,-0.2157221,1.0144
2007-11-05,-0.2167438,1.0339
2007-11-06,-0.2177889,1.0502
2007-11-07,-0.2188419,1.0596
2007-11-08,-0.2198909,1.0173
2007-11-09,-0.2208385,0.8610
2007-11-10,-0.2215991,0.6634
2007-11-11,-0.2221723,0.4867
2007-11-12,-0.2225862,0.3512
2007-11-13,-0.2229088,0.3182
2007-11-14,-0.2232552,0.3831
2007-11-15,-0.2237181,0.5771
2007-11-16,-0.2244383,0.8576
2007-11-17,-0.2254288,1.1247
2007-11-18,-0.2266985,1.4241
2007-11-19,-0.2282772,1.7239
2007-11-20,-0.2301145,1.9283
2007-11-21,-0.2320951,2.0165
2007-11-22,-0.2340954,1.9485
2007-11-23,-0.2359377,1.7172
2007-11-24,-0.2375048,1.4107
2007-11-25,-0.2387638,1.1182
2007-11-26,-0.2397770,0.9330
2007-11-27,-0.2406843,0.9115
2007-11-28,-0.2416439,1.0219
2007-11-29,-0.2427516,1.2028
2007-11-30,-0.2440595,1.4138
2007-12-01,-0.2455547,1.5513
2007-12-02,-0.2471345,1.6062
2007-12-03,-0.2487391,1.5772
2007-12-04,-0.2502523,1.4382
2007-12-05,-0.2515877,1.2156
2007-12-06,-0.2526718,0.9579
2007-12-07,-0.2535059,0.7074
2007-12-08,-0.2540880,0.4611
2007-12-09,-0.2544462,0.2693
2007-12-10,-0.2546547,0.1619
2007-12-11,-0.2548093,0.1724
2007-12-12,-0.2550337,0.2855
2007-12-13,-0.2553910,0.4308
2007-12-14,-0.2559077,0.6135
2007-12-15,-0.2566382,0.8569
2007-12-16,-0.2576246,1.1097
2007-12-17,-0.2588329,1.2885
2007-12-18,-0.2601553,1.3283
2007-12-19,-0.2614654,1.2959
2007-12-20,-0.2627308,1.2145
2007-12-21,-0.2638328,0.9484
2007-12-22,-0.2646138,0.6410
2007-12-23,-0.2651672,0.4910
2007-12-24,-0.2656413,0.4776
2007-12-25,-0.2661582,0.5715
2007-12-26,-0.2668056,0.7292
2007-12-27,-0.2676248,0.9114
2007-12-28,-0.2686198,1.0676
2007-12-29,-0.2697583,1.2187
2007-12-30,-0.2710235,1.2688
2007-12-31,-0.2722454,1.1672
2008-01-01,-0.2733487,1.0378
2008-01-02,-0.2743246,0.9192
2008-01-03,-0.2751923,0.8160
2008-01-04,-0.2759541,0.7051
2008-01-05,-0.2766112,0.6202
2008-01-06,-0.2772046,0.5657
2008-01-07,-0.2777443,0.5165
2008-01-08,-0.2782602,0.5352
2008-01-09,-0.2788466,0.6496
2008-01-10,-0.2795717,0.8008
2008-01-11,-0.2804593,0.9854
2008-01-12,-0.2815502,1.1931
2008-01-13,-0.2828270,1.3452
2008-01-14,-0.2842063,1.3944
2008-01-15,-0.2855919,1.3718
2008-01-16,-0.2869096,1.2283
2008-01-17,-0.2880006,0.9412
2008-01-18,-0.2887946,0.6621
2008-01-19,-0.2893557,0.4758
2008-01-20,-0.2897838,0.4023
2008-01-21,-0.2902138,0.4894
2008-01-22,-0.2908058,0.7060
2008-01-23,-0.2916448,0.9795
2008-01-24,-0.2927578,1.2319
2008-01-25,-0.2940911,1.4318
2008-01-26,-0.2955900,1.5376
2008-01-27,-0.2971245,1.5181
2008-01-28,-0.2986041,1.4324
2008-01-29,-0.2999616,1.2637
2008-01-30,-0.3011086,1.0261
2008-01-31,-0.3020201,0.8072
2008-02-01,-0.3027520,0.6753
2008-02-02,-0.3033916,0.6061
2008-02-03,-0.3039696,0.5532
2008-02-04,-0.3045304,0.5976
2008-02-05,-0.3052051,0.7627
2008-02-06,-0.3060687,0.9663
2008-02-07,-0.3071474,1.1989
2008-02-08,-0.3084659,1.4296
2008-02-09,-0.3099733,1.5603
2008-02-10,-0.3115686,1.6371
2008-02-11,-0.3132294,1.6594
2008-02-12,-0.3148210,1.4823
2008-02-13,-0.3161747,1.2474
2008-02-14,-0.3173231,1.0346
2008-02-15,-0.3182327,0.7882
2008-02-16,-0.3189186,0.5990
2008-02-17,-0.3194775,0.5501
2008-02-18,-0.3200785,0.6804
2008-02-19,-0.3208770,0.9266
2008-02-20,-0.3219252,1.1531
2008-02-21,-0.3231568,1.3005
2008-02-22,-0.3244960,1.3572
2008-02-23,-0.3258381,1.3144
2008-02-24,-0.3271121,1.2335
2008-02-25,-0.3282865,1.0968
2008-02-26,-0.3292819,0.8888
2008-02-27,-0.3300575,0.6609
2008-02-28,-0.3306086,0.4478
2008-02-29,-0.3309683,0.2802
2008-03-01,-0.3312012,0.2090
2008-03-02,-0.3314358,0.2863
2008-03-03,-0.3317821,0.3886
2008-03-04,-0.3322401,0.5723
2008-03-05,-0.3329681,0.8803
2008-03-06,-0.3339902,1.1567
2008-03-07,-0.3352683,1.3936
2008-03-08,-0.3367549,1.5632
2008-03-09,-0.3383351,1.5540
2008-03-10,-0.3398101,1.3863
2008-03-11,-0.3410830,1.1446
2008-03-12,-0.3420846,0.8587
2008-03-13,-0.3428122,0.6083
2008-03-14,-0.3433331,0.4538
2008-03-15,-0.3437704,0.4512
2008-03-16,-0.3442772,0.5738
2008-03-17,-0.3449369,0.7530
2008-03-18,-0.3458107,1.0148
2008-03-19,-0.3469636,1.2678
2008-03-20,-0.3483000,1.3819
2008-03-21,-0.3497181,1.4682
2008-03-22,-0.3512150,1.4905
2008-03-23,-0.3526664,1.4147
2008-03-24,-0.3540362,1.3141
2008-03-25,-0.3552761,1.1579
2008-03-26,-0.3563422,0.9721
2008-03-27,-0.3572263,0.8042
2008-03-28,-0.3579623,0.6716
2008-03-29,-0.3585988,0.6271
2008-03-30,-0.3592544,0.6965
2008-03-31,-0.3600236,0.8615
2008-04-01,-0.3609916,1.0693
2008-04-02,-0.3621785,1.3262
2008-04-03,-0.3636364,1.5602
2008-04-04,-0.3652822,1.7439
2008-04-05,-0.3671200,1.9149
2008-04-06,-0.3690451,1.8850
2008-04-07,-0.3708038,1.5963
2008-04-08,-0.3722121,1.2307
2008-04-09,-0.3732783,0.9042
2008-04-10,-0.3740450,0.6511
2008-04-11,-0.3746282,0.5412
2008-04-12,-0.3751680,0.5532
2008-04-13,-0.3757750,0.6865
2008-04-14,-0.3765804,0.9381
2008-04-15,-0.3776493,1.1842
2008-04-16,-0.3789112,1.3177
2008-04-17,-0.3802534,1.3573
2008-04-18,-0.3816095,1.3478
2008-04-19,-0.3829337,1.2922
2008-04-20,-0.3841666,1.1546
2008-04-21,-0.3852347,0.9922
2008-04-22,-0.3861557,0.8438
2008-04-23,-0.3869274,0.7107
2008-04-24,-0.3875950,0.6313
2008-04-25,-0.3881989,0.5788
2008-04-26,-0.3887692,0.5762
2008-04-27,-0.3893942,0.7021
2008-04-28,-0.3901987,0.9037
2008-04-29,-0.3912154,1.1467
2008-04-30,-0.3925115,1.4478
2008-05-01,-0.3940768,1.6461
2008-05-02,-0.3957801,1.7734
2008-05-03,-0.3976139,1.8716
2008-05-04,-0.3994632,1.7894
2008-05-05,-0.4011471,1.5702
2008-05-06,-0.4025710,1.2531
2008-05-07,-0.4036620,0.9621
2008-05-08,-0.4045560,0.8534
2008-05-09,-0.4054143,0.8813
2008-05-10,-0.4063530,1.0126
2008-05-11,-0.4074787,1.2617
2008-05-12,-0.4088775,1.5141
2008-05-13,-0.4104669,1.6466
2008-05-14,-0.4121390,1.6841
2008-05-15,-0.4138108,1.6488
2008-05-16,-0.4154074,1.5259
2008-05-17,-0.4168283,1.3003
2008-05-18,-0.4180126,1.0887
2008-05-19,-0.4190159,0.9078
2008-05-20,-0.4198097,0.6713
2008-05-21,-0.4203632,0.4489
2008-05-22,-0.4207380,0.3178
2008-05-23,-0.4210295,0.2786
2008-05-24,-0.4213254,0.3300
2008-05-25,-0.4217205,0.4745
2008-05-26,-0.4222936,0.6768
2008-05-27,-0.4230707,0.8690
2008-05-28,-0.4240223,1.0332
2008-05-29,-0.4251295,1.1745
2008-05-30,-0.4263505,1.2535
2008-05-31,-0.4275942,1.2058
2008-06-01,-0.4287280,1.0560
2008-06-02,-0.4296730,0.8066
2008-06-03,-0.4303320,0.5296
2008-06-04,-0.4307670,0.3570
2008-06-05,-0.4310902,0.3168
2008-06-06,-0.4314399,0.3943
2008-06-07,-0.4319020,0.5414
2008-06-08,-0.4325288,0.7069
2008-06-09,-0.4333150,0.8702
2008-06-10,-0.4342579,0.9997
2008-06-11,-0.4352663,0.9851
2008-06-12,-0.4361835,0.8369
2008-06-13,-0.4369308,0.6609
2008-06-14,-0.4374919,0.4446
2008-06-15,-0.4378213,0.2321
2008-06-16,-0.4379886,0.1170
2008-06-17,-0.4380601,0.0163
2008-06-18,-0.4380263,-0.0692
2008-06-19,-0.4379508,-0.0674
2008-06-20,-0.4379019,-0.0345
2008-06-21,-0.4379087,0.0789
2008-06-22,-0.4380958,0.3005
2008-06-23,-0.4385196,0.5519
2008-06-24,-0.4391943,0.7876
2008-06-25,-0.4400628,0.9274
2008-06-26,-0.4410332,1.0197
2008-06-27,-0.4420623,0.9925
2008-06-28,-0.4429814,0.8549
2008-06-29,-0.4437703,0.7119
2008-06-30,-0.4443796,0.4919
2008-07-01,-0.4447505,0.2610
2008-07-02,-0.4449365,0.1348
2008-07-03,-0.4450798,0.1875
2008-07-04,-0.4453557,0.3727
2008-07-05,-0.4458260,0.5605
2008-07-06,-0.4464665,0.7179
2008-07-07,-0.4472457,0.8270
2008-07-08,-0.4480625,0.7619
2008-07-09,-0.4487466,0.6279
2008-07-10,-0.4493235,0.5093
2008-07-11,-0.4497275,0.2774
2008-07-12,-0.4498679,0.0143
2008-07-13,-0.4497806,-0.1752
2008-07-14,-0.4495377,-0.3040
2008-07-15,-0.4491848,-0.3961
2008-07-16,-0.4487718,-0.4092
2008-07-17,-0.4484031,-0.3124
2008-07-18,-0.4481609,-0.1741
2008-07-19,-0.4480668,0.0000
2008-07-20,-0.4481945,0.2749
2008-07-21,-0.4486120,0.5359
2008-07-22,-0.4492268,0.6784
2008-07-23,-0.4499465,0.7540
2008-07-24,-0.4507169,0.7757
2008-07-25,-0.4514691,0.7109
2008-07-26,-0.4521011,0.5334
2008-07-27,-0.4525161,0.2965
2008-07-28,-0.4527138,0.1186
2008-07-29,-0.4527693,-0.0112
2008-07-30,-0.4527343,-0.0121
2008-07-31,-0.4527922,0.1285
2008-08-01,-0.4530091,0.3224
2008-08-02,-0.4534390,0.5221
2008-08-03,-0.4540511,0.7151
2008-08-04,-0.4548394,0.8186
2008-08-05,-0.4556265,0.7367
2008-08-06,-0.4562919,0.5922
2008-08-07,-0.4568038,0.4262
2008-08-08,-0.4571358,0.2345
2008-08-09,-0.4572793,0.0623
2008-08-10,-0.4572728,-0.0727
2008-08-11,-0.4571428,-0.1812
2008-08-12,-0.4569308,-0.2287
2008-08-13,-0.4567183,-0.1776
2008-08-14,-0.4565975,-0.0608
2008-08-15,-0.4566119,0.1015
2008-08-16,-0.4568004,0.2634
2008-08-17,-0.4571473,0.4512
2008-08-18,-0.4577121,0.6670
2008-08-19,-0.4584618,0.8244
2008-08-20,-0.4593217,0.8643
2008-08-21,-0.4601349,0.7378
2008-08-22,-0.4607799,0.5591
2008-08-23,-0.4612450,0.3561
2008-08-24,-0.4614906,0.1487
2008-08-25,-0.4615794,0.0522
2008-08-26,-0.4616352,0.0762
2008-08-27,-0.4617661,0.2029
2008-08-28,-0.4620553,0.3724
2008-08-29,-0.4625399,0.6288
2008-08-30,-0.4633152,0.8920
2008-08-31,-0.4642801,1.0236
2008-09-01,-0.4653375,1.0805
2008-09-02,-0.4663928,0.9927
2008-09-03,-0.4672797,0.7755
2008-09-04,-0.4679589,0.6036
2008-09-05,-0.4684798,0.4103
2008-09-06,-0.4687813,0.2222
2008-09-07,-0.4689610,0.1443
2008-09-08,-0.4690819,0.1022
2008-09-09,-0.4692015,0.1683
2008-09-10,-0.4694463,0.3178
2008-09-11,-0.4698483,0.5011
2008-09-12,-0.4704784,0.7742
2008-09-13,-0.4714086,1.0829
2008-09-14,-0.4726317,1.3541
2008-09-15,-0.4740946,1.5587
2008-09-16,-0.4757093,1.6438
2008-09-17,-0.4773286,1.5682
2008-09-18,-0.4787992,1.3531
2008-09-19,-0.4800210,1.0967
2008-09-20,-0.4809865,0.8219
2008-09-21,-0.4816851,0.6078
2008-09-22,-0.4822619,0.5730
2008-09-23,-0.4828561,0.6132
2008-09-24,-0.4835035,0.6990
2008-09-25,-0.4843018,0.9280
2008-09-26,-0.4853648,1.1728
2008-09-27,-0.4866135,1.3159
2008-09-28,-0.4879836,1.4201
2008-09-29,-0.4894192,1.4207
2008-09-30,-0.4907835,1.2967
2008-10-01,-0.4919928,1.1132
2008-10-02,-0.4929921,0.8763
2008-10-03,-0.4937449,0.6381
2008-10-04,-0.4942848,0.4496
2008-10-05,-0.4946776,0.3618
2008-10-06,-0.4950251,0.3241
2008-10-07,-0.4953584,0.3841
2008-10-08,-0.4958358,0.5714
2008-10-09,-0.4965102,0.7857
2008-10-10,-0.4974134,1.0187
2008-10-11,-0.4985488,1.2554
2008-10-12,-0.4999116,1.4542
2008-10-13,-0.5014348,1.5856
2008-10-14,-0.5030326,1.5664
2008-10-15,-0.5045348,1.4489
2008-10-16,-0.5059233,1.3102
2008-10-17,-0.5071357,1.1130
2008-10-18,-0.5081548,0.9322
2008-10-19,-0.5090541,0.9133
2008-10-20,-0.5100264,1.0293
2008-10-21,-0.5111122,1.1437
2008-10-22,-0.5123276,1.2997
2008-10-23,-0.5137295,1.5096
2008-10-24,-0.5153218,1.6445
2008-10-25,-0.5169776,1.6566
2008-10-26,-0.5186202,1.6243
2008-10-27,-0.5202121,1.5497
2008-10-28,-0.5216963,1.4053
2008-10-29,-0.5229987,1.1888
2008-10-30,-0.5240711,0.9639
2008-10-31,-0.5249506,0.8114
2008-11-01,-0.5256966,0.6671
2008-11-02,-0.5263089,0.5952
2008-11-03,-0.5269267,0.6425
2008-11-04,-0.5275908,0.6804
2008-11-05,-0.5283016,0.7607
2008-11-06,-0.5291431,0.9339
2008-11-07,-0.5301816,1.1439
2008-11-08,-0.5314301,1.3515
2008-11-09,-0.5328820,1.5511
2008-11-10,-0.5345047,1.6678
2008-11-11,-0.5361795,1.6702
2008-11-12,-0.5377971,1.5287
2008-11-13,-0.5391942,1.2591
2008-11-14,-0.5403097,0.9727
2008-11-15,-0.5411691,0.7748
2008-11-16,-0.5419239,0.7708
2008-11-17,-0.5427698,0.9441
2008-11-18,-0.5438561,1.2496
2008-11-19,-0.5452686,1.5540
2008-11-20,-0.5469323,1.7629
2008-11-21,-0.5487621,1.8749
2008-11-22,-0.5506431,1.8698
2008-11-23,-0.5524701,1.7700
2008-11-24,-0.5541669,1.6217
2008-11-25,-0.5557042,1.4456
2008-11-26,-0.5570702,1.3057
2008-11-27,-0.5583143,1.1619
2008-11-28,-0.5593880,1.0002
2008-11-29,-0.5603332,0.8941
2008-11-30,-0.5612014,0.8635
2008-12-01,-0.5620920,0.9284
2008-12-02,-0.5630643,1.0116
2008-12-03,-0.5641177,1.1022
2008-12-04,-0.5652902,1.2572
2008-12-05,-0.5666473,1.4579
2008-12-06,-0.5681873,1.6026
2008-12-07,-0.5698301,1.6799
2008-12-08,-0.5715190,1.6727
2008-12-09,-0.5731210,1.5020
2008-12-10,-0.5744942,1.2448
2008-12-11,-0.5756138,0.9971
2008-12-12,-0.5764868,0.7444
2008-12-13,-0.5771552,0.6495
2008-12-14,-0.5778624,0.7846
2008-12-15,-0.5787611,1.0300
2008-12-16,-0.5799185,1.2637
2008-12-17,-0.5812507,1.3841
2008-12-18,-0.5826679,1.4483
2008-12-19,-0.5841241,1.4430
2008-12-20,-0.5855142,1.3185
2008-12-21,-0.5867361,1.1190
2008-12-22,-0.5877529,0.9216
2008-12-23,-0.5885829,0.7351
2008-12-24,-0.5892121,0.5155
2008-12-25,-0.5896202,0.3146
2008-12-26,-0.5898703,0.2006
2008-12-27,-0.5900625,0.2097
2008-12-28,-0.5903168,0.2999
2008-12-29,-0.5906664,0.4023
2008-12-30,-0.5911498,0.5899
2008-12-31,-0.5918692,0.8465
2009-01-01,0.4071638,1.0833
2009-01-02,0.4059839,1.2609
2009-01-03,0.4046780,1.3306
2009-01-04,0.4033522,1.3117
2009-01-05,0.4020741,1.2341
2009-01-06,0.4009105,1.0770
2009-01-07,0.3999456,0.8433
2009-01-08,0.3992267,0.6012
2009-01-09,0.3986887,0.5227
2009-01-10,0.3981312,0.5946
2009-01-11,0.3974573,0.7930
2009-01-12,0.3965104,1.0959
2009-01-13,0.3952828,1.3468
2009-01-14,0.3938521,1.4918
2009-01-15,0.3923430,1.5053
2009-01-16,0.3908897,1.3743
2009-01-17,0.3896172,1.1748
2009-01-18,0.3885536,0.9348
2009-01-19,0.3877636,0.6470
2009-01-20,0.3872518,0.3828
2009-01-21,0.3869740,0.1906
2009-01-22,0.3868424,0.0829
2009-01-23,0.3867870,0.0389
2009-01-24,0.3867405,0.0673
2009-01-25,0.3866180,0.1990
2009-01-26,0.3863294,0.3702
2009-01-27,0.3858698,0.5649
2009-01-28,0.3851985,0.7630
2009-01-29,0.3843680,0.8886
2009-01-30,0.3834340,0.9762
2009-01-31,0.3824508,0.9583
2009-02-01,0.3815386,0.8767
2009-02-02,0.3807110,0.7542
2009-02-03,0.3800428,0.5940
2009-02-04,0.3795104,0.4715
2009-02-05,0.3790747,0.4241
2009-02-06,0.3786300,0.4732
2009-02-07,0.3780910,0.6343
2009-02-08,0.3773302,0.8891
2009-02-09,0.3763064,1.1632
2009-02-10,0.3750224,1.3816
2009-02-11,0.3735904,1.4585
2009-02-12,0.3721556,1.3847
2009-02-13,0.3708836,1.1232
2009-02-14,0.3699233,0.8194
2009-02-15,0.3692112,0.6163
2009-02-16,0.3686782,0.4506
2009-02-17,0.3683044,0.3018
2009-02-18,0.3680654,0.1808
2009-02-19,0.3679182,0.1337
2009-02-20,0.3677752,0.1551
2009-02-21,0.3675990,0.2035
2009-02-22,0.3673346,0.3529
2009-02-23,0.3668617,0.5970
2009-02-24,0.3661446,0.8292
2009-02-25,0.3652133,1.0315
2009-02-26,0.3640914,1.2044
2009-02-27,0.3628361,1.2826
2009-02-28,0.3615594,1.2611
2009-03-01,0.3603305,1.1899
2009-03-02,0.3591963,1.0687
2009-03-03,0.3581938,0.9454
2009-03-04,0.3573063,0.8197
2009-03-05,0.3565404,0.7361
2009-03-06,0.3557802,0.8143
2009-03-07,0.3548776,0.9949
2009-03-08,0.3537698,1.2371
2009-03-09,0.3523894,1.5213
2009-03-10,0.3507589,1.7105
2009-03-11,0.3490158,1.7577
2009-03-12,0.3472866,1.6757
2009-03-13,0.3457012,1.4833
2009-03-14,0.3443332,1.2514
2009-03-15,0.3431967,1.0248
2009-03-16,0.3422766,0.8192
2009-03-17,0.3415421,0.6621
2009-03-18,0.3409269,0.5815
2009-03-19,0.3403477,0.5950
2009-03-20,0.3397094,0.6911
2009-03-21,0.3389330,0.8846
2009-03-22,0.3379222,1.1322
2009-03-23,0.3366767,1.3556
2009-03-24,0.3352230,1.5428
2009-03-25,0.3336195,1.6446
2009-03-26,0.3319592,1.6703
2009-03-27,0.3302986,1.6370
2009-03-28,0.3287224,1.4921
2009-03-29,0.3273451,1.2549
2009-03-30,0.3262132,1.0157
2009-03-31,0.3252924,0.8404
2009-04-01,0.3244964,0.7731
2009-04-02,0.3237088,0.8180
2009-04-03,0.3228337,0.9428
2009-04-04,0.3218122,1.1004
2009-04-05,0.3206140,1.3145
2009-04-06,0.3191685,1.5726
2009-04-07,0.3174956,1.7502
2009-04-08,0.3157168,1.7817
2009-04-09,0.3139813,1.6661
2009-04-10,0.3124073,1.4825
2009-04-11,0.3110229,1.2791
2009-04-12,0.3098608,1.0407
2009-04-13,0.3089327,0.8288
2009-04-14,0.3081661,0.7282
2009-04-15,0.3074379,0.7428
2009-04-16,0.3066535,0.8386
2009-04-17,0.3057521,0.9604
2009-04-18,0.3047280,1.0965
2009-04-19,0.3035474,1.2678
2009-04-20,0.3021794,1.4783
2009-04-21,0.3005907,1.6893
2009-04-22,0.2988310,1.8097
2009-04-23,0.2970129,1.8053
2009-04-24,0.2952567,1.6921
2009-04-25,0.2936485,1.5196
2009-04-26,0.2922298,1.3103
2009-04-27,0.2910235,1.1143
2009-04-28,0.2899716,1.0071
2009-04-29,0.2889698,1.0185
2009-04-30,0.2879032,1.1243
2009-05-01,0.2866992,1.2962
2009-05-02,0.2852964,1.5114
2009-05-03,0.2836850,1.7008
2009-05-04,0.2819259,1.7969
2009-05-05,0.2801345,1.7631
2009-05-06,0.2784317,1.6331
2009-05-07,0.2769010,1.4048
2009-05-08,0.2756458,1.1054
2009-05-09,0.2746759,0.8490
2009-05-10,0.2739222,0.6693
2009-05-11,0.2733129,0.5626
2009-05-12,0.2727733,0.5270
2009-05-13,0.2722396,0.5494
2009-05-14,0.2716517,0.6403
2009-05-15,0.2709424,0.7811
2009-05-16,0.2700901,0.9201
2009-05-17,0.2691068,1.0454
2009-05-18,0.2679896,1.2000
2009-05-19,0.2666999,1.3755
2009-05-20,0.2652618,1.4814
2009-05-21,0.2637775,1.4662
2009-05-22,0.2623763,1.3103
2009-05-23,0.2611715,1.1107
2009-05-24,0.2601438,0.9444
2009-05-25,0.2592765,0.7966
2009-05-26,0.2585250,0.7254
2009-05-27,0.2577849,0.7764
2009-05-28,0.2569352,0.9383
2009-05-29,0.2558863,1.1663
2009-05-30,0.2546074,1.3801
2009-05-31,0.2531661,1.4741
2009-06-01,0.2517090,1.4188
2009-06-02,0.2503554,1.2829
2009-06-03,0.2491618,1.0912
2009-06-04,0.2481821,0.8722
2009-06-05,0.2474231,0.6363
2009-06-06,0.2468948,0.4446
2009-06-07,0.2465104,0.3233
2009-06-08,0.2462312,0.2529
2009-06-09,0.2459743,0.2735
2009-06-10,0.2456650,0.3517
2009-06-11,0.2452496,0.4939
2009-06-12,0.2446667,0.6677
2009-06-13,0.2439277,0.8009
2009-06-14,0.2430796,0.8898
2009-06-15,0.2421545,0.9593
2009-06-16,0.2411614,1.0276
2009-06-17,0.2401249,1.0191
2009-06-18,0.2391618,0.8947
2009-06-19,0.2383535,0.7164
2009-06-20,0.2377416,0.5005
2009-06-21,0.2373492,0.2946
2009-06-22,0.2371310,0.1530
2009-06-23,0.2370015,0.1367
2009-06-24,0.2368248,0.2189
2009-06-25,0.2365362,0.3835
2009-06-26,0.2360414,0.5971
2009-06-27,0.2353703,0.7257
2009-06-28,0.2346282,0.7398
2009-06-29,0.2339304,0.6349
2009-06-30,0.2333927,0.4273
2009-07-01,0.2330890,0.1801
2009-07-02,0.2330259,-0.0474
2009-07-03,0.2331616,-0.2082
2009-07-04,0.2334258,-0.3194
2009-07-05,0.2337924,-0.4067
2009-07-06,0.2342165,-0.4258
2009-07-07,0.2346239,-0.3847
2009-07-08,0.2349612,-0.2696
2009-07-09,0.2351490,-0.1123
2009-07-10,0.2351971,0.0110
2009-07-11,0.2351196,0.1564
2009-07-12,0.2348913,0.2809
2009-07-13,0.2345908,0.3066
2009-07-14,0.2342881,0.3023
2009-07-15,0.2340001,0.2562
2009-07-16,0.2338029,0.1284
2009-07-17,0.2337458,-0.0069
2009-07-18,0.2338058,-0.1097
2009-07-19,0.2339479,-0.1608
2009-07-20,0.2341004,-0.1311
2009-07-21,0.2341796,-0.0100
2009-07-22,0.2341003,0.1715
2009-07-23,0.2338189,0.4063
2009-07-24,0.2332889,0.6375
2009-07-25,0.2325804,0.7592
2009-07-26,0.2318139,0.7507
2009-07-27,0.2311110,0.6461
2009-07-28,0.2305564,0.4373
2009-07-29,0.2302513,0.1838
2009-07-30,0.2301777,-0.0365
2009-07-31,0.2303110,-0.2171
2009-08-01,0.2305895,-0.3306
2009-08-02,0.2309348,-0.3321
2009-08-03,0.2312188,-0.2290
2009-08-04,0.2313959,-0.1353
2009-08-05,0.2314794,-0.0117
2009-08-06,0.2313842,0.2172
2009-08-07,0.2310598,0.4017
2009-08-08,0.2306036,0.5176
2009-08-09,0.2300233,0.6372
2009-08-10,0.2293560,0.6764
2009-08-11,0.2287061,0.6088
2009-08-12,0.2281630,0.4672
2009-08-13,0.2277853,0.2846
2009-08-14,0.2276013,0.0795
2009-08-15,0.2276029,-0.0552
2009-08-16,0.2276759,-0.0824
2009-08-17,0.2277326,-0.0042
2009-08-18,0.2276306,0.2351
2009-08-19,0.2272438,0.5301
2009-08-20,0.2265811,0.7930
2009-08-21,0.2256824,0.9822
2009-08-22,0.2246746,0.9978
2009-08-23,0.2237272,0.8924
2009-08-24,0.2229120,0.7206
2009-08-25,0.2223091,0.4795
2009-08-26,0.2219434,0.2672
2009-08-27,0.2217470,0.1380
2009-08-28,0.2216431,0.0818
2009-08-29,0.2215710,0.0629
2009-08-30,0.2215045,0.0824
2009-08-31,0.2213869,0.1598
2009-09-01,0.2211670,0.2908
2009-09-02,0.2207904,0.4664
2009-09-03,0.2202321,0.6483
2009-09-04,0.2195012,0.8082
2009-09-05,0.2186289,0.9287
2009-09-06,0.2176721,0.9643
2009-09-07,0.2167292,0.9131
2009-09-08,0.2158682,0.7949
2009-09-09,0.2151630,0.6058
2009-09-10,0.2146539,0.4248
2009-09-11,0.2142969,0.2935
2009-09-12,0.2140350,0.2581
2009-09-13,0.2137395,0.3463
2009-09-14,0.2133151,0.5165
2009-09-15,0.2126885,0.7409
2009-09-16,0.2118194,1.0072
2009-09-17,0.2106744,1.2726
2009-09-18,0.2093311,1.3674
2009-09-19,0.2079858,1.3236
2009-09-20,0.2067089,1.2049
2009-09-21,0.2056216,0.9493
2009-09-22,0.2048271,0.6434
2009-09-23,0.2043018,0.4364
2009-09-24,0.2039199,0.3327
2009-09-25,0.2036174,0.2861
2009-09-26,0.2033359,0.2748
2009-09-27,0.2030560,0.2988
2009-09-28,0.2026932,0.4581
2009-09-29,0.2021040,0.7246
2009-09-30,0.2012420,0.9969
2009-10-01,0.2001353,1.1937
2009-10-02,0.1988940,1.2723
2009-10-03,0.1976013,1.3191
2009-10-04,0.1962694,1.3251
2009-10-05,0.1949983,1.1896
2009-10-06,0.1939051,1.0094
2009-10-07,0.1929757,0.8406
2009-10-08,0.1922218,0.6782
2009-10-09,0.1915935,0.5934
2009-10-10,0.1910059,0.5960
2009-10-11,0.1903848,0.6488
2009-10-12,0.1896720,0.8105
2009-10-13,0.1887316,1.0687
2009-10-14,0.1875469,1.2900
2009-10-15,0.1861733,1.4463
2009-10-16,0.1846849,1.5108
2009-10-17,0.1832026,1.4227
2009-10-18,0.1818784,1.2179
2009-10-19,0.1807756,0.9866
2009-10-20,0.1798975,0.7785
2009-10-21,0.1791977,0.6332
2009-10-22,0.1785993,0.5833
2009-10-23,0.1780274,0.5446
2009-10-24,0.1775061,0.5180
2009-10-25,0.1769450,0.6308
2009-10-26,0.1762240,0.8053
2009-10-27,0.1753358,0.9758
2009-10-28,0.1742790,1.1266
2009-10-29,0.1731010,1.2222
2009-10-30,0.1718527,1.2636
2009-10-31,0.1705827,1.2783
2009-11-01,0.1693267,1.2014
2009-11-02,0.1682037,1.0533
2009-11-03,0.1672210,0.9027
2009-11-04,0.1663999,0.7474
2009-11-05,0.1656982,0.6761
2009-11-06,0.1650303,0.6571
2009-11-07,0.1643645,0.6967
2009-11-08,0.1636083,0.8220
2009-11-09,0.1627181,0.9546
2009-11-10,0.1616846,1.1306
2009-11-11,0.1604613,1.2932
2009-11-12,0.1591338,1.3489
2009-11-13,0.1578132,1.2556
2009-11-14,0.1566610,1.0471
2009-11-15,0.1557155,0.8491
2009-11-16,0.1549638,0.6480
2009-11-17,0.1544033,0.4954
2009-11-18,0.1539462,0.4230
2009-11-19,0.1535580,0.3484
2009-11-20,0.1532202,0.3613
2009-11-21,0.1527877,0.5174
2009-11-22,0.1521636,0.7391
2009-11-23,0.1513143,0.9464
2009-11-24,0.1502950,1.0810
2009-11-25,0.1491607,1.1905
2009-11-26,0.1479131,1.3026
2009-11-27,0.1465720,1.3651
2009-11-28,0.1452184,1.3212
2009-11-29,0.1439564,1.1971
2009-11-30,0.1428458,1.0082
2009-12-01,0.1419510,0.7861
2009-12-02,0.1412438,0.6533
2009-12-03,0.1406106,0.6220
2009-12-04,0.1399617,0.7050
2009-12-05,0.1391796,0.8510
2009-12-06,0.1382485,1.0306
2009-12-07,0.1371190,1.2083
2009-12-08,0.1358371,1.3704
2009-12-09,0.1344085,1.4417
2009-12-10,0.1330130,1.3351
2009-12-11,0.1317667,1.1434
2009-12-12,0.1307371,0.9188
2009-12-13,0.1299079,0.7576
2009-12-14,0.1292060,0.6442
2009-12-15,0.1286051,0.5739
2009-12-16,0.1280323,0.5811
2009-12-17,0.1274299,0.6271
2009-12-18,0.1267693,0.6994
2009-12-19,0.1260159,0.8175
2009-12-20,0.1251234,0.9685
2009-12-21,0.1240707,1.1442
2009-12-22,0.1228495,1.2763
2009-12-23,0.1215400,1.3425
2009-12-24,0.1201994,1.3040
2009-12-25,0.1189558,1.1942
2009-12-26,0.1178071,1.0960
2009-12-27,0.1167809,0.9466
2009-12-28,0.1159300,0.7491
2009-12-29,0.1152943,0.5168
2009-12-30,0.1148704,0.3625
2009-12-31,0.1145137,0.3750
2010-01-01,0.1140783,0.5138
2010-01-02,0.1134454,0.7746
2010-01-03,0.1125259,1.0448
2010-01-04,0.1113713,1.2685
2010-01-05,0.1100183,1.4041
2010-01-06,0.1086245,1.3555
2010-01-07,0.1073468,1.1885
2010-01-08,0.1062598,0.9845
2010-01-09,0.1053984,0.7187
2010-01-10,0.1048153,0.4740
2010-01-11,0.1044188,0.3239
2010-01-12,0.1041377,0.2632
2010-01-13,0.1038803,0.2389
2010-01-14,0.1036455,0.2579
2010-01-15,0.1033269,0.3896
2010-01-16,0.1028570,0.5491
2010-01-17,0.1022150,0.7495
2010-01-18,0.1013681,0.9194
2010-01-19,0.1004121,0.9816
2010-01-20,0.0994218,0.9932
2010-01-21,0.0984222,1.0153
2010-01-22,0.0973980,1.0169
2010-01-23,0.0964122,0.9471
2010-01-24,0.0955129,0.8501
2010-01-25,0.0947260,0.7111
2010-01-26,0.0940895,0.5757
2010-01-27,0.0935376,0.5513
2010-01-28,0.0929297,0.6986
2010-01-29,0.0921034,0.9571
2010-01-30,0.0910058,1.2448
2010-01-31,0.0895969,1.5833
2010-02-01,0.0878657,1.8424
2010-02-02,0.0859807,1.8956
2010-02-03,0.0841237,1.8012
2010-02-04,0.0824237,1.5705
2010-02-05,0.0810036,1.2772
2010-02-06,0.0798511,1.0385
2010-02-07,0.0789140,0.8377
2010-02-08,0.0781619,0.6785
2010-02-09,0.0775395,0.5720
2010-02-10,0.0769876,0.5566
2010-02-11,0.0763870,0.6591
2010-02-12,0.0756531,0.8105
2010-02-13,0.0747570,0.9889
2010-02-14,0.0736753,1.1674
2010-02-15,0.0724293,1.3246
2010-02-16,0.0710437,1.4291
2010-02-17,0.0695816,1.5023
2010-02-18,0.0680586,1.5171
2010-02-19,0.0665789,1.4374
2010-02-20,0.0651974,1.3171
2010-02-21,0.0639494,1.1829
2010-02-22,0.0628269,1.0629
2010-02-23,0.0618181,0.9596
2010-02-24,0.0608641,0.9873
2010-02-25,0.0597845,1.1922
2010-02-26,0.0584662,1.4376
2010-02-27,0.0568980,1.7169
2010-02-28,0.0550378,1.9799
2010-03-01,0.0529884,2.0924
2010-03-02,0.0509242,1.9915
2010-03-03,0.0490461,1.7686
2010-03-04,0.0473946,1.5228
2010-03-05,0.0460197,1.2192
2010-03-06,0.0449323,0.9872
2010-03-07,0.0440250,0.8162
2010-03-08,0.0432650,0.7499
2010-03-09,0.0424633,0.8692
2010-03-10,0.0415440,0.9363
2010-03-11,0.0406058,0.9583
2010-03-12,0.0395956,1.0759
2010-03-13,0.0384795,1.1169
2010-03-14,0.0373822,1.0967
2010-03-15,0.0362561,1.1667
2010-03-16,0.0350533,1.2233
2010-03-17,0.0338216,1.2436
2010-03-18,0.0325925,1.1848
2010-03-19,0.0314904,1.0107
2010-03-20,0.0305709,0.8373
2010-03-21,0.0298113,0.6776
2010-03-22,0.0292025,0.5576
2010-03-23,0.0286592,0.5484
2010-03-24,0.0280651,0.6611
2010-03-25,0.0272792,0.9472
2010-03-26,0.0261417,1.3202
2010-03-27,0.0246671,1.6083
2010-03-28,0.0229478,1.8282
2010-03-29,0.0210345,1.9767
2010-03-30,0.0190545,1.9450
2010-03-31,0.0172228,1.6785
2010-04-01,0.0157287,1.3183
2010-04-02,0.0145646,1.0227
2010-04-03,0.0136485,0.8314
2010-04-04,0.0128581,0.7712
2010-04-05,0.0120699,0.8196
2010-04-06,0.0112035,0.9141
2010-04-07,0.0102362,1.0252
2010-04-08,0.0091373,1.1839
2010-04-09,0.0078750,1.3229
2010-04-10,0.0065104,1.4052
2010-04-11,0.0050587,1.5052
2010-04-12,0.0035160,1.5571
2010-04-13,0.0019593,1.5646
2010-04-14,0.0003977,1.5394
2010-04-15,-0.0010948,1.4402
2010-04-16,-0.0024650,1.2878
2010-04-17,-0.0036737,1.1453
2010-04-18,-0.0047732,1.0556
2010-04-19,-0.0058036,1.0218
2010-04-20,-0.0068473,1.0793
2010-04-21,-0.0080007,1.2524
2010-04-22,-0.0093746,1.4932
2010-04-23,-0.0109721,1.6890
2010-04-24,-0.0127370,1.8378
2010-04-25,-0.0146146,1.8872
2010-04-26,-0.0164828,1.8508
2010-04-27,-0.0182937,1.7470
2010-04-28,-0.0199293,1.5006
2010-04-29,-0.0212773,1.2013
2010-04-30,-0.0223424,0.9336
2010-05-01,-0.0231627,0.7204
2010-05-02,-0.0238145,0.6012
2010-05-03,-0.0243844,0.5400
2010-05-04,-0.0249123,0.5324
2010-05-05,-0.0254707,0.5895
2010-05-06,-0.0261002,0.6735
2010-05-07,-0.0268309,0.7971
2010-05-08,-0.0277086,0.9633
2010-05-09,-0.0287534,1.1171
2010-05-10,-0.0299219,1.2081
2010-05-11,-0.0311440,1.2224
2010-05-12,-0.0323336,1.1375
2010-05-13,-0.0333959,0.9834
2010-05-14,-0.0342881,0.7925
2010-05-15,-0.0349997,0.6580
2010-05-16,-0.0356503,0.6622
2010-05-17,-0.0363467,0.7343
2010-05-18,-0.0371575,0.9222
2010-05-19,-0.0382165,1.1862
2010-05-20,-0.0395151,1.4057
2010-05-21,-0.0410167,1.5915
2010-05-22,-0.0426724,1.7000
2010-05-23,-0.0443621,1.6446
2010-05-24,-0.0459129,1.4431
2010-05-25,-0.0472264,1.1760
2010-05-26,-0.0482667,0.9142
2010-05-27,-0.0490912,0.7617
2010-05-28,-0.0497983,0.6340
2010-05-29,-0.0503434,0.4591
2010-05-30,-0.0507442,0.3673
2010-05-31,-0.0511222,0.4082
2010-06-01,-0.0515846,0.5211
2010-06-02,-0.0521615,0.6255
2010-06-03,-0.0528302,0.7139
2010-06-04,-0.0535728,0.7530
2010-06-05,-0.0543140,0.7256
2010-06-06,-0.0550229,0.6950
2010-06-07,-0.0556829,0.6009
2010-06-08,-0.0562189,0.4892
2010-06-09,-0.0566620,0.3797
2010-06-10,-0.0569711,0.2487
2010-06-11,-0.0571637,0.1307
2010-06-12,-0.0572449,0.0499
2010-06-13,-0.0572951,0.0640
2010-06-14,-0.0573947,0.1435
2010-06-15,-0.0575990,0.2735
2010-06-16,-0.0579501,0.4285
2010-06-17,-0.0584543,0.5782
2010-06-18,-0.0590887,0.6745
2010-06-19,-0.0597400,0.5807
2010-06-20,-0.0601981,0.3307
2010-06-21,-0.0604096,0.1052
2010-06-22,-0.0604055,-0.1295
2010-06-23,-0.0601505,-0.3646
2010-06-24,-0.0597020,-0.5227
2010-06-25,-0.0591297,-0.6071
2010-06-26,-0.0585156,-0.6080
2010-06-27,-0.0579343,-0.5470
2010-06-28,-0.0574436,-0.4201
2010-06-29,-0.0571041,-0.2631
2010-06-30,-0.0569155,-0.1118
2010-07-01,-0.0568549,-0.0372
2010-07-02,-0.0568310,0.0073
2010-07-03,-0.0568704,0.0545
2010-07-04,-0.0569063,0.0005
2010-07-05,-0.0568509,-0.1149
2010-07-06,-0.0566688,-0.2533
2010-07-07,-0.0563313,-0.4306
2010-07-08,-0.0558206,-0.5690
2010-07-09,-0.0552222,-0.6208
2010-07-10,-0.0546055,-0.5930
2010-07-11,-0.0540657,-0.4768
2010-07-12,-0.0536709,-0.3037
2010-07-13,-0.0534821,-0.0592
2010-07-14,-0.0535439,0.1595
2010-07-15,-0.0537651,0.2700
2010-07-16,-0.0540685,0.3341
2010-07-17,-0.0543890,0.2652
2010-07-18,-0.0545765,0.1290
2010-07-19,-0.0546280,-0.0642
2010-07-20,-0.0544292,-0.3139
2010-07-21,-0.0540123,-0.5272
2010-07-22,-0.0533767,-0.7347
2010-07-23,-0.0526032,-0.7612
2010-07-24,-0.0518769,-0.7200
2010-07-25,-0.0511681,-0.6642
2010-07-26,-0.0505881,-0.4897
2010-07-27,-0.0501943,-0.2985
2010-07-28,-0.0499766,-0.1509
2010-07-29,-0.0498633,-0.0910
2010-07-30,-0.0497795,-0.0765
2010-07-31,-0.0496946,-0.1091
2010-08-01,-0.0495423,-0.1986
2010-08-02,-0.0492932,-0.3007
2010-08-03,-0.0489515,-0.3712
2010-08-04,-0.0485588,-0.4179
2010-08-05,-0.0481220,-0.4458
2010-08-06,-0.0476799,-0.4356
2010-08-07,-0.0472782,-0.3431
2010-08-08,-0.0470343,-0.1289
2010-08-09,-0.0470428,0.1525
2010-08-10,-0.0473497,0.4650
2010-08-11,-0.0479491,0.7062
2010-08-12,-0.0487004,0.7623
2010-08-13,-0.0494313,0.6912
2010-08-14,-0.0500523,0.5285
2010-08-15,-0.0504581,0.2753
2010-08-16,-0.0506069,0.0343
2010-08-17,-0.0505327,-0.1887
2010-08-18,-0.0502453,-0.3643
2010-08-19,-0.0498500,-0.4023
2010-08-20,-0.0494675,-0.3599
2010-08-21,-0.0491402,-0.2875
2010-08-22,-0.0489221,-0.1262
2010-08-23,-0.0489005,0.0731
2010-08-24,-0.0490389,0.1840
2010-08-25,-0.0492630,0.2783
2010-08-26,-0.0496017,0.3912
2010-08-27,-0.0500041,0.3800
2010-08-28,-0.0503404,0.3048
2010-08-29,-0.0506168,0.2390
2010-08-30,-0.0508076,0.1409
2010-08-31,-0.0509022,0.0537
2010-09-01,-0.0509107,-0.0463
2010-09-02,-0.0508249,-0.1003
2010-09-03,-0.0507385,-0.0693
2010-09-04,-0.0507099,0.0323
2010-09-05,-0.0508409,0.2474
2010-09-06,-0.0512306,0.5401
2010-09-07,-0.0519176,0.8222
2010-09-08,-0.0528496,1.0282
2010-09-09,-0.0539279,1.0960
2010-09-10,-0.0549659,0.9367
2010-09-11,-0.0557636,0.6644
2010-09-12,-0.0562956,0.3948
2010-09-13,-0.0565504,0.1169
2010-09-14,-0.0565547,-0.0852
2010-09-15,-0.0564287,-0.1413
2010-09-16,-0.0562948,-0.1294
2010-09-17,-0.0561851,-0.0720
2010-09-18,-0.0561754,0.0593
2010-09-19,-0.0563058,0.1970
2010-09-20,-0.0565618,0.3119
2010-09-21,-0.0569117,0.3732
2010-09-22,-0.0573028,0.4182
2010-09-23,-0.0577600,0.4989
2010-09-24,-0.0582699,0.4876
2010-09-25,-0.0587245,0.4441
2010-09-26,-0.0591569,0.3969
2010-09-27,-0.0594877,0.2578
2010-09-28,-0.0596806,0.1431
2010-09-29,-0.0597925,0.0844
2010-09-30,-0.0598906,0.1495
2010-10-01,-0.0601095,0.2685
2010-10-02,-0.0604520,0.4605
2010-10-03,-0.0610928,0.8394
2010-10-04,-0.0621279,1.2097
2010-10-05,-0.0634867,1.5034
2010-10-06,-0.0650995,1.6915
2010-10-07,-0.0668083,1.6954
2010-10-08,-0.0684337,1.5295
2010-10-09,-0.0698473,1.3035
2010-10-10,-0.0710410,1.0784
2010-10-11,-0.0720120,0.8768
2010-10-12,-0.0728332,0.7908
2010-10-13,-0.0736113,0.7578
2010-10-14,-0.0743731,0.7976
2010-10-15,-0.0752176,0.8708
2010-10-16,-0.0761076,0.9226
2010-10-17,-0.0770841,1.0383
2010-10-18,-0.0781773,1.1331
2010-10-19,-0.0793457,1.2139
2010-10-20,-0.0805907,1.2516
2010-10-21,-0.0818131,1.1820
2010-10-22,-0.0829431,1.0775
2010-10-23,-0.0839553,0.9347
2010-10-24,-0.0848073,0.7764
2010-10-25,-0.0855185,0.6494
2010-10-26,-0.0861200,0.5640
2010-10-27,-0.0866612,0.5226
2010-10-28,-0.0871935,0.5661
2010-10-29,-0.0878296,0.7181
2010-10-30,-0.0886538,0.9423
2010-10-31,-0.0897362,1.2326
2010-11-01,-0.0911123,1.5028
2010-11-02,-0.0927155,1.6941
2010-11-03,-0.0944538,1.7452
2010-11-04,-0.0961543,1.6414
2010-11-05,-0.0977133,1.4676
2010-11-06,-0.0990679,1.2289
2010-11-07,-0.1001542,0.9395
2010-11-08,-0.1009786,0.7452
2010-11-09,-0.1016712,0.6306
2010-11-10,-0.1022564,0.5658
2010-11-11,-0.1028446,0.6263
2010-11-12,-0.1035280,0.7436
2010-11-13,-0.1043448,0.8997
2010-11-14,-0.1053251,1.0489
2010-11-15,-0.1064222,1.1370
2010-11-16,-0.1075873,1.1896
2010-11-17,-0.1087714,1.1522
2010-11-18,-0.1098769,1.0705
2010-11-19,-0.1108959,0.9394
2010-11-20,-0.1117357,0.7485
2010-11-21,-0.1124108,0.6113
2010-11-22,-0.1129715,0.5135
2010-11-23,-0.1134586,0.4780
2010-11-24,-0.1139513,0.5137
2010-11-25,-0.1145072,0.6128
2010-11-26,-0.1152063,0.8000
2010-11-27,-0.1161318,1.0610
2010-11-28,-0.1173210,1.3001
2010-11-29,-0.1186808,1.3854
2010-11-30,-0.1200639,1.3868
2010-12-01,-0.1214334,1.3251
2010-12-02,-0.1226680,1.1253
2010-12-03,-0.1236645,0.8672
2010-12-04,-0.1244053,0.6179
2010-12-05,-0.1249308,0.4602
2010-12-06,-0.1253618,0.4109
2010-12-07,-0.1257772,0.4353
2010-12-08,-0.1262471,0.5037
2010-12-09,-0.1267983,0.6130
2010-12-10,-0.1274676,0.7056
2010-12-11,-0.1281845,0.7232
2010-12-12,-0.1289045,0.7125
2010-12-13,-0.1296181,0.7277
2010-12-14,-0.1303443,0.6962
2010-12-15,-0.1309848,0.5876
2010-12-16,-0.1315368,0.5308
2010-12-17,-0.1320367,0.4451
2010-12-18,-0.1324163,0.3275
2010-12-19,-0.1326901,0.2050
2010-12-20,-0.1328237,0.0746
2010-12-21,-0.1328980,0.1201
2010-12-22,-0.1330978,0.2672
2010-12-23,-0.1334410,0.4399
2010-12-24,-0.1339930,0.6586
2010-12-25,-0.1347515,0.8571
2010-12-26,-0.1357064,1.0532
2010-12-27,-0.1368218,1.1411
2010-12-28,-0.1379396,1.0822
2010-12-29,-0.1389297,0.8539
2010-12-30,-0.1396535,0.6438
2010-12-31,-0.1402235,0.4523
2011-01-01,-0.1405568,0.2570
2011-01-02,-0.1407850,0.2043
2011-01-03,-0.1409701,0.1656
2011-01-04,-0.1411325,0.1759
2011-01-05,-0.1413415,0.2450
2011-01-06,-0.1416387,0.3627
2011-01-07,-0.1420664,0.4790
2011-01-08,-0.1425749,0.5300
2011-01-09,-0.1431271,0.5832
2011-01-10,-0.1437316,0.6074
2011-01-11,-0.1443269,0.5867
2011-01-12,-0.1449070,0.5719
2011-01-13,-0.1454623,0.5318
2011-01-14,-0.1459496,0.4287
2011-01-15,-0.1463227,0.3344
2011-01-16,-0.1466326,0.2825
2011-01-17,-0.1468964,0.2565
2011-01-18,-0.1471767,0.3238
2011-01-19,-0.1475601,0.4392
2011-01-20,-0.1480758,0.6165
2011-01-21,-0.1488003,0.8154
2011-01-22,-0.1497068,1.0147
2011-01-23,-0.1508170,1.1757
2011-01-24,-0.1519977,1.1552
2011-01-25,-0.1530882,1.0172
2011-01-26,-0.1540134,0.8233
2011-01-27,-0.1547247,0.5991
2011-01-28,-0.1552242,0.4125
2011-01-29,-0.1555816,0.3214
2011-01-30,-0.1558913,0.3032
2011-01-31,-0.1562042,0.3336
2011-02-01,-0.1565713,0.4025
2011-02-02,-0.1570388,0.5604
2011-02-03,-0.1576845,0.6957
2011-02-04,-0.1584176,0.7933
2011-02-05,-0.1592403,0.7987
2011-02-06,-0.1599975,0.7517
2011-02-07,-0.1607568,0.7439
2011-02-08,-0.1614604,0.6614
2011-02-09,-0.1620804,0.5814
2011-02-10,-0.1626243,0.5049
2011-02-11,-0.1630870,0.4188
2011-02-12,-0.1634699,0.3565
2011-02-13,-0.1638153,0.3399
2011-02-14,-0.1641760,0.4022
2011-02-15,-0.1646592,0.5832
2011-02-16,-0.1653654,0.8333
2011-02-17,-0.1663492,1.1535
2011-02-18,-0.1676529,1.4152
2011-02-19,-0.1691421,1.5643
2011-02-20,-0.1707627,1.6570
2011-02-21,-0.1723914,1.5556
2011-02-22,-0.1738274,1.3147
2011-02-23,-0.1749979,1.0050
2011-02-24,-0.1758466,0.7230
2011-02-25,-0.1764754,0.5356
2011-02-26,-0.1769511,0.4480
2011-02-27,-0.1773927,0.4243
2011-02-28,-0.1778362,0.5100
2011-03-01,-0.1784433,0.6875
2011-03-02,-0.1791925,0.8088
2011-03-03,-0.1800797,0.9863
2011-03-04,-0.1811560,1.1363
2011-03-05,-0.1823223,1.1961
2011-03-06,-0.1835329,1.2100
2011-03-07,-0.1847033,1.1068
2011-03-08,-0.1857495,1.0126
2011-03-09,-0.1867381,0.9474
2011-03-10,-0.1876230,0.8185
2011-03-11,-0.1883986,0.7601
2011-03-12,-0.1891211,0.6354
2011-03-13,-0.1896843,0.5553
2011-03-14,-0.1902920,0.6561
2011-03-15,-0.1910232,0.8370
2011-03-16,-0.1919951,1.1052
2011-03-17,-0.1932222,1.3393
2011-03-18,-0.1946523,1.5093
2011-03-19,-0.1962118,1.5922
2011-03-20,-0.1978045,1.5785
2011-03-21,-0.1993411,1.4817
2011-03-22,-0.2007220,1.2470
2011-03-23,-0.2018334,1.0071
2011-03-24,-0.2027574,0.8310
2011-03-25,-0.2035533,0.8288
2011-03-26,-0.2044324,0.8789
2011-03-27,-0.2053112,0.9294
2011-03-28,-0.2063335,1.1069
2011-03-29,-0.2075201,1.2697
2011-03-30,-0.2088485,1.3595
2011-03-31,-0.2102342,1.4348
2011-04-01,-0.2117101,1.4862
2011-04-02,-0.2131933,1.4978
2011-04-03,-0.2146861,1.4505
2011-04-04,-0.2160584,1.2953
2011-04-05,-0.2172718,1.1253
2011-04-06,-0.2183180,0.9823
2011-04-07,-0.2192312,0.8238
2011-04-08,-0.2199870,0.7296
2011-04-09,-0.2207270,0.7452
2011-04-10,-0.2214895,0.7970
2011-04-11,-0.2223371,0.8972
2011-04-12,-0.2233083,1.0708
2011-04-13,-0.2244786,1.2442
2011-04-14,-0.2257947,1.4117
2011-04-15,-0.2273013,1.5773
2011-04-16,-0.2289220,1.6611
2011-04-17,-0.2305802,1.6152
2011-04-18,-0.2321108,1.4447
2011-04-19,-0.2334543,1.2285
2011-04-20,-0.2345609,0.9918
2011-04-21,-0.2354495,0.7899
2011-04-22,-0.2361763,0.6949
2011-04-23,-0.2368889,0.7485
2011-04-24,-0.2376842,0.8346
2011-04-25,-0.2385571,0.9178
2011-04-26,-0.2395237,1.0127
2011-04-27,-0.2405616,1.0450
2011-04-28,-0.2416246,1.1102
2011-04-29,-0.2427694,1.1376
2011-04-30,-0.2438674,1.0676
2011-05-01,-0.2449030,0.9927
2011-05-02,-0.2458739,0.9811
2011-05-03,-0.2468430,0.9029
2011-05-04,-0.2476898,0.8551
2011-05-05,-0.2485719,0.8636
2011-05-06,-0.2493942,0.8038
2011-05-07,-0.2502137,0.8467
2011-05-08,-0.2511055,0.9434
2011-05-09,-0.2521172,1.0901
2011-05-10,-0.2533262,1.3584
2011-05-11,-0.2548141,1.5669
2011-05-12,-0.2564269,1.6762
2011-05-13,-0.2581670,1.7869
2011-05-14,-0.2599844,1.8486
2011-05-15,-0.2618083,1.7425
2011-05-16,-0.2634301,1.5186
2011-05-17,-0.2648395,1.2766
2011-05-18,-0.2659958,1.0719
2011-05-19,-0.2669906,0.8890
2011-05-20,-0.2677904,0.7560
2011-05-21,-0.2685639,0.8069
2011-05-22,-0.2693903,0.8162
2011-05-23,-0.2702037,0.8477
2011-05-24,-0.2710909,0.8949
2011-05-25,-0.2719731,0.8811
2011-05-26,-0.2728881,0.9725
2011-05-27,-0.2739016,1.0145
2011-05-28,-0.2748769,0.9359
2011-05-29,-0.2757765,0.8666
2011-05-30,-0.2765919,0.7429
2011-05-31,-0.2772650,0.6275
2011-06-01,-0.2778675,0.5740
2011-06-02,-0.2784108,0.5138
2011-06-03,-0.2789021,0.4745
2011-06-04,-0.2794053,0.5719
2011-06-05,-0.2800725,0.7493
2011-06-06,-0.2808911,0.8882
2011-06-07,-0.2818610,1.0634
2011-06-08,-0.2830003,1.1860
2011-06-09,-0.2841834,1.1600
2011-06-10,-0.2853072,1.0948
2011-06-11,-0.2863664,1.0097
2011-06-12,-0.2872785,0.7804
2011-06-13,-0.2879310,0.5625
2011-06-14,-0.2884341,0.4365
2011-06-15,-0.2887848,0.2530
2011-06-16,-0.2889773,0.1810
2011-06-17,-0.2891847,0.2228
2011-06-18,-0.2894214,0.2602
2011-06-19,-0.2897142,0.3248
2011-06-20,-0.2900687,0.3823
2011-06-21,-0.2904697,0.4124
2011-06-22,-0.2908771,0.3933
2011-06-23,-0.2912407,0.3275
2011-06-24,-0.2915191,0.2226
2011-06-25,-0.2916821,0.1061
2011-06-26,-0.2917394,0.0138
2011-06-27,-0.2917139,-0.0660
2011-06-28,-0.2916100,-0.1378
2011-06-29,-0.2914334,-0.2241
2011-06-30,-0.2911683,-0.2910
2011-07-01,-0.2908837,-0.2610
2011-07-02,-0.2906578,-0.1964
2011-07-03,-0.2905343,-0.0014
2011-07-04,-0.2906868,0.2892
2011-07-05,-0.2910715,0.4562
2011-07-06,-0.2915655,0.5221
2011-07-07,-0.2920759,0.4686
2011-07-08,-0.2924862,0.3655
2011-07-09,-0.2927840,0.1936
2011-07-10,-0.2928534,-0.0383
2011-07-11,-0.2927340,-0.1903
2011-07-12,-0.2924866,-0.3010
2011-07-13,-0.2921557,-0.3407
2011-07-14,-0.2918336,-0.2951
2011-07-15,-0.2915718,-0.2306
2011-07-16,-0.2913846,-0.1294
2011-07-17,-0.2913317,0.0281
2011-07-18,-0.2914214,0.1276
2011-07-19,-0.2915911,0.2398
2011-07-20,-0.2918613,0.2329
2011-07-21,-0.2920271,0.1367
2011-07-22,-0.2921533,0.0963
2011-07-23,-0.2922072,0.0186
2011-07-24,-0.2921918,-0.0550
2011-07-25,-0.2920855,-0.1638
2011-07-26,-0.2918658,-0.2679
2011-07-27,-0.2915599,-0.3413
2011-07-28,-0.2912130,-0.3251
2011-07-29,-0.2909276,-0.2550
2011-07-30,-0.2907354,-0.0876
2011-07-31,-0.2907947,0.2067
2011-08-01,-0.2911281,0.4388
2011-08-02,-0.2916507,0.6060
2011-08-03,-0.2923144,0.6960
2011-08-04,-0.2929997,0.6572
2011-08-05,-0.2935954,0.5184
2011-08-06,-0.2940030,0.2790
2011-08-07,-0.2941502,0.0299
2011-08-08,-0.2941028,-0.0992
2011-08-09,-0.2939728,-0.1652
2011-08-10,-0.2937887,-0.1822
2011-08-11,-0.2936214,-0.1603
2011-08-12,-0.2934862,-0.0842
2011-08-13,-0.2934767,0.0629
2011-08-14,-0.2935789,0.1108
2011-08-15,-0.2937044,0.1772
2011-08-16,-0.2939326,0.2417
2011-08-17,-0.2941710,0.2557
2011-08-18,-0.2944346,0.2413
2011-08-19,-0.2946193,0.1240
2011-08-20,-0.2946877,0.0219
2011-08-21,-0.2946678,-0.0659
2011-08-22,-0.2945629,-0.1325
2011-08-23,-0.2944054,-0.1914
2011-08-24,-0.2942118,-0.1553
2011-08-25,-0.2941299,-0.0138
2011-08-26,-0.2942063,0.1939
2011-08-27,-0.2945359,0.4563
2011-08-28,-0.2951073,0.6841
2011-08-29,-0.2959055,0.9162
2011-08-30,-0.2968963,1.0182
2011-08-31,-0.2978993,0.9923
2011-09-01,-0.2988678,0.9272
2011-09-02,-0.2997080,0.7252
2011-09-03,-0.3002984,0.4639
2011-09-04,-0.3006615,0.2797
2011-09-05,-0.3008882,0.1867
2011-09-06,-0.3010531,0.1483
2011-09-07,-0.3012189,0.2121
2011-09-08,-0.3014957,0.3309
2011-09-09,-0.3018690,0.4145
2011-09-10,-0.3023195,0.4825
2011-09-11,-0.3028359,0.5562
2011-09-12,-0.3034312,0.6278
2011-09-13,-0.3040873,0.6866
2011-09-14,-0.3048003,0.7330
2011-09-15,-0.3055205,0.6810
2011-09-16,-0.3061407,0.5642
2011-09-17,-0.3066527,0.4589
2011-09-18,-0.3070784,0.4132
2011-09-19,-0.3074913,0.4041
2011-09-20,-0.3079013,0.4391
2011-09-21,-0.3083976,0.5585
2011-09-22,-0.3090412,0.7468
2011-09-23,-0.3099054,0.9777
2011-09-24,-0.3110111,1.2520
2011-09-25,-0.3124025,1.5054
2011-09-26,-0.3139997,1.6922
2011-09-27,-0.3157575,1.7910
2011-09-28,-0.3175236,1.7157
2011-09-29,-0.3191363,1.4825
2011-09-30,-0.3204805,1.2249
2011-10-01,-0.3216165,1.0586
2011-10-02,-0.3226155,0.9459
2011-10-03,-0.3235315,0.9029
2011-10-04,-0.3244529,0.9547
2011-10-05,-0.3254629,1.0725
2011-10-06,-0.3266080,1.2205
2011-10-07,-0.3278883,1.3218
2011-10-08,-0.3292353,1.3744
2011-10-09,-0.3306270,1.3967
2011-10-10,-0.3320125,1.3703
2011-10-11,-0.3333600,1.3209
2011-10-12,-0.3346448,1.2429
2011-10-13,-0.3358130,1.0665
2011-10-14,-0.3367665,0.8564
2011-10-15,-0.3375380,0.6831
2011-10-16,-0.3381432,0.5412
2011-10-17,-0.3386527,0.4960
2011-10-18,-0.3391610,0.5281
2011-10-19,-0.3397260,0.6114
2011-10-20,-0.3404070,0.7642
2011-10-21,-0.3412734,0.9738
2011-10-22,-0.3423628,1.2078
2011-10-23,-0.3436772,1.4062
2011-10-24,-0.3451585,1.5545
2011-10-25,-0.3467464,1.5834
2011-10-26,-0.3482733,1.4564
2011-10-27,-0.3496405,1.2735
2011-10-28,-0.3508091,1.0572
2011-10-29,-0.3517675,0.8789
2011-10-30,-0.3526018,0.8053
2011-10-31,-0.3534112,0.8309
2011-11-01,-0.3542912,0.9393
2011-11-02,-0.3552952,1.0639
2011-11-03,-0.3564158,1.1790
2011-11-04,-0.3576671,1.3360
2011-11-05,-0.3590652,1.4252
2011-11-06,-0.3604810,1.4047
2011-11-07,-0.3618717,1.3754
2011-11-08,-0.3632037,1.2619
2011-11-09,-0.3643678,1.0654
2011-11-10,-0.3653556,0.9321
2011-11-11,-0.3662311,0.7962
2011-11-12,-0.3669581,0.6906
2011-11-13,-0.3676382,0.6627
2011-11-14,-0.3682952,0.6699
2011-11-15,-0.3690015,0.7475
2011-11-16,-0.3698014,0.8587
2011-11-17,-0.3707393,1.0310
2011-11-18,-0.3718721,1.2294
2011-11-19,-0.3731986,1.4294
2011-11-20,-0.3747042,1.5492
2011-11-21,-0.3762473,1.5197
2011-11-22,-0.3777355,1.4658
2011-11-23,-0.3791582,1.3498
2011-11-24,-0.3804010,1.1315
2011-11-25,-0.3814251,0.9250
2011-11-26,-0.3822758,0.7930
2011-11-27,-0.3830416,0.7525
2011-11-28,-0.3838034,0.7798
2011-11-29,-0.3846179,0.8572
2011-11-30,-0.3855292,0.9686
2011-12-01,-0.3865628,1.1030
2011-12-02,-0.3877251,1.2072
2011-12-03,-0.3889243,1.1529
2011-12-04,-0.3900143,1.0489
2011-12-05,-0.3910293,0.9664
2011-12-06,-0.3919339,0.8444
2011-12-07,-0.3927123,0.7051
2011-12-08,-0.3933500,0.5834
2011-12-09,-0.3939074,0.5466
2011-12-10,-0.3944575,0.5529
2011-12-11,-0.3950136,0.5605
2011-12-12,-0.3955950,0.6176
2011-12-13,-0.3962761,0.7565
2011-12-14,-0.3971231,0.9406
2011-12-15,-0.3981611,1.1360
2011-12-16,-0.3993875,1.3087
2011-12-17,-0.4007618,1.4313
2011-12-18,-0.4022323,1.5005
2011-12-19,-0.4037255,1.4578
2011-12-20,-0.4051174,1.3237
2011-12-21,-0.4063582,1.1453
2011-12-22,-0.4073919,0.9184
2011-12-23,-0.4082143,0.7495
2011-12-24,-0.4089439,0.7395
2011-12-25,-0.4097384,0.8648
2011-12-26,-0.4106962,1.0583
2011-12-27,-0.4118570,1.2577
2011-12-28,-0.4132011,1.4255
2011-12-29,-0.4146832,1.5190
2011-12-30,-0.4162013,1.4992
2011-12-31,-0.4176597,1.4137
2012-01-01,-0.4190198,1.3016
2012-01-02,-0.4202632,1.1904
2012-01-03,-0.4213964,1.0664
2012-01-04,-0.4223926,0.9320
2012-01-05,-0.4232705,0.8278
2012-01-06,-0.4240541,0.7414
2012-01-07,-0.4247770,0.7261
2012-01-08,-0.4255331,0.7913
2012-01-09,-0.4263634,0.8678
2012-01-10,-0.4272844,0.9915
2012-01-11,-0.4283596,1.1549
2012-01-12,-0.4295961,1.3241
2012-01-13,-0.4310044,1.4831
2012-01-14,-0.4325210,1.5181
2012-01-15,-0.4340075,1.4539
2012-01-16,-0.4354132,1.3428
2012-01-17,-0.4366697,1.1614
2012-01-18,-0.4377243,0.9448
2012-01-19,-0.4385780,0.7842
2012-01-20,-0.4393155,0.6920
2012-01-21,-0.4400007,0.7160
2012-01-22,-0.4407855,0.8542
2012-01-23,-0.4416988,0.9617
2012-01-24,-0.4427038,1.0538
2012-01-25,-0.4437950,1.1116
2012-01-26,-0.4449104,1.1197
2012-01-27,-0.4460237,1.0956
2012-01-28,-0.4470718,0.9820
2012-01-29,-0.4479821,0.8515
2012-01-30,-0.4487852,0.7520
2012-01-31,-0.4494654,0.5902
2012-02-01,-0.4499689,0.4384
2012-02-02,-0.4503843,0.4131
2012-02-03,-0.4508117,0.4378
2012-02-04,-0.4512588,0.4592
2012-02-05,-0.4517515,0.5450
2012-02-06,-0.4523955,0.7711
2012-02-07,-0.4532978,1.0095
2012-02-08,-0.4544046,1.2180
2012-02-09,-0.4557230,1.3939
2012-02-10,-0.4571597,1.4716
2012-02-11,-0.4586340,1.4525
2012-02-12,-0.4600383,1.3540
2012-02-13,-0.4613177,1.1824
2012-02-14,-0.4623751,0.9268
2012-02-15,-0.4631761,0.6856
2012-02-16,-0.4637866,0.5651
2012-02-17,-0.4643397,0.5447
2012-02-18,-0.4649014,0.6005
2012-02-19,-0.4655638,0.7257
2012-02-20,-0.4663497,0.8418
2012-02-21,-0.4672324,0.9130
2012-02-22,-0.4681517,0.9122
2012-02-23,-0.4690449,0.8756
2012-02-24,-0.4698839,0.7821
2012-02-25,-0.4706106,0.6931
2012-02-26,-0.4712692,0.6015
2012-02-27,-0.4718090,0.4961
2012-02-28,-0.4722693,0.4143
2012-02-29,-0.4726308,0.3123
2012-03-01,-0.4729117,0.2639
2012-03-02,-0.4731888,0.3060
2012-03-03,-0.4735434,0.4072
2012-03-04,-0.4740126,0.5367
2012-03-05,-0.4746319,0.7114
2012-03-06,-0.4754483,0.9249
2012-03-07,-0.4764782,1.1279
2012-03-08,-0.4776966,1.3082
2012-03-09,-0.4790716,1.4193
2012-03-10,-0.4805201,1.4851
2012-03-11,-0.4820089,1.4523
2012-03-12,-0.4833830,1.2943
2012-03-13,-0.4846116,1.1786
2012-03-14,-0.4857596,1.1210
2012-03-15,-0.4868744,1.1258
2012-03-16,-0.4880460,1.2350
2012-03-17,-0.4893618,1.3965
2012-03-18,-0.4908192,1.4988
2012-03-19,-0.4923412,1.5466
2012-03-20,-0.4939128,1.5955
2012-03-21,-0.4955028,1.5561
2012-03-22,-0.4970001,1.4421
2012-03-23,-0.4984003,1.3681
2012-03-24,-0.4997414,1.3094
2012-03-25,-0.5010021,1.1997
2012-03-26,-0.5021407,1.0897
2012-03-27,-0.5031977,1.0284
2012-03-28,-0.5042038,0.9861
2012-03-29,-0.5051845,0.9876
2012-03-30,-0.5061958,1.0397
2012-03-31,-0.5072813,1.1442
2012-04-01,-0.5085011,1.2993
2012-04-02,-0.5098823,1.4616
2012-04-03,-0.5114332,1.6508
2012-04-04,-0.5131647,1.7825
2012-04-05,-0.5149838,1.8709
2012-04-06,-0.5168757,1.8670
2012-04-07,-0.5186518,1.6650
2012-04-08,-0.5201950,1.4309
2012-04-09,-0.5215237,1.2271
2012-04-10,-0.5226642,1.0681
2012-04-11,-0.5236960,1.0172
2012-04-12,-0.5247306,1.0621
2012-04-13,-0.5258385,1.1618
2012-04-14,-0.5270442,1.2314
2012-04-15,-0.5282869,1.2576
2012-04-16,-0.5295627,1.2935
2012-04-17,-0.5308746,1.3314
2012-04-18,-0.5322055,1.3093
2012-04-19,-0.5334851,1.2628
2012-04-20,-0.5347225,1.1904
2012-04-21,-0.5358514,1.0746
2012-04-22,-0.5368770,0.9746
2012-04-23,-0.5378007,0.8750
2012-04-24,-0.5386314,0.7887
2012-04-25,-0.5393933,0.7482
2012-04-26,-0.5401479,0.7681
2012-04-27,-0.5409412,0.8232
2012-04-28,-0.5417915,0.8700
2012-04-29,-0.5426867,0.9334
2012-04-30,-0.5436883,1.0868
2012-05-01,-0.5448729,1.2780
2012-05-02,-0.5462308,1.4285
2012-05-03,-0.5477020,1.4951
2012-05-04,-0.5491839,1.4503
2012-05-05,-0.5505838,1.3492
2012-05-06,-0.5518634,1.1913
2012-05-07,-0.5529546,0.9979
2012-05-08,-0.5538741,0.8493
2012-05-09,-0.5546964,0.8304
2012-05-10,-0.5555650,0.9020
2012-05-11,-0.5564914,0.9468
2012-05-12,-0.5574596,0.9947
2012-05-13,-0.5584826,1.0482
2012-05-14,-0.5595429,1.0625
2012-05-15,-0.5606109,1.0868
2012-05-16,-0.5616964,1.0509
2012-05-17,-0.5626929,0.9557
2012-05-18,-0.5635986,0.8328
2012-05-19,-0.5643424,0.6616
2012-05-20,-0.5649315,0.5194
2012-05-21,-0.5653962,0.4222
2012-05-22,-0.5657943,0.3803
2012-05-23,-0.5661755,0.3944
2012-05-24,-0.5665975,0.4517
2012-05-25,-0.5670919,0.5480
2012-05-26,-0.5677043,0.6767
2012-05-27,-0.5684455,0.8058
2012-05-28,-0.5693193,0.9449
2012-05-29,-0.5703324,1.0754
2012-05-30,-0.5714580,1.1698
2012-05-31,-0.5726569,1.2191
2012-06-01,-0.5738719,1.1957
2012-06-02,-0.5750134,1.0675
2012-06-03,-0.5759962,0.9070
2012-06-04,-0.5768192,0.7219
2012-06-05,-0.5774521,0.5733
2012-06-06,-0.5780231,0.5968
2012-06-07,-0.5786736,0.7040
2012-06-08,-0.5794428,0.8461
2012-06-09,-0.5803438,0.9221
2012-06-10,-0.5812409,0.8598
2012-06-11,-0.5820641,0.7998
2012-06-12,-0.5828421,0.7447
2012-06-13,-0.5835328,0.6275
2012-06-14,-0.5840883,0.4840
2012-06-15,-0.5844962,0.3267
2012-06-16,-0.5847581,0.2184
2012-06-17,-0.5849351,0.1163
2012-06-18,-0.5849851,-0.0025
2012-06-19,-0.5849518,-0.0561
2012-06-20,-0.5848824,-0.0813
2012-06-21,-0.5847996,-0.0752
2012-06-22,-0.5847501,-0.0149
2012-06-23,-0.5847991,0.1332
2012-06-24,-0.5850136,0.2726
2012-06-25,-0.5853254,0.3554
2012-06-26,-0.5857231,0.4343
2012-06-27,-0.5861642,0.4240
2012-06-28,-0.5865347,0.3047
2012-06-29,-0.5867620,0.1506
2012-06-30,-0.5868367,-0.0011
2012-07-01,0.4132375,-0.1447
2012-07-02,0.4134344,-0.2333
2012-07-03,0.4136664,-0.2087
2012-07-04,0.4138372,-0.1404
2012-07-05,0.4139396,-0.0493
2012-07-06,0.4139105,0.1177
2012-07-07,0.4137221,0.2310
2012-07-08,0.4134669,0.2892
2012-07-09,0.4131610,0.2956
2012-07-10,0.4129032,0.2194
2012-07-11,0.4127281,0.1255
2012-07-12,0.4126893,-0.0798
2012-07-13,0.4128718,-0.2376
2012-07-14,0.4131207,-0.2640
2012-07-15,0.4134191,-0.3482
2012-07-16,0.4137890,-0.3483
2012-07-17,0.4140682,-0.2061
2012-07-18,0.4142135,-0.1008
2012-07-19,0.4142499,0.0642
2012-07-20,0.4140718,0.2692
2012-07-21,0.4137326,0.4111
2012-07-22,0.4132590,0.5249
2012-07-23,0.4127044,0.5740
2012-07-24,0.4121292,0.5687
2012-07-25,0.4115821,0.5181
2012-07-26,0.4111164,0.3972
2012-07-27,0.4107859,0.2816
2012-07-28,0.4105478,0.1823
2012-07-29,0.4104204,0.0857
2012-07-30,0.4103435,0.0877
2012-07-31,0.4102122,0.1879
2012-08-01,0.4099573,0.3193
2012-08-02,0.4095700,0.4617
2012-08-03,0.4090577,0.5329
2012-08-04,0.4085156,0.5699
2012-08-05,0.4079222,0.5939
2012-08-06,0.4073667,0.5013
2012-08-07,0.4069433,0.3377
2012-08-08,0.4066915,0.1735
2012-08-09,0.4065860,0.0400
2012-08-10,0.4065948,-0.0436
2012-08-11,0.4066675,-0.1101
2012-08-12,0.4068189,-0.1882
2012-08-13,0.4070203,-0.1956
2012-08-14,0.4071800,-0.1126
2012-08-15,0.4072279,0.0231
2012-08-16,0.4071232,0.1907
2012-08-17,0.4068515,0.3432
2012-08-18,0.4064372,0.4946
2012-08-19,0.4058643,0.6399
2012-08-20,0.4051864,0.6983
2012-08-21,0.4045017,0.6547
2012-08-22,0.4038969,0.5515
2012-08-23,0.4034152,0.3988
2012-08-24,0.4031028,0.2356
2012-08-25,0.4029231,0.1350
2012-08-26,0.4027980,0.1389
2012-08-27,0.4026068,0.2583
2012-08-28,0.4022594,0.4438
2012-08-29,0.4017200,0.6268
2012-08-30,0.4010269,0.7463
2012-08-31,0.4002356,0.8412
2012-09-01,0.3993712,0.8560
2012-09-02,0.3985418,0.8160
2012-09-03,0.3977367,0.7833
2012-09-04,0.3970028,0.6677
2012-09-05,0.3964291,0.4685
2012-09-06,0.3960454,0.3304
2012-09-07,0.3957383,0.2822
2012-09-08,0.3954904,0.2059
2012-09-09,0.3953013,0.2053
2012-09-10,0.3950435,0.3136
2012-09-11,0.3946592,0.4668
2012-09-12,0.3941003,0.6490
2012-09-13,0.3933570,0.8440
2012-09-14,0.3923912,1.1025
2012-09-15,0.3911574,1.3449
2012-09-16,0.3897550,1.4264
2012-09-17,0.3883395,1.4032
2012-09-18,0.3869764,1.2964
2012-09-19,0.3857667,1.1294
2012-09-20,0.3847240,0.9432
2012-09-21,0.3838911,0.7246
2012-09-22,0.3832327,0.6324
2012-09-23,0.3825820,0.6732
2012-09-24,0.3818681,0.7686
2012-09-25,0.3810252,0.9229
2012-09-26,0.3800104,1.1129
2012-09-27,0.3788030,1.2922
2012-09-28,0.3774658,1.3522
2012-09-29,0.3761275,1.3257
2012-09-30,0.3748350,1.2376
2012-10-01,0.3736760,1.0785
2012-10-02,0.3726921,0.8769
2012-10-03,0.3719102,0.7111
2012-10-04,0.3712461,0.6167
2012-10-05,0.3706723,0.5357
2012-10-06,0.3701625,0.4913
2012-10-07,0.3696688,0.5095
2012-10-08,0.3691137,0.6169
2012-10-09,0.3684180,0.7753
2012-10-10,0.3675530,0.9640
2012-10-11,0.3664901,1.1523
2012-10-12,0.3652605,1.3042
2012-10-13,0.3638862,1.4426
2012-10-14,0.3623986,1.5111
2012-10-15,0.3609005,1.4701
2012-10-16,0.3594861,1.3462
2012-10-17,0.3582281,1.1624
2012-10-18,0.3571637,0.9713
2012-10-19,0.3562709,0.8238
2012-10-20,0.3554906,0.7528
2012-10-21,0.3547319,0.7820
2012-10-22,0.3539122,0.8544
2012-10-23,0.3530166,0.9463
2012-10-24,0.3520151,1.0518
2012-10-25,0.3509232,1.1268
2012-10-26,0.3497723,1.1693
2012-10-27,0.3486052,1.1498
2012-10-28,0.3474935,1.0677
2012-10-29,0.3464766,0.9652
2012-10-30,0.3455560,0.8840
2012-10-31,0.3447103,0.7978
2012-11-01,0.3439520,0.7368
2012-11-02,0.3432288,0.6994
2012-11-03,0.3425421,0.6952
2012-11-04,0.3418066,0.7862
2012-11-05,0.3409600,0.9061
2012-11-06,0.3400028,1.0008
2012-11-07,0.3389475,1.1284
2012-11-08,0.3377324,1.2970
2012-11-09,0.3363812,1.3826
2012-11-10,0.3349834,1.4196
2012-11-11,0.3335335,1.4823
2012-11-12,0.3320284,1.5164
2012-11-13,0.3305328,1.4542
2012-11-14,0.3291351,1.3467
2012-11-15,0.3278191,1.3002
2012-11-16,0.3265233,1.2878
2012-11-17,0.3252203,1.3450
2012-11-18,0.3237945,1.5186
2012-11-19,0.3221881,1.6772
2012-11-20,0.3204726,1.7382
2012-11-21,0.3187333,1.7344
2012-11-22,0.3170146,1.6981
2012-11-23,0.3153467,1.6331
2012-11-24,0.3137657,1.5162
2012-11-25,0.3123299,1.3525
2012-11-26,0.3110510,1.2180
2012-11-27,0.3098885,1.0996
2012-11-28,0.3088531,0.9773
2012-11-29,0.3079131,0.9174
2012-11-30,0.3070124,0.8752
2012-12-01,0.3061399,0.9015
2012-12-02,0.3051859,0.9981
2012-12-03,0.3041521,1.0693
2012-12-04,0.3030432,1.1528
2012-12-05,0.3018403,1.2549
2012-12-06,0.3005391,1.3399
2012-12-07,0.2991782,1.3718
2012-12-08,0.2978093,1.3624
2012-12-09,0.2964536,1.3523
2012-12-10,0.2951226,1.2884
2012-12-11,0.2938993,1.1571
2012-12-12,0.2928127,1.0128
2012-12-13,0.2918578,0.9160
2012-12-14,0.2909503,0.9103
2012-12-15,0.2900183,0.9613
2012-12-16,0.2890199,1.0358
2012-12-17,0.2879482,1.1058
2012-12-18,0.2868211,1.1374
2012-12-19,0.2857017,1.0840
2012-12-20,0.2846791,0.9527
2012-12-21,0.2838031,0.8010
2012-12-22,0.2830518,0.7252
2012-12-23,0.2823359,0.7000
2012-12-24,0.2816704,0.6192
2012-12-25,0.2811052,0.5152
2012-12-26,0.2806228,0.4626
2012-12-27,0.2801644,0.4566
2012-12-28,0.2797098,0.4498
2012-12-29,0.2792396,0.5187
2012-12-30,0.2786482,0.6604
2012-12-31,0.2779265,0.7790
2013-01-01,0.2770909,0.8955
2013-01-02,0.2761301,1.0283
2013-01-03,0.2750390,1.1469
2013-01-04,0.2738592,1.1968
2013-01-05,0.2726594,1.2048
2013-01-06,0.2714718,1.1464
2013-01-07,0.2703958,1.0006
2013-01-08,0.2694627,0.8785
2013-01-09,0.2686133,0.8329
2013-01-10,0.2677618,0.8926
2013-01-11,0.2668071,1.0153
2013-01-12,0.2657257,1.1546
2013-01-13,0.2644880,1.3236
2013-01-14,0.2630828,1.4798
2013-01-15,0.2615655,1.5246
2013-01-16,0.2600741,1.4477
2013-01-17,0.2586797,1.3420
2013-01-18,0.2573759,1.2791
2013-01-19,0.2561239,1.2092
2013-01-20,0.2549625,1.1244
2013-01-21,0.2538633,1.0750
2013-01-22,0.2528018,1.0576
2013-01-23,0.2517366,1.0746
2013-01-24,0.2506442,1.1168
2013-01-25,0.2495164,1.1187
2013-01-26,0.2483898,1.1716
2013-01-27,0.2471418,1.3185
2013-01-28,0.2457638,1.4323
2013-01-29,0.2443016,1.4730
2013-01-30,0.2428084,1.5418
2013-01-31,0.2412368,1.5543
2013-02-01,0.2397410,1.4431
2013-02-02,0.2383595,1.3052
2013-02-03,0.2371356,1.1523
2013-02-04,0.2360374,1.0520
2013-02-05,0.2350300,0.9564
2013-02-06,0.2341084,0.9095
2013-02-07,0.2331743,0.9729
2013-02-08,0.2321369,1.1136
2013-02-09,0.2309402,1.2750
2013-02-10,0.2296051,1.3820
2013-02-11,0.2281962,1.4292
2013-02-12,0.2267749,1.3919
2013-02-13,0.2254471,1.2506
2013-02-14,0.2242867,1.0702
2013-02-15,0.2232879,0.9460
2013-02-16,0.2223839,0.8542
2013-02-17,0.2215870,0.7399
2013-02-18,0.2208981,0.6434
2013-02-19,0.2202771,0.6160
2013-02-20,0.2196415,0.6623
2013-02-21,0.2189318,0.7708
2013-02-22,0.2180807,0.9371
2013-02-23,0.2170512,1.1226
2013-02-24,0.2158446,1.2807
2013-02-25,0.2144827,1.4602
2013-02-26,0.2129276,1.6296
2013-02-27,0.2112466,1.7296
2013-02-28,0.2094922,1.7582
2013-03-01,0.2077492,1.7298
2013-03-02,0.2060622,1.6124
2013-03-03,0.2045307,1.4760
2013-03-04,0.2030719,1.4545
2013-03-05,0.2016072,1.4763
2013-03-06,0.2001142,1.5132
2013-03-07,0.1985640,1.6004
2013-03-08,0.1969081,1.7036
2013-03-09,0.1951532,1.8178
2013-03-10,0.1932825,1.9020
2013-03-11,0.1913807,1.8917
2013-03-12,0.1895051,1.8636
2013-03-13,0.1876624,1.8089
2013-03-14,0.1859111,1.6827
2013-03-15,0.1843053,1.5316
2013-03-16,0.1828344,1.4209
2013-03-17,0.1814622,1.3139
2013-03-18,0.1802006,1.2249
2013-03-19,0.1790053,1.1572
2013-03-20,0.1778653,1.1523
2013-03-21,0.1766857,1.1925
2013-03-22,0.1754752,1.2480
2013-03-23,0.1741560,1.4044
2013-03-24,0.1726614,1.5756
2013-03-25,0.1710147,1.7169
2013-03-26,0.1692309,1.8481
2013-03-27,0.1673260,1.9567
2013-03-28,0.1653499,1.9679
2013-03-29,0.1634160,1.9016
2013-03-30,0.1615592,1.7978
2013-03-31,0.1598249,1.6805
2013-04-01,0.1581874,1.5956
2013-04-02,0.1566131,1.5725
2013-04-03,0.1550285,1.5913
2013-04-04,0.1534245,1.6282
2013-04-05,0.1517410,1.7583
2013-04-06,0.1499114,1.8777
2013-04-07,0.1480220,1.8879
2013-04-08,0.1461464,1.8658
2013-04-09,0.1443015,1.8105
2013-04-10,0.1425486,1.6858
2013-04-11,0.1409438,1.5196
2013-04-12,0.1395077,1.3586
2013-04-13,0.1382141,1.2351
2013-04-14,0.1370315,1.1294
2013-04-15,0.1359352,1.0838
2013-04-16,0.1348339,1.1282
2013-04-17,0.1336846,1.1551
2013-04-18,0.1325236,1.1822
2013-04-19,0.1312859,1.3121
2013-04-20,0.1298863,1.4812
2013-04-21,0.1283439,1.5890
2013-04-22,0.1267108,1.6893
2013-04-23,0.1249617,1.8003
2013-04-24,0.1231367,1.8318
2013-04-25,0.1213216,1.7929
2013-04-26,0.1195707,1.6946
2013-04-27,0.1179535,1.5329
2013-04-28,0.1164958,1.3985
2013-04-29,0.1151272,1.3520
2013-04-30,0.1137697,1.3719
2013-05-01,0.1123714,1.4276
2013-05-02,0.1108950,1.5416
2013-05-03,0.1092964,1.6311
2013-05-04,0.1076446,1.6851
2013-05-05,0.1059401,1.6972
2013-05-06,0.1042767,1.6297
2013-05-07,0.1026739,1.5826
2013-05-08,0.1011310,1.4769
2013-05-09,0.0997519,1.2757
2013-05-10,0.0985591,1.1358
2013-05-11,0.0974628,1.0483
2013-05-12,0.0964673,0.9464
2013-05-13,0.0955559,0.8868
2013-05-14,0.0946677,0.9053
2013-05-15,0.0937318,0.9643
2013-05-16,0.0927271,1.0592
2013-05-17,0.0916030,1.1851
2013-05-18,0.0903520,1.3257
2013-05-19,0.0889571,1.4499
2013-05-20,0.0874723,1.5139
2013-05-21,0.0859485,1.5205
2013-05-22,0.0844544,1.4579
2013-05-23,0.0830456,1.3567
2013-05-24,0.0817386,1.2627
2013-05-25,0.0805279,1.1456
2013-05-26,0.0794526,1.0131
2013-05-27,0.0784835,0.9354
2013-05-28,0.0775684,0.8979
2013-05-29,0.0766749,0.8989
2013-05-30,0.0757541,0.9495
2013-05-31,0.0748112,0.8941
2013-06-01,0.0739816,0.7916
2013-06-02,0.0732142,0.7306
2013-06-03,0.0725261,0.6525
2013-06-04,0.0719188,0.5455
2013-06-05,0.0714419,0.4180
2013-06-06,0.0710720,0.3229
2013-06-07,0.0707938,0.2348
2013-06-08,0.0706070,0.1328
2013-06-09,0.0705147,0.0713
2013-06-10,0.0704234,0.1327
2013-06-11,0.0702420,0.2159
2013-06-12,0.0699977,0.2808
2013-06-13,0.0696561,0.4187
2013-06-14,0.0691571,0.5661
2013-06-15,0.0685349,0.6804
2013-06-16,0.0678064,0.7642
2013-06-17,0.0670063,0.8485
2013-06-18,0.0661313,0.8672
2013-06-19,0.0652946,0.8176
2013-06-20,0.0644936,0.7753
2013-06-21,0.0637705,0.6536
2013-06-22,0.0631776,0.5582
2013-06-23,0.0626242,0.5524
2013-06-24,0.0620486,0.6192
2013-06-25,0.0613785,0.7078
2013-06-26,0.0606405,0.7738
2013-06-27,0.0598425,0.8049
2013-06-28,0.0590551,0.7629
2013-06-29,0.0583377,0.6580
2013-06-30,0.0577583,0.4955
2013-07-01,0.0573599,0.2935
2013-07-02,0.0571685,0.1000
2013-07-03,0.0571524,-0.0711
2013-07-04,0.0573061,-0.2284
2013-07-05,0.0575859,-0.3159
2013-07-06,0.0579201,-0.3499
2013-07-07,0.0582709,-0.3394
2013-07-08,0.0585745,-0.2556
2013-07-09,0.0587690,-0.1324
2013-07-10,0.0588351,0.0033
2013-07-11,0.0587556,0.1593
2013-07-12,0.0585291,0.2774
2013-07-13,0.0582157,0.3506
2013-07-14,0.0578346,0.4035
2013-07-15,0.0574160,0.4344
2013-07-16,0.0569702,0.4521
2013-07-17,0.0565365,0.3957
2013-07-18,0.0561813,0.3318
2013-07-19,0.0558717,0.2716
2013-07-20,0.0556366,0.2158
2013-07-21,0.0554172,0.2287
2013-07-22,0.0551567,0.3092
2013-07-23,0.0547824,0.4390
2013-07-24,0.0542778,0.5714
2013-07-25,0.0536586,0.6468
2013-07-26,0.0530038,0.6633
2013-07-27,0.0523582,0.6012
2013-07-28,0.0518211,0.4800
2013-07-29,0.0513956,0.3667
2013-07-30,0.0510983,0.2215
2013-07-31,0.0509405,0.1127
2013-08-01,0.0508609,0.0399
2013-08-02,0.0508637,-0.0420
2013-08-03,0.0509223,-0.0560
2013-08-04,0.0509561,-0.0110
2013-08-05,0.0509268,0.0866
2013-08-06,0.0507820,0.1868
2013-08-07,0.0505595,0.2680
2013-08-08,0.0502410,0.3643
2013-08-09,0.0498328,0.4550
2013-08-10,0.0493321,0.5423
2013-08-11,0.0487723,0.5572
2013-08-12,0.0482448,0.4908
2013-08-13,0.0477920,0.4207
2013-08-14,0.0473982,0.3664
2013-08-15,0.0470580,0.3158
2013-08-16,0.0467527,0.3068
2013-08-17,0.0464170,0.3801
2013-08-18,0.0459724,0.5137
2013-08-19,0.0453891,0.6486
2013-08-20,0.0446732,0.7893
2013-08-21,0.0438280,0.8774
2013-08-22,0.0429478,0.8772
2013-08-23,0.0420853,0.8418
2013-08-24,0.0412834,0.7488
2013-08-25,0.0405919,0.6431
2013-08-26,0.0399971,0.5376
2013-08-27,0.0395295,0.3936
2013-08-28,0.0391929,0.3007
2013-08-29,0.0389134,0.2518
2013-08-30,0.0386829,0.2222
2013-08-31,0.0384563,0.2306
2013-09-01,0.0382030,0.2952
2013-09-02,0.0378499,0.4077
2013-09-03,0.0373860,0.5250
2013-09-04,0.0367941,0.6595
2013-09-05,0.0360611,0.8115
2013-09-06,0.0351828,0.9284
2013-09-07,0.0342281,0.9738
2013-09-08,0.0332595,0.9462
2013-09-09,0.0323559,0.8580
2013-09-10,0.0315380,0.7863
2013-09-11,0.0307827,0.7164
2013-09-12,0.0301072,0.6407
2013-09-13,0.0294774,0.6368
2013-09-14,0.0288044,0.7204
2013-09-15,0.0280182,0.8590
2013-09-16,0.0270773,1.0249
2013-09-17,0.0259619,1.2103
2013-09-18,0.0246739,1.3440
2013-09-19,0.0233047,1.3853
2013-09-20,0.0219471,1.2951
2013-09-21,0.0207346,1.1446
2013-09-22,0.0196520,1.0118
2013-09-23,0.0187040,0.9000
2013-09-24,0.0178257,0.8671
2013-09-25,0.0169739,0.8221
2013-09-26,0.0161847,0.7676
2013-09-27,0.0154357,0.7220
2013-09-28,0.0147334,0.6983
2013-09-29,0.0140076,0.7690
2013-09-30,0.0131841,0.8734
2013-10-01,0.0122600,0.9802
2013-10-02,0.0112094,1.1300
2013-10-03,0.0100236,1.2090
2013-10-04,0.0088021,1.2558
2013-10-05,0.0075108,1.3061
2013-10-06,0.0062132,1.2867
2013-10-07,0.0049493,1.2318
2013-10-08,0.0037486,1.1798
2013-10-09,0.0025843,1.1440
2013-10-10,0.0014680,1.0859
2013-10-11,0.0003834,1.1151
2013-10-12,-0.0007695,1.1661
2013-10-13,-0.0019572,1.2421
2013-10-14,-0.0032770,1.3879
2013-10-15,-0.0047187,1.4908
2013-10-16,-0.0062343,1.5209
2013-10-17,-0.0077481,1.5140
2013-10-18,-0.0092401,1.4406
2013-10-19,-0.0105956,1.2662
2013-10-20,-0.0117687,1.0805
2013-10-21,-0.0127656,0.9216
2013-10-22,-0.0136313,0.8207
2013-10-23,-0.0144201,0.7592
2013-10-24,-0.0151783,0.7837
2013-10-25,-0.0160253,0.9218
2013-10-26,-0.0170091,1.0215
2013-10-27,-0.0180639,1.1081
2013-10-28,-0.0192528,1.2773
2013-10-29,-0.0206063,1.4098
2013-10-30,-0.0220570,1.4961
2013-10-31,-0.0235861,1.5452
2013-11-01,-0.0251069,1.4730
2013-11-02,-0.0265246,1.3785
2013-11-03,-0.0278841,1.3447
2013-11-04,-0.0292093,1.2968
2013-11-05,-0.0304821,1.2620
2013-11-06,-0.0317261,1.2057
2013-11-07,-0.0328912,1.1427
2013-11-08,-0.0340328,1.1438
2013-11-09,-0.0351967,1.1985
2013-11-10,-0.0364450,1.2986
2013-11-11,-0.0377924,1.3942
2013-11-12,-0.0392291,1.4768
2013-11-13,-0.0407233,1.4914
2013-11-14,-0.0421877,1.4336
2013-11-15,-0.0435631,1.2937
2013-11-16,-0.0447718,1.1438
2013-11-17,-0.0458689,1.0483
2013-11-18,-0.0468719,0.9633
2013-11-19,-0.0478037,0.9029
2013-11-20,-0.0486906,0.8813
2013-11-21,-0.0495717,0.8761
2013-11-22,-0.0504531,0.9019
2013-11-23,-0.0514154,1.0474
2013-11-24,-0.0525427,1.1772
2013-11-25,-0.0537417,1.2227
2013-11-26,-0.0549998,1.3032
2013-11-27,-0.0563533,1.3994
2013-11-28,-0.0577847,1.4540
2013-11-29,-0.0592297,1.4139
2013-11-30,-0.0606129,1.3752
2013-12-01,-0.0619812,1.3400
2013-12-02,-0.0632761,1.2545
2013-12-03,-0.0644831,1.1476
2013-12-04,-0.0655974,1.1191
2013-12-05,-0.0667483,1.1717
2013-12-06,-0.0679488,1.2485
2013-12-07,-0.0692549,1.3542
2013-12-08,-0.0706430,1.4172
2013-12-09,-0.0720710,1.4254
2013-12-10,-0.0734653,1.3481
2013-12-11,-0.0747597,1.2481
2013-12-12,-0.0759619,1.1492
2013-12-13,-0.0770561,1.0444
2013-12-14,-0.0780415,0.9120
2013-12-15,-0.0788776,0.7721
2013-12-16,-0.0796010,0.6781
2013-12-17,-0.0802402,0.6033
2013-12-18,-0.0808341,0.6078
2013-12-19,-0.0814769,0.6754
2013-12-20,-0.0821954,0.7744
2013-12-21,-0.0830417,0.9214
2013-12-22,-0.0840356,1.0608
2013-12-23,-0.0851591,1.1878
2013-12-24,-0.0864035,1.2918
2013-12-25,-0.0877268,1.3481
2013-12-26,-0.0890999,1.4051
2013-12-27,-0.0905278,1.4347
2013-12-28,-0.0919538,1.4180
2013-12-29,-0.0933492,1.3575
2013-12-30,-0.0946579,1.2643
2013-12-31,-0.0958804,1.1790
2014-01-01,-0.0970383,1.1608
2014-01-02,-0.0982338,1.2380
2014-01-03,-0.0995090,1.2994
2014-01-04,-0.1008335,1.3635
2014-01-05,-0.1022355,1.4261
2014-01-06,-0.1036535,1.3920
2014-01-07,-0.1049890,1.2664
2014-01-08,-0.1061710,1.0947
2014-01-09,-0.1071896,0.9564
2014-01-10,-0.1080903,0.8376
2014-01-11,-0.1088486,0.6702
2014-01-12,-0.1094555,0.5772
2014-01-13,-0.1100272,0.5570
2014-01-14,-0.1105759,0.5562
2014-01-15,-0.1111581,0.6110
2014-01-16,-0.1118144,0.7152
2014-01-17,-0.1125953,0.8398
2014-01-18,-0.1134977,0.9756
2014-01-19,-0.1145490,1.1189
2014-01-20,-0.1157167,1.2058
2014-01-21,-0.1169494,1.2590
2014-01-22,-0.1182290,1.2950
2014-01-23,-0.1195153,1.2587
2014-01-24,-0.1207227,1.1514
2014-01-25,-0.1218321,1.0861
2014-01-26,-0.1228909,1.0089
2014-01-27,-0.1238500,0.9320
2014-01-28,-0.1247940,0.9724
2014-01-29,-0.1258157,1.0755
2014-01-30,-0.1269615,1.2281
2014-01-31,-0.1282637,1.3562
2014-02-01,-0.1296452,1.3983
2014-02-02,-0.1310519,1.4152
2014-02-03,-0.1324499,1.3549
2014-02-04,-0.1337375,1.2220
2014-02-05,-0.1348701,1.0178
2014-02-06,-0.1357755,0.8208
2014-02-07,-0.1365457,0.7256
2014-02-08,-0.1372273,0.6320
2014-02-09,-0.1378173,0.5611
2014-02-10,-0.1383820,0.5878
2014-02-11,-0.1390005,0.6372
2014-02-12,-0.1396690,0.7243
2014-02-13,-0.1404686,0.8698
2014-02-14,-0.1413991,0.9867
2014-02-15,-0.1424488,1.1240
2014-02-16,-0.1436459,1.2576
2014-02-17,-0.1449452,1.3346
2014-02-18,-0.1463082,1.3907
2014-02-19,-0.1477058,1.3842
2014-02-20,-0.1490579,1.3215
2014-02-21,-0.1503436,1.2431
2014-02-22,-0.1515416,1.1573
2014-02-23,-0.1526764,1.1260
2014-02-24,-0.1538181,1.1681
2014-02-25,-0.1550359,1.2802
2014-02-26,-0.1563919,1.4323
2014-02-27,-0.1579295,1.6712
2014-02-28,-0.1597342,1.9099
2014-03-01,-0.1616968,1.9910
2014-03-02,-0.1636895,1.9921
2014-03-03,-0.1656599,1.9301
2014-03-04,-0.1675222,1.7858
2014-03-05,-0.1692196,1.6059
2014-03-06,-0.1707389,1.4406
2014-03-07,-0.1721094,1.3010
2014-03-08,-0.1733443,1.1718
2014-03-09,-0.1744687,1.0899
2014-03-10,-0.1755480,1.0796
2014-03-11,-0.1766243,1.0585
2014-03-12,-0.1776736,1.0631
2014-03-13,-0.1787788,1.1526
2014-03-14,-0.1799770,1.2367
2014-03-15,-0.1812363,1.2731
2014-03-16,-0.1825130,1.2790
2014-03-17,-0.1837860,1.2599
2014-03-18,-0.1850303,1.2331
2014-03-19,-0.1862528,1.2080
2014-03-20,-0.1874414,1.1683
2014-03-21,-0.1885837,1.1115
2014-03-22,-0.1896806,1.1034
2014-03-23,-0.1908195,1.1824
2014-03-24,-0.1920456,1.2620
2014-03-25,-0.1933490,1.3583
2014-03-26,-0.1947880,1.5322
2014-03-27,-0.1964000,1.6660
2014-03-28,-0.1981001,1.7401
2014-03-29,-0.1998763,1.8026
2014-03-30,-0.2016788,1.7856
2014-03-31,-0.2034139,1.6679
2014-04-01,-0.2050030,1.5155
2014-04-02,-0.2064612,1.4120
2014-04-03,-0.2078270,1.3086
2014-04-04,-0.2090778,1.2033
2014-04-05,-0.2102667,1.1971
2014-04-06,-0.2114790,1.2118
2014-04-07,-0.2126790,1.1926
2014-04-08,-0.2138681,1.1849
2014-04-09,-0.2150684,1.2359
2014-04-10,-0.2163440,1.2993
2014-04-11,-0.2176690,1.3687
2014-04-12,-0.2190724,1.4110
2014-04-13,-0.2204899,1.4499
2014-04-14,-0.2219743,1.4952
2014-04-15,-0.2234264,1.3790
2014-04-16,-0.2247221,1.2322
2014-04-17,-0.2259292,1.2004
2014-04-18,-0.2271312,1.1933
2014-04-19,-0.2283242,1.2115
2014-04-20,-0.2295665,1.2667
2014-04-21,-0.2308673,1.3510
2014-04-22,-0.2322960,1.5177
2014-04-23,-0.2338981,1.6705
2014-04-24,-0.2356233,1.7824
2014-04-25,-0.2374777,1.9389
2014-04-26,-0.2394754,2.0184
2014-04-27,-0.2414582,1.9290
2014-04-28,-0.2433201,1.7996
2014-04-29,-0.2450388,1.6143
2014-04-30,-0.2465370,1.3941
2014-05-01,-0.2478433,1.2230
2014-05-02,-0.2490107,1.1350
2014-05-03,-0.2501332,1.1066
2014-05-04,-0.2512326,1.1045
2014-05-05,-0.2523575,1.1485
2014-05-06,-0.2535367,1.2138
2014-05-07,-0.2547854,1.2802
2014-05-08,-0.2561064,1.3747
2014-05-09,-0.2575214,1.4290
2014-05-10,-0.2589526,1.4477
2014-05-11,-0.2604045,1.4294
2014-05-12,-0.2617971,1.3681
2014-05-13,-0.2631211,1.2480
2014-05-14,-0.2642948,1.1330
2014-05-15,-0.2654046,1.0706
2014-05-16,-0.2664327,0.9983
2014-05-17,-0.2674294,1.0106
2014-05-18,-0.2684738,1.0827
2014-05-19,-0.2696121,1.2068
2014-05-20,-0.2708920,1.3449
2014-05-21,-0.2722925,1.4549
2014-05-22,-0.2737699,1.4692
2014-05-23,-0.2752180,1.4447
2014-05-24,-0.2766420,1.3684
2014-05-25,-0.2779204,1.1890
2014-05-26,-0.2790232,1.0191
2014-05-27,-0.2799550,0.8382
2014-05-28,-0.2807109,0.6912
2014-05-29,-0.2813415,0.5565
2014-05-30,-0.2818273,0.4319
2014-05-31,-0.2822320,0.3873
2014-06-01,-0.2826209,0.3996
2014-06-02,-0.2830388,0.4347
2014-06-03,-0.2834856,0.4557
2014-06-04,-0.2839761,0.5542
2014-06-05,-0.2845840,0.6226
2014-06-06,-0.2852180,0.6812
2014-06-07,-0.2859513,0.7544
2014-06-08,-0.2866921,0.7233
2014-06-09,-0.2873932,0.6780
2014-06-10,-0.2880675,0.6909
2014-06-11,-0.2887623,0.6655
2014-06-12,-0.2893958,0.6318
2014-06-13,-0.2900413,0.6442
2014-06-14,-0.2906944,0.6873
2014-06-15,-0.2914330,0.7819
2014-06-16,-0.2922606,0.8838
2014-06-17,-0.2932302,1.0746
2014-06-18,-0.2943704,1.1471
2014-06-19,-0.2955044,1.1595
2014-06-20,-0.2966786,1.1396
2014-06-21,-0.2977463,1.0078
2014-06-22,-0.2986769,0.8242
2014-06-23,-0.2994001,0.6568
2014-06-24,-0.2999901,0.4881
2014-06-25,-0.3003898,0.3600
2014-06-26,-0.3007127,0.2399
2014-06-27,-0.3008696,0.1200
2014-06-28,-0.3010117,0.1772
2014-06-29,-0.3012320,0.2585
2014-06-30,-0.3015187,0.3099
2014-07-01,-0.3018459,0.3434
2014-07-02,-0.3022180,0.4142
2014-07-03,-0.3026865,0.5215
2014-07-04,-0.3032358,0.5531
2014-07-05,-0.3037720,0.5225
2014-07-06,-0.3042743,0.4723
2014-07-07,-0.3047034,0.3825
2014-07-08,-0.3050498,0.3243
2014-07-09,-0.3053529,0.2690
2014-07-10,-0.3056174,0.3027
2014-07-11,-0.3059711,0.3749
2014-07-12,-0.3063702,0.4561
2014-07-13,-0.3069123,0.6245
2014-07-14,-0.3076262,0.8140
2014-07-15,-0.3085082,0.9071
2014-07-16,-0.3094163,0.9279
2014-07-17,-0.3103450,0.8916
2014-07-18,-0.3111697,0.7658
2014-07-19,-0.3118756,0.6369
2014-07-20,-0.3124224,0.4448
2014-07-21,-0.3127713,0.2710
2014-07-22,-0.3129852,0.1595
2014-07-23,-0.3130897,0.0461
2014-07-24,-0.3131074,0.0226
2014-07-25,-0.3131465,0.0337
2014-07-26,-0.3131767,0.0504
2014-07-27,-0.3132680,0.1292
2014-07-28,-0.3134264,0.1820
2014-07-29,-0.3136543,0.3018
2014-07-30,-0.3140280,0.4157
2014-07-31,-0.3144596,0.4513
2014-08-01,-0.3149147,0.4392
2014-08-02,-0.3153168,0.3635
2014-08-03,-0.3156480,0.3066
2014-08-04,-0.3159244,0.2329
2014-08-05,-0.3161113,0.1517
2014-08-06,-0.3162391,0.1043
2014-08-07,-0.3163210,0.0600
2014-08-08,-0.3164063,0.1572
2014-08-09,-0.3166580,0.3221
2014-08-10,-0.3170554,0.5016
2014-08-11,-0.3176567,0.6674
2014-08-12,-0.3183680,0.7664
2014-08-13,-0.3191870,0.8577
2014-08-14,-0.3200406,0.8206
2014-08-15,-0.3207990,0.6960
2014-08-16,-0.3214286,0.5593
2014-08-17,-0.3219281,0.4541
2014-08-18,-0.3223465,0.3781
2014-08-19,-0.3226636,0.2399
2014-08-20,-0.3228541,0.1850
2014-08-21,-0.3230495,0.1777
2014-08-22,-0.3232151,0.1873
2014-08-23,-0.3234376,0.2373
2014-08-24,-0.3236686,0.2238
2014-08-25,-0.3238992,0.2521
2014-08-26,-0.3241938,0.3434
2014-08-27,-0.3245904,0.4477
2014-08-28,-0.3250723,0.5011
2014-08-29,-0.3255697,0.4857
2014-08-30,-0.3260573,0.5110
2014-08-31,-0.3265866,0.5211
2014-09-01,-0.3270936,0.5136
2014-09-02,-0.3276187,0.5208
2014-09-03,-0.3281385,0.5379
2014-09-04,-0.3286925,0.5492
2014-09-05,-0.3292707,0.6621
2014-09-06,-0.3300446,0.8588
2014-09-07,-0.3309788,1.0271
2014-09-08,-0.3321068,1.2195
2014-09-09,-0.3333858,1.3160
2014-09-10,-0.3346911,1.2693
2014-09-11,-0.3358939,1.1311
2014-09-12,-0.3369338,0.9343
2014-09-13,-0.3377698,0.7595
2014-09-14,-0.3384770,0.6574
2014-09-15,-0.3390958,0.5890
2014-09-16,-0.3396704,0.5670
2014-09-17,-0.3402588,0.6321
2014-09-18,-0.3409302,0.6840
2014-09-19,-0.3416097,0.6846
2014-09-20,-0.3423108,0.7196
2014-09-21,-0.3430601,0.7883
2014-09-22,-0.3439051,0.9101
2014-09-23,-0.3448340,0.8931
2014-09-24,-0.3457021,0.9085
2014-09-25,-0.3466653,0.9667
2014-09-26,-0.3475740,0.8403
2014-09-27,-0.3483662,0.7749
2014-09-28,-0.3491320,0.7342
2014-09-29,-0.3498404,0.7109
2014-09-30,-0.3505599,0.7059
2014-10-01,-0.3512658,0.7416
2014-10-02,-0.3520544,0.8111
2014-10-03,-0.3529137,0.9578
2014-10-04,-0.3540035,1.2050
2014-10-05,-0.3552989,1.3780
2014-10-06,-0.3567413,1.4966
2014-10-07,-0.3582963,1.6279
2014-10-08,-0.3599479,1.6115
2014-10-09,-0.3614677,1.4403
2014-10-10,-0.3628252,1.2592
2014-10-11,-0.3640000,1.1200
2014-10-12,-0.3650925,1.0629
2014-10-13,-0.3661121,0.9648
2014-10-14,-0.3670286,0.8862
2014-10-15,-0.3679116,0.8890
2014-10-16,-0.3688248,0.9463
2014-10-17,-0.3697884,0.9562
2014-10-18,-0.3707585,1.0301
2014-10-19,-0.3718601,1.1384
2014-10-20,-0.3730225,1.2081
2014-10-21,-0.3742835,1.2993
2014-10-22,-0.3756224,1.3943
2014-10-23,-0.3770269,1.3537
2014-10-24,-0.3782970,1.2148
2014-10-25,-0.3794815,1.1510
2014-10-26,-0.3805888,1.0566
2014-10-27,-0.3816040,0.9899
2014-10-28,-0.3825892,0.9848
2014-10-29,-0.3835930,1.0379
2014-10-30,-0.3846721,1.1124
2014-10-31,-0.3858203,1.1945
2014-11-01,-0.3871030,1.4023
2014-11-02,-0.3886351,1.6406
2014-11-03,-0.3903277,1.7093
2014-11-04,-0.3920178,1.6703
2014-11-05,-0.3936560,1.5943
2014-11-06,-0.3951751,1.4244
2014-11-07,-0.3965180,1.2942
2014-11-08,-0.3977507,1.1255
2014-11-09,-0.3987604,0.9309
2014-11-10,-0.3996613,0.8826
2014-11-11,-0.4005263,0.8363
2014-11-12,-0.4013595,0.8669
2014-11-13,-0.4022739,0.9391
2014-11-14,-0.4032271,0.9797
2014-11-15,-0.4042344,1.0238
2014-11-16,-0.4052845,1.0974
2014-11-17,-0.4064431,1.2127
2014-11-18,-0.4076876,1.2611
2014-11-19,-0.4089511,1.2670
2014-11-20,-0.4101976,1.2008
2014-11-21,-0.4113468,1.1168
2014-11-22,-0.4124480,1.0833
2014-11-23,-0.4135088,1.0359
2014-11-24,-0.4145265,1.0085
2014-11-25,-0.4155291,0.9911
2014-11-26,-0.4165166,0.9975
2014-11-27,-0.4175513,1.0857
2014-11-28,-0.4187161,1.2582
2014-11-29,-0.4200603,1.4084
2014-11-30,-0.4215121,1.4963
2014-12-01,-0.4230253,1.5014
2014-12-02,-0.4244870,1.4228
2014-12-03,-0.4258790,1.3684
2014-12-04,-0.4272133,1.2825
2014-12-05,-0.4284339,1.1664
2014-12-06,-0.4295389,1.0288
2014-12-07,-0.4305074,0.9388
2014-12-08,-0.4314540,0.9612
2014-12-09,-0.4324409,1.0170
2014-12-10,-0.4334773,1.0407
2014-12-11,-0.4345364,1.1067
2014-12-12,-0.4357052,1.2162
2014-12-13,-0.4369381,1.2338
2014-12-14,-0.4381615,1.2176
2014-12-15,-0.4393863,1.2403
2014-12-16,-0.4406563,1.3054
2014-12-17,-0.4419688,1.2854
2014-12-18,-0.4432094,1.2123
2014-12-19,-0.4443930,1.1379
2014-12-20,-0.4454738,1.0293
2014-12-21,-0.4464559,0.9336
2014-12-22,-0.4473714,0.9290
2014-12-23,-0.4483446,1.0166
2014-12-24,-0.4494041,1.1027
2014-12-25,-0.4505794,1.2771
2014-12-26,-0.4519435,1.4070
2014-12-27,-0.4533706,1.4685
2014-12-28,-0.4548828,1.5369
2014-12-29,-0.4563856,1.4291
2014-12-30,-0.4577165,1.2479
2014-12-31,-0.4588917,1.0975
2015-01-01,-0.4599167,0.9625
2015-01-02,-0.4608302,0.8679
2015-01-03,-0.4616545,0.7792
2015-01-04,-0.4623764,0.6539
2015-01-05,-0.4629975,0.6344
2015-01-06,-0.4636584,0.6546
2015-01-07,-0.4643139,0.6964
2015-01-08,-0.4650890,0.8517
2015-01-09,-0.4660117,0.9903
2015-01-10,-0.4670609,1.1028
2015-01-11,-0.4681869,1.1240
2015-01-12,-0.4692912,1.0922
2015-01-13,-0.4703905,1.1180
2015-01-14,-0.4715311,1.1553
2015-01-15,-0.4726777,1.1223
2015-01-16,-0.4737830,1.1111
2015-01-17,-0.4748937,1.0812
2015-01-18,-0.4759444,1.0481
2015-01-19,-0.4770205,1.1067
2015-01-20,-0.4781581,1.1661
2015-01-21,-0.4793853,1.3234
2015-01-22,-0.4808142,1.5085
2015-01-23,-0.4823410,1.5096
2015-01-24,-0.4838588,1.5870
2015-01-25,-0.4854546,1.4833
2015-01-26,-0.4867840,1.2554
2015-01-27,-0.4880067,1.1514
2015-01-28,-0.4890626,0.9748
2015-01-29,-0.4899801,0.8695
2015-01-30,-0.4908230,0.8283
2015-01-31,-0.4916583,0.8520
2015-02-01,-0.4925272,0.8764
2015-02-02,-0.4934260,0.9453
2015-02-03,-0.4944307,1.0527
2015-02-04,-0.4955137,1.1070
2015-02-05,-0.4966490,1.1743
2015-02-06,-0.4978631,1.2442
2015-02-07,-0.4991436,1.3329
2015-02-08,-0.5005175,1.3875
2015-02-09,-0.5018809,1.3291
2015-02-10,-0.5031630,1.2325
2015-02-11,-0.5043586,1.1740
2015-02-12,-0.5055278,1.1660
2015-02-13,-0.5067017,1.1912
2015-02-14,-0.5078957,1.1728
2015-02-15,-0.5090549,1.1772
2015-02-16,-0.5102758,1.2587
2015-02-17,-0.5115883,1.3883
2015-02-18,-0.5130784,1.5960
2015-02-19,-0.5147561,1.7312
2015-02-20,-0.5165075,1.7664
2015-02-21,-0.5182666,1.7347
2015-02-22,-0.5199520,1.6281
2015-02-23,-0.5215099,1.4826
2015-02-24,-0.5228885,1.2509
2015-02-25,-0.5240220,1.0501
2015-02-26,-0.5250211,0.9463
2015-02-27,-0.5259277,0.8816
2015-02-28,-0.5268002,0.8646
2015-03-01,-0.5276693,0.8848
2015-03-02,-0.5285859,0.9533
2015-03-03,-0.5295700,1.0040
2015-03-04,-0.5306064,1.0923
2015-03-05,-0.5317397,1.1359
2015-03-06,-0.5328766,1.1748
2015-03-07,-0.5340977,1.2388
2015-03-08,-0.5353429,1.2690
2015-03-09,-0.5366558,1.3596
2015-03-10,-0.5380450,1.3988
2015-03-11,-0.5394402,1.3985
2015-03-12,-0.5408497,1.4214
2015-03-13,-0.5422684,1.4003
2015-03-14,-0.5436778,1.4615
2015-03-15,-0.5452073,1.5705
2015-03-16,-0.5468113,1.6571
2015-03-17,-0.5485449,1.8138
2015-03-18,-0.5504600,2.0339
2015-03-19,-0.5525818,2.1615
2015-03-20,-0.5547671,2.2416
2015-03-21,-0.5570514,2.2809
2015-03-22,-0.5592635,2.1240
2015-03-23,-0.5613029,1.9777
2015-03-24,-0.5632208,1.8370
2015-03-25,-0.5649826,1.7135
2015-03-26,-0.5666387,1.5626
2015-03-27,-0.5681125,1.4256
2015-03-28,-0.5695294,1.4071
2015-03-29,-0.5709237,1.3795
2015-03-30,-0.5722921,1.3630
2015-03-31,-0.5736649,1.3922
2015-04-01,-0.5750634,1.3823
2015-04-02,-0.5764171,1.3353
2015-04-03,-0.5777352,1.2918
2015-04-04,-0.5789928,1.2247
2015-04-05,-0.5802022,1.2106
2015-04-06,-0.5814261,1.2328
2015-04-07,-0.5826549,1.2164
2015-04-08,-0.5838712,1.2370
2015-04-09,-0.5851323,1.2679
2015-04-10,-0.5864044,1.2909
2015-04-11,-0.5877510,1.4245
2015-04-12,-0.5892630,1.5868
2015-04-13,-0.5909108,1.7076
2015-04-14,-0.5926746,1.8176
2015-04-15,-0.5945485,1.9352
2015-04-16,-0.5965396,2.0366
2015-04-17,-0.5985591,1.9503
2015-04-18,-0.6004308,1.8357
2015-04-19,-0.6022092,1.6572
2015-04-20,-0.6037213,1.4070
2015-04-21,-0.6050379,1.2009
2015-04-22,-0.6061459,1.0631
2015-04-23,-0.6071996,1.0319
2015-04-24,-0.6082139,1.0134
2015-04-25,-0.6092667,1.1158
2015-04-26,-0.6104453,1.2178
2015-04-27,-0.6116849,1.2678
2015-04-28,-0.6129902,1.3457
2015-04-29,-0.6143607,1.3768
2015-04-30,-0.6157415,1.4011
2015-05-01,-0.6171542,1.3994
2015-05-02,-0.6185112,1.3105
2015-05-03,-0.6197775,1.2286
2015-05-04,-0.6209697,1.1506
2015-05-05,-0.6220729,1.0551
2015-05-06,-0.6230920,0.9959
2015-05-07,-0.6240983,1.0376
2015-05-08,-0.6251695,1.0861
2015-05-09,-0.6262838,1.1745
2015-05-10,-0.6275410,1.3303
2015-05-11,-0.6289545,1.5164
2015-05-12,-0.6305802,1.7218
2015-05-13,-0.6323748,1.8574
2015-05-14,-0.6342644,1.9013
2015-05-15,-0.6361535,1.8736
2015-05-16,-0.6379997,1.8102
2015-05-17,-0.6397461,1.6632
2015-05-18,-0.6413176,1.4906
2015-05-19,-0.6427407,1.3582
2015-05-20,-0.6440508,1.2763
2015-05-21,-0.6452856,1.1713
2015-05-22,-0.6464092,1.1137
2015-05-23,-0.6475158,1.0646
2015-05-24,-0.6485374,1.0124
2015-05-25,-0.6495572,1.0102
2015-05-26,-0.6505676,1.0376
2015-05-27,-0.6516169,1.0184
2015-05-28,-0.6526091,1.0134
2015-05-29,-0.6536380,0.9914
2015-05-30,-0.6545684,0.8988
2015-05-31,-0.6554421,0.8257
2015-06-01,-0.6562130,0.7321
2015-06-02,-0.6569133,0.6596
2015-06-03,-0.6575488,0.6368
2015-06-04,-0.6581924,0.6304
2015-06-05,-0.6588244,0.6685
2015-06-06,-0.6595579,0.7920
2015-06-07,-0.6604117,0.9252
2015-06-08,-0.6614093,1.0614
2015-06-09,-0.6624918,1.0697
2015-06-10,-0.6635311,1.0253
2015-06-11,-0.6645469,0.9945
2015-06-12,-0.6654997,0.9027
2015-06-13,-0.6663246,0.7279
2015-06-14,-0.6669333,0.4865
2015-06-15,-0.6673534,0.4126
2015-06-16,-0.6677485,0.3088
2015-06-17,-0.6679675,0.1944
2015-06-18,-0.6681839,0.2198
2015-06-19,-0.6684274,0.3062
2015-06-20,-0.6688221,0.4700
2015-06-21,-0.6693410,0.5547
2015-06-22,-0.6699194,0.6031
2015-06-23,-0.6705649,0.7047
2015-06-24,-0.6713261,0.7984
2015-06-25,-0.6721359,0.8149
2015-06-26,-0.6729582,0.8384
2015-06-27,-0.6738090,0.8506
2015-06-28,-0.6746368,0.7948
2015-06-29,-0.6753836,0.6940
2015-06-30,-0.6760316,0.6136
2015-07-01,0.3233682,0.5962
2015-07-02,0.3227635,0.6164
2015-07-03,0.3221020,0.7368
2015-07-04,0.3212702,0.9163
2015-07-05,0.3202538,1.1425
2015-07-06,0.3190270,1.2434
2015-07-07,0.3177691,1.3380
2015-07-08,0.3163753,1.3597
2015-07-09,0.3150922,1.2541
2015-07-10,0.3138490,1.2030
2015-07-11,0.3127263,1.0315
2015-07-12,0.3117972,0.8262
2015-07-13,0.3110788,0.6061
2015-07-14,0.3105558,0.4735
2015-07-15,0.3101112,0.4026
2015-07-16,0.3097239,0.4119
2015-07-17,0.3092758,0.4561
2015-07-18,0.3088245,0.4618
2015-07-19,0.3083544,0.4609
2015-07-20,0.3078874,0.5059
2015-07-21,0.3073406,0.5570
2015-07-22,0.3067906,0.5566
2015-07-23,0.3062503,0.4877
2015-07-24,0.3057953,0.4786
2015-07-25,0.3052963,0.4597
2015-07-26,0.3048942,0.3857
2015-07-27,0.3044921,0.4101
2015-07-28,0.3040989,0.3598
2015-07-29,0.3037437,0.3961
2015-07-30,0.3032715,0.5381
2015-07-31,0.3026575,0.7099
2015-08-01,0.3018424,0.9094
2015-08-02,0.3008463,1.0860
2015-08-03,0.2996859,1.2162
2015-08-04,0.2984513,1.2341
2015-08-05,0.2972219,1.2394
2015-08-06,0.2960130,1.1232
2015-08-07,0.2950006,0.9315
2015-08-08,0.2941210,0.8266
2015-08-09,0.2933557,0.6967
2015-08-10,0.2927201,0.5892
2015-08-11,0.2921410,0.5906
2015-08-12,0.2915366,0.5988
2015-08-13,0.2909220,0.6713
2015-08-14,0.2901880,0.7619
2015-08-15,0.2894194,0.7889
2015-08-16,0.2886043,0.8337
2015-08-17,0.2877626,0.8469
2015-08-18,0.2869267,0.8117
2015-08-19,0.2861307,0.8022
2015-08-20,0.2853077,0.8366
2015-08-21,0.2844675,0.8411
2015-08-22,0.2836391,0.8048
2015-08-23,0.2828636,0.7512
2015-08-24,0.2821140,0.7656
2015-08-25,0.2813110,0.8443
2015-08-26,0.2804278,0.9159
2015-08-27,0.2794655,1.0287
2015-08-28,0.2783477,1.2096
2015-08-29,0.2770440,1.3973
2015-08-30,0.2755372,1.6326
2015-08-31,0.2738018,1.7990
2015-09-01,0.2719899,1.8133
2015-09-02,0.2701950,1.7681
2015-09-03,0.2684981,1.5896
2015-09-04,0.2670190,1.4015
2015-09-05,0.2656770,1.2676
2015-09-06,0.2644780,1.1510
2015-09-07,0.2633617,1.0743
2015-09-08,0.2623142,1.0432
2015-09-09,0.2612568,1.0675
2015-09-10,0.2601972,1.0379
2015-09-11,0.2591523,1.0944
2015-09-12,0.2579742,1.2536
2015-09-13,0.2566772,1.3166
2015-09-14,0.2553638,1.3111
2015-09-15,0.2540516,1.3158
2015-09-16,0.2527454,1.2809
2015-09-17,0.2515046,1.2016
2015-09-18,0.2503208,1.1865
2015-09-19,0.2491338,1.1647
2015-09-20,0.2479762,1.1884
2015-09-21,0.2467495,1.2345
2015-09-22,0.2455077,1.2790
2015-09-23,0.2441763,1.3693
2015-09-24,0.2427613,1.4832
2015-09-25,0.2411804,1.6855
2015-09-26,0.2393773,1.9268
2015-09-27,0.2373484,2.1032
2015-09-28,0.2352207,2.1301
2015-09-29,0.2331245,2.0479
2015-09-30,0.2311479,1.8965
2015-10-01,0.2293538,1.6780
2015-10-02,0.2278013,1.4312
2015-10-03,0.2264625,1.2710
2015-10-04,0.2252291,1.2014
2015-10-05,0.2240258,1.2333
2015-10-06,0.2227476,1.3097
2015-10-07,0.2214125,1.3678
2015-10-08,0.2200226,1.3940
2015-10-09,0.2186028,1.4853
2015-10-10,0.2170570,1.5617
2015-10-11,0.2154943,1.5934
2015-10-12,0.2138664,1.6367
2015-10-13,0.2122251,1.6676
2015-10-14,0.2105521,1.6357
2015-10-15,0.2090018,1.4595
2015-10-16,0.2076005,1.3811
2015-10-17,0.2061956,1.4348
2015-10-18,0.2047225,1.5139
2015-10-19,0.2031797,1.5574
2015-10-20,0.2016244,1.5508
2015-10-21,0.2000598,1.5989
2015-10-22,0.1983916,1.7518
2015-10-23,0.1965353,1.9672
2015-10-24,0.1944652,2.1585
2015-10-25,0.1922446,2.2710
2015-10-26,0.1899469,2.3123
2015-10-27,0.1876556,2.2467
2015-10-28,0.1854718,2.1262
2015-10-29,0.1834377,1.9022
2015-10-30,0.1816623,1.6936
2015-10-31,0.1800239,1.5646
2015-11-01,0.1785161,1.4864
2015-11-02,0.1770322,1.4650
2015-11-03,0.1755949,1.4172
2015-11-04,0.1741824,1.4155
2015-11-05,0.1727503,1.4548
2015-11-06,0.1712525,1.5552
2015-11-07,0.1696520,1.6192
2015-11-08,0.1680366,1.6155
2015-11-09,0.1664302,1.5840
2015-11-10,0.1648740,1.5362
2015-11-11,0.1633562,1.4933
2015-11-12,0.1618895,1.4442
2015-11-13,0.1604752,1.3730
2015-11-14,0.1591181,1.3782
2015-11-15,0.1577185,1.3844
2015-11-16,0.1563516,1.3838
2015-11-17,0.1549268,1.4555
2015-11-18,0.1534431,1.5197
2015-11-19,0.1518834,1.5960
2015-11-20,0.1502498,1.6762
2015-11-21,0.1485169,1.7987
2015-11-22,0.1466873,1.8165
2015-11-23,0.1448906,1.8142
2015-11-24,0.1430747,1.7646
2015-11-25,0.1413842,1.6468
2015-11-26,0.1397837,1.5214
2015-11-27,0.1383474,1.3781
2015-11-28,0.1369856,1.3605
2015-11-29,0.1355993,1.4243
2015-11-30,0.1341290,1.5122
2015-12-01,0.1325880,1.5607
2015-12-02,0.1309957,1.6448
2015-12-03,0.1293098,1.6948
2015-12-04,0.1276216,1.6985
2015-12-05,0.1259237,1.6696
2015-12-06,0.1242763,1.6590
2015-12-07,0.1225967,1.6754
2015-12-08,0.1209451,1.6329
2015-12-09,0.1193154,1.6369
2015-12-10,0.1176968,1.5643
2015-12-11,0.1162041,1.4397
2015-12-12,0.1147810,1.4241
2015-12-13,0.1133612,1.3925
2015-12-14,0.1119809,1.4062
2015-12-15,0.1105114,1.5320
2015-12-16,0.1089211,1.6453
2015-12-17,0.1072180,1.7670
2015-12-18,0.1053984,1.8548
2015-12-19,0.1035047,1.9538
2015-12-20,0.1015032,2.0156
2015-12-21,0.0995206,1.9362
2015-12-22,0.0976362,1.8405
2015-12-23,0.0958616,1.6786
2015-12-24,0.0943042,1.4410
2015-12-25,0.0929038,1.4308
2015-12-26,0.0914454,1.4123
2015-12-27,0.0900786,1.3956
2015-12-28,0.0885937,1.5602
2015-12-29,0.0869781,1.6649
2015-12-30,0.0852709,1.7485
2015-12-31,0.0834758,1.8480
2016-01-01,0.0815795,1.9337
2016-01-02,0.0796373,1.9325
2016-01-03,0.0777154,1.9284
2016-01-04,0.0757743,1.9428
2016-01-05,0.0738461,1.9084
2016-01-06,0.0719625,1.8590
2016-01-07,0.0701214,1.8296
2016-01-08,0.0683163,1.7612
2016-01-09,0.0665840,1.7378
2016-01-10,0.0648234,1.7663
2016-01-11,0.0630258,1.8716
2016-01-12,0.0610640,2.0255
2016-01-13,0.0590080,2.0797
2016-01-14,0.0568793,2.2096
2016-01-15,0.0546329,2.2072
2016-01-16,0.0524834,2.1494
2016-01-17,0.0503529,2.0351
2016-01-18,0.0484173,1.9083
2016-01-19,0.0465106,1.8584
2016-01-20,0.0447403,1.6892
2016-01-21,0.0431073,1.5949
2016-01-22,0.0415405,1.5308
2016-01-23,0.0400168,1.5536
2016-01-24,0.0384231,1.6071
2016-01-25,0.0368154,1.6221
2016-01-26,0.0351828,1.6252
2016-01-27,0.0335746,1.5993
2016-01-28,0.0319901,1.5557
2016-01-29,0.0304532,1.5421
2016-01-30,0.0289370,1.4352
2016-01-31,0.0275923,1.2998
2016-02-01,0.0262873,1.3147
2016-02-02,0.0249913,1.2444
2016-02-03,0.0237994,1.1714
2016-02-04,0.0226169,1.1933
2016-02-05,0.0214271,1.1722
2016-02-06,0.0201890,1.4015
2016-02-07,0.0186505,1.5515
2016-02-08,0.0171067,1.6394
2016-02-09,0.0153086,1.9167
2016-02-10,0.0133135,2.0734
2016-02-11,0.0112116,2.0807
2016-02-12,0.0091659,2.0467
2016-02-13,0.0071291,1.9799
2016-02-14,0.0052412,1.8076
2016-02-15,0.0035036,1.6662
2016-02-16,0.0019117,1.5162
2016-02-17,0.0004688,1.3733
2016-02-18,-0.0008558,1.2930
2016-02-19,-0.0021443,1.2941
2016-02-20,-0.0034666,1.3631
2016-02-21,-0.0048874,1.4827
2016-02-22,-0.0064308,1.5988
2016-02-23,-0.0080748,1.6843
2016-02-24,-0.0097922,1.7483
2016-02-25,-0.0115757,1.8251
2016-02-26,-0.0134193,1.8324
2016-02-27,-0.0152164,1.7672
2016-02-28,-0.0169658,1.7383
2016-02-29,-0.0186907,1.7024
2016-03-01,-0.0203653,1.6504
2016-03-02,-0.0220122,1.6605
2016-03-03,-0.0237020,1.7178
2016-03-04,-0.0254416,1.7566
2016-03-05,-0.0272359,1.8574
2016-03-06,-0.0291843,2.0418
2016-03-07,-0.0313091,2.1950
2016-03-08,-0.0335602,2.3061
2016-03-09,-0.0359172,2.4050
2016-03-10,-0.0383652,2.4889
2016-03-11,-0.0408624,2.4749
2016-03-12,-0.0432816,2.3607
2016-03-13,-0.0455797,2.2341
2016-03-14,-0.0477466,2.0979
2016-03-15,-0.0497693,1.9432
2016-03-16,-0.0516483,1.8343
2016-03-17,-0.0534664,1.8109
2016-03-18,-0.0552843,1.8301
2016-03-19,-0.0571428,1.8978
2016-03-20,-0.0590845,1.9792
2016-03-21,-0.0610988,2.0534
2016-03-22,-0.0631860,2.1119
2016-03-23,-0.0652933,2.0827
2016-03-24,-0.0673398,2.0187
2016-03-25,-0.0693540,2.0246
2016-03-26,-0.0713899,2.0333
2016-03-27,-0.0733993,1.9781
2016-03-28,-0.0753359,1.8922
2016-03-29,-0.0771843,1.8082
2016-03-30,-0.0789609,1.7502
2016-03-31,-0.0807003,1.7390
2016-04-01,-0.0824507,1.7632
2016-04-02,-0.0842461,1.8457
2016-04-03,-0.0861498,1.9514
2016-04-04,-0.0881531,2.0696
2016-04-05,-0.0902987,2.2170
2016-04-06,-0.0925765,2.3327
2016-04-07,-0.0949338,2.3575
2016-04-08,-0.0972744,2.3310
2016-04-09,-0.0995752,2.2428
2016-04-10,-0.1017219,2.0403
2016-04-11,-0.1036651,1.8659
2016-04-12,-0.1054736,1.7514
2016-04-13,-0.1071675,1.6359
2016-04-14,-0.1087543,1.5473
2016-04-15,-0.1102959,1.5603
2016-04-16,-0.1118952,1.6341
2016-04-17,-0.1135492,1.6630
2016-04-18,-0.1152155,1.6747
2016-04-19,-0.1169076,1.7133
2016-04-20,-0.1186310,1.7186
2016-04-21,-0.1203262,1.6680
2016-04-22,-0.1219708,1.6286
2016-04-23,-0.1235814,1.5832
2016-04-24,-0.1251158,1.4737
2016-04-25,-0.1265186,1.3337
2016-04-26,-0.1277979,1.2377
2016-04-27,-0.1290288,1.2462
2016-04-28,-0.1303167,1.3340
2016-04-29,-0.1317012,1.4350
2016-04-30,-0.1331931,1.5551
2016-05-01,-0.1348171,1.6921
2016-05-02,-0.1365862,1.8558
2016-05-03,-0.1385399,2.0532
2016-05-04,-0.1406699,2.1823
2016-05-05,-0.1428627,2.1858
2016-05-06,-0.1450098,2.0942
2016-05-07,-0.1470298,1.9386
2016-05-08,-0.1488783,1.7568
2016-05-09,-0.1505493,1.5925
2016-05-10,-0.1520726,1.4560
2016-05-11,-0.1534752,1.3612
2016-05-12,-0.1548314,1.3756
2016-05-13,-0.1562592,1.4883
2016-05-14,-0.1578095,1.6056
2016-05-15,-0.1594593,1.6897
2016-05-16,-0.1611781,1.7415
2016-05-17,-0.1629276,1.7494
2016-05-18,-0.1646540,1.6887
2016-05-19,-0.1662957,1.6002
2016-05-20,-0.1678640,1.5405
2016-05-21,-0.1693776,1.4835
2016-05-22,-0.1708417,1.4584
2016-05-23,-0.1723050,1.4649
2016-05-24,-0.1737600,1.4369
2016-05-25,-0.1751700,1.3824
2016-05-26,-0.1765358,1.3609
2016-05-27,-0.1779183,1.4190
2016-05-28,-0.1793894,1.5241
2016-05-29,-0.1809761,1.6582
2016-05-30,-0.1827016,1.7797
2016-05-31,-0.1845129,1.8334
2016-06-01,-0.1863564,1.8510
2016-06-02,-0.1881947,1.8081
2016-06-03,-0.1899367,1.6575
2016-06-04,-0.1914902,1.4485
2016-06-05,-0.1928440,1.2704
2016-06-06,-0.1940489,1.1461
2016-06-07,-0.1951500,1.0631
2016-06-08,-0.1961851,1.0099
2016-06-09,-0.1971713,0.9610
2016-06-10,-0.1981130,0.9298
2016-06-11,-0.1990420,0.9320
2016-06-12,-0.1999712,0.9167
2016-06-13,-0.2008601,0.8556
2016-06-14,-0.2016797,0.7865
2016-06-15,-0.2024261,0.6965
2016-06-16,-0.2030606,0.5704
2016-06-17,-0.2035810,0.4868
2016-06-18,-0.2040299,0.3905
2016-06-19,-0.2043590,0.2852
2016-06-20,-0.2046174,0.2311
2016-06-21,-0.2048343,0.2165
2016-06-22,-0.2050810,0.2939
2016-06-23,-0.2054319,0.4007
2016-06-24,-0.2058903,0.5313
2016-06-25,-0.2065126,0.7161
2016-06-26,-0.2073165,0.8829
2016-06-27,-0.2082620,1.0006
2016-06-28,-0.2093075,1.0876
2016-06-29,-0.2104145,1.1063
2016-06-30,-0.2114824,1.0118
2016-07-01,-0.2124356,0.9097
2016-07-02,-0.2133138,0.8436
2016-07-03,-0.2141035,0.7195
2016-07-04,-0.2147524,0.5941
2016-07-05,-0.2153143,0.5366
2016-07-06,-0.2158356,0.5092
2016-07-07,-0.2163479,0.5273
2016-07-08,-0.2169018,0.5803
2016-07-09,-0.2175095,0.6365
2016-07-10,-0.2181454,0.6046
2016-07-11,-0.2186913,0.4906
2016-07-12,-0.2191422,0.4233
2016-07-13,-0.2195406,0.3641
2016-07-14,-0.2198472,0.2354
2016-07-15,-0.2200059,0.0901
2016-07-16,-0.2200471,0.0038
2016-07-17,-0.2200325,-0.0254
2016-07-18,-0.2200059,-0.0256
2016-07-19,-0.2199975,0.0229
2016-07-20,-0.2200691,0.1235
2016-07-21,-0.2202501,0.2408
2016-07-22,-0.2205537,0.3671
2016-07-23,-0.2209708,0.4530
2016-07-24,-0.2214499,0.5094
2016-07-25,-0.2219951,0.5822
2016-07-26,-0.2226003,0.6131
2016-07-27,-0.2232010,0.5830
2016-07-28,-0.2237600,0.5341
2016-07-29,-0.2242661,0.4759
2016-07-30,-0.2247111,0.4155
2016-07-31,-0.2250985,0.3592
2016-08-01,-0.2254472,0.3562
2016-08-02,-0.2258411,0.4440
2016-08-03,-0.2263390,0.5431
2016-08-04,-0.2269191,0.6176
2016-08-05,-0.2275676,0.6722
2016-08-06,-0.2282547,0.7004
2016-08-07,-0.2289632,0.7129
2016-08-08,-0.2296730,0.7029
2016-08-09,-0.2303661,0.6841
2016-08-10,-0.2310283,0.6265
2016-08-11,-0.2316058,0.5289
2016-08-12,-0.2320822,0.4194
2016-08-13,-0.2324437,0.3071
2016-08-14,-0.2327144,0.2487
2016-08-15,-0.2329751,0.2921
2016-08-16,-0.2333231,0.4089
2016-08-17,-0.2337959,0.5346
2016-08-18,-0.2344103,0.7142
2016-08-19,-0.2352334,0.9212
2016-08-20,-0.2362291,1.0573
2016-08-21,-0.2373224,1.1167
2016-08-22,-0.2384439,1.1203
2016-08-23,-0.2395462,1.0736
2016-08-24,-0.2405738,0.9749
2016-08-25,-0.2414956,0.8751
2016-08-26,-0.2423264,0.7824
2016-08-27,-0.2430636,0.6994
2016-08-28,-0.2437289,0.6276
2016-08-29,-0.2443330,0.5984
2016-08-30,-0.2449597,0.6712
2016-08-31,-0.2456797,0.7567
2016-09-01,-0.2464611,0.8060
2016-09-02,-0.2472920,0.8562
2016-09-03,-0.2481766,0.9156
2016-09-04,-0.2491189,0.9623
2016-09-05,-0.2500864,0.9648
2016-09-06,-0.2510326,0.9195
2016-09-07,-0.2519190,0.8551
2016-09-08,-0.2527462,0.8011
2016-09-09,-0.2535109,0.7162
2016-09-10,-0.2541938,0.6770
2016-09-11,-0.2548922,0.7196
2016-09-12,-0.2556327,0.7611
2016-09-13,-0.2564073,0.7812
2016-09-14,-0.2572379,0.9296
2016-09-15,-0.2582958,1.1660
2016-09-16,-0.2595455,1.3294
2016-09-17,-0.2609369,1.4397
2016-09-18,-0.2624053,1.4913
2016-09-19,-0.2639019,1.4903
2016-09-20,-0.2653663,1.4305
2016-09-21,-0.2667412,1.3054
2016-09-22,-0.2679749,1.1736
2016-09-23,-0.2691085,1.1021
2016-09-24,-0.2701901,1.0637
2016-09-25,-0.2712571,1.0889
2016-09-26,-0.2723850,1.1652
2016-09-27,-0.2735775,1.2113
2016-09-28,-0.2748146,1.2782
2016-09-29,-0.2761502,1.3940
2016-09-30,-0.2775748,1.4263
2016-10-01,-0.2789791,1.3874
2016-10-02,-0.2803398,1.3191
2016-10-03,-0.2816038,1.2102
2016-10-04,-0.2827729,1.1393
2016-10-05,-0.2838894,1.0895
2016-10-06,-0.2849447,1.0180
2016-10-07,-0.2859339,0.9721
2016-10-08,-0.2869004,0.9608
2016-10-09,-0.2878725,1.0006
2016-10-10,-0.2889315,1.1302
2016-10-11,-0.2901510,1.3140
2016-10-12,-0.2915646,1.5129
2016-10-13,-0.2931808,1.7238
2016-10-14,-0.2950111,1.9315
2016-10-15,-0.2970207,2.0701
2016-10-16,-0.2991143,2.0978
2016-10-17,-0.3011743,1.9994
2016-10-18,-0.3030930,1.8407
2016-10-19,-0.3048574,1.6871
2016-10-20,-0.3064606,1.5137
2016-10-21,-0.3079075,1.4083
2016-10-22,-0.3093158,1.4187
2016-10-23,-0.3107455,1.4308
2016-10-24,-0.3121681,1.4151
2016-10-25,-0.3135924,1.4495
2016-10-26,-0.3150654,1.4788
2016-10-27,-0.3165353,1.4639
2016-10-28,-0.3180035,1.4800
2016-10-29,-0.3194982,1.5048
2016-10-30,-0.3209980,1.4841
2016-10-31,-0.3224484,1.4093
2016-11-01,-0.3238180,1.3387
2016-11-02,-0.3251318,1.2861
2016-11-03,-0.3263927,1.2408
2016-11-04,-0.3276250,1.2301
2016-11-05,-0.3288702,1.2714
2016-11-06,-0.3301963,1.3982
2016-11-07,-0.3316717,1.5403
2016-11-08,-0.3332698,1.6612
2016-11-09,-0.3350051,1.8149
2016-11-10,-0.3369012,1.9732
2016-11-11,-0.3389450,2.1121
2016-11-12,-0.3410974,2.1672
2016-11-13,-0.3432364,2.0935
2016-11-14,-0.3452590,1.9436
2016-11-15,-0.3470999,1.7226
2016-11-16,-0.3486935,1.4696
2016-11-17,-0.3500719,1.3149
2016-11-18,-0.3513579,1.2639
2016-11-19,-0.3526242,1.2865
2016-11-20,-0.3539436,1.3472
2016-11-21,-0.3553270,1.4331
2016-11-22,-0.3568065,1.5091
2016-11-23,-0.3583322,1.5463
2016-11-24,-0.3598979,1.5800
2016-11-25,-0.3614801,1.5773
2016-11-26,-0.3630352,1.5227
2016-11-27,-0.3645141,1.4340
2016-11-28,-0.3659039,1.3474
2016-11-29,-0.3672153,1.2800
2016-11-30,-0.3684730,1.2400
2016-12-01,-0.3697018,1.2194
2016-12-02,-0.3709165,1.2129
2016-12-03,-0.3721246,1.1973
2016-12-04,-0.3733343,1.2514
2016-12-05,-0.3746458,1.3609
2016-12-06,-0.3760479,1.4460
2016-12-07,-0.3775474,1.5599
2016-12-08,-0.3791717,1.6859
2016-12-09,-0.3809123,1.7911
2016-12-10,-0.3827288,1.8210
2016-12-11,-0.3845167,1.7382
2016-12-12,-0.3861868,1.6003
2016-12-13,-0.3877010,1.4133
2016-12-14,-0.3890224,1.2531
2016-12-15,-0.3902508,1.2237
2016-12-16,-0.3914912,1.2584
2016-12-17,-0.3927602,1.2710
2016-12-18,-0.3940241,1.2564
2016-12-19,-0.3952822,1.2693
2016-12-20,-0.3965624,1.2811
2016-12-21,-0.3978370,1.2707
2016-12-22,-0.3991024,1.2563
2016-12-23,-0.4003390,1.2102
2016-12-24,-0.4015098,1.1252
2016-12-25,-0.4025817,1.0173
2016-12-26,-0.4035526,0.9340
2016-12-27,-0.4044543,0.8644
2016-12-28,-0.4052850,0.8055
2016-12-29,-0.4060885,0.8162
2016-12-30,-0.4069180,0.8286
2016-12-31,-0.4077601,0.8842
2017-01-01,0.5912821,1.0342
2017-01-02,0.5901752,1.1730
2017-01-03,0.5889406,1.2984
2017-01-04,0.5875626,1.4712
2017-01-05,0.5860173,1.5867
2017-01-06,0.5844262,1.5912
2017-01-07,0.5828444,1.5671
2017-01-08,0.5813054,1.5026
2017-01-09,0.5798520,1.3997
2017-01-10,0.5785191,1.2576
2017-01-11,0.5773203,1.1649
2017-01-12,0.5761577,1.1670
2017-01-13,0.5749761,1.1996
2017-01-14,0.5737466,1.2678
2017-01-15,0.5724390,1.3406
2017-01-16,0.5710822,1.3631
2017-01-17,0.5697394,1.3059
2017-01-18,0.5684741,1.2376
2017-01-19,0.5672660,1.1638
2017-01-20,0.5661469,1.0887
2017-01-21,0.5650763,1.0504
2017-01-22,0.5640535,0.9897
2017-01-23,0.5631082,0.8949
2017-01-24,0.5622575,0.8185
2017-01-25,0.5614538,0.7941
2017-01-26,0.5606647,0.7834
2017-01-27,0.5598669,0.8328
2017-01-28,0.5589818,0.9339
2017-01-29,0.5579876,1.0695
2017-01-30,0.5568403,1.2124
2017-01-31,0.5555718,1.3281
2017-02-01,0.5541893,1.4280
2017-02-02,0.5527345,1.4717
2017-02-03,0.5512649,1.4582
2017-02-04,0.5498326,1.4011
2017-02-05,0.5484722,1.3153
2017-02-06,0.5471941,1.2531
2017-02-07,0.5459615,1.2044
2017-02-08,0.5447764,1.1826
2017-02-09,0.5435676,1.2471
2017-02-10,0.5422695,1.3496
2017-02-11,0.5408590,1.4802
2017-02-12,0.5393132,1.5985
2017-02-13,0.5376793,1.6650
2017-02-14,0.5360017,1.6762
2017-02-15,0.5343385,1.6528
2017-02-16,0.5327118,1.5825
2017-02-17,0.5311897,1.4636
2017-02-18,0.5298063,1.2798
2017-02-19,0.5286304,1.0953
2017-02-20,0.5275852,1.0022
2017-02-21,0.5266157,0.9399
2017-02-22,0.5256930,0.9146
2017-02-23,0.5247522,0.9920
2017-02-24,0.5237091,1.0692
2017-02-25,0.5226139,1.1462
2017-02-26,0.5214002,1.2728
2017-02-27,0.5200629,1.4157
2017-02-28,0.5185628,1.5766
2017-03-01,0.5169373,1.6548
2017-03-02,0.5152957,1.6055
2017-03-03,0.5137419,1.5093
2017-03-04,0.5122705,1.4327
2017-03-05,0.5108741,1.3632
2017-03-06,0.5095544,1.2630
2017-03-07,0.5083238,1.2359
2017-03-08,0.5070521,1.3004
2017-03-09,0.5057233,1.3639
2017-03-10,0.5043233,1.4305
2017-03-11,0.5028581,1.5096
2017-03-12,0.5013018,1.5956
2017-03-13,0.4996678,1.6788
2017-03-14,0.4979656,1.6976
2017-03-15,0.4963128,1.5957
2017-03-16,0.4947876,1.4534
2017-03-17,0.4933998,1.3295
2017-03-18,0.4921200,1.2314
2017-03-19,0.4909323,1.1473
2017-03-20,0.4898042,1.1269
2017-03-21,0.4886648,1.1477
2017-03-22,0.4874986,1.1990
2017-03-23,0.4862389,1.3340
2017-03-24,0.4848439,1.4290
2017-03-25,0.4833715,1.5521
2017-03-26,0.4817144,1.7511
2017-03-27,0.4798964,1.8688
2017-03-28,0.4779892,1.9491
2017-03-29,0.4760074,2.0017
2017-03-30,0.4740274,1.9295
2017-03-31,0.4721774,1.7703
2017-04-01,0.4704792,1.6340
2017-04-02,0.4689092,1.4981
2017-04-03,0.4674833,1.3611
2017-04-04,0.4661513,1.3312
2017-04-05,0.4648063,1.3451
2017-04-06,0.4634347,1.4383
2017-04-07,0.4619147,1.5765
2017-04-08,0.4603031,1.6506
2017-04-09,0.4586299,1.6757
2017-04-10,0.4569819,1.6103
2017-04-11,0.4554060,1.5548
2017-04-12,0.4538469,1.5756
2017-04-13,0.4522586,1.5850
2017-04-14,0.4506998,1.5258
2017-04-15,0.4492158,1.4402
2017-04-16,0.4477989,1.4162
2017-04-17,0.4463615,1.4578
2017-04-18,0.4448916,1.4744
2017-04-19,0.4434115,1.4945
2017-04-20,0.4419032,1.5127
2017-04-21,0.4403567,1.6191
2017-04-22,0.4386346,1.8166
2017-04-23,0.4367286,1.9986
2017-04-24,0.4346468,2.1522
2017-04-25,0.4324586,2.2027
2017-04-26,0.4302640,2.1856
2017-04-27,0.4281367,2.0208
2017-04-28,0.4262524,1.7660
2017-04-29,0.4245890,1.5581
2017-04-30,0.4231149,1.4140
2017-05-01,0.4217245,1.3795
2017-05-02,0.4203435,1.3822
2017-05-03,0.4189635,1.3746
2017-05-04,0.4175785,1.4144
2017-05-05,0.4161125,1.5209
2017-05-06,0.4145406,1.6157
2017-05-07,0.4129087,1.6279
2017-05-08,0.4113358,1.4873
2017-05-09,0.4099284,1.3639
2017-05-10,0.4085807,1.3223
2017-05-11,0.4072957,1.2448
2017-05-12,0.4060969,1.1498
2017-05-13,0.4049881,1.0787
2017-05-14,0.4039375,1.0135
2017-05-15,0.4029604,0.9505
2017-05-16,0.4019948,1.0125
2017-05-17,0.4009211,1.1175
2017-05-18,0.3997768,1.1714
2017-05-19,0.3985733,1.2404
2017-05-20,0.3972820,1.3513
2017-05-21,0.3958587,1.4980
2017-05-22,0.3942937,1.6214
2017-05-23,0.3926322,1.6959
2017-05-24,0.3909326,1.6781
2017-05-25,0.3893107,1.5560
2017-05-26,0.3878337,1.3944
2017-05-27,0.3865379,1.1847
2017-05-28,0.3854409,1.0452
2017-05-29,0.3843881,1.0840
2017-05-30,0.3832551,1.1764
2017-05-31,0.3820342,1.2723
2017-06-01,0.3807157,1.3527
2017-06-02,0.3793461,1.3813
2017-06-03,0.3779760,1.3411
2017-06-04,0.3766818,1.2471
2017-06-05,0.3754796,1.1596
2017-06-06,0.3743671,1.0584
2017-06-07,0.3733854,0.8893
2017-06-08,0.3725906,0.7139
2017-06-09,0.3719500,0.5612
2017-06-10,0.3714582,0.4383
2017-06-11,0.3710412,0.4119
2017-06-12,0.3706325,0.3910
2017-06-13,0.3702599,0.3679
2017-06-14,0.3698652,0.4392
2017-06-15,0.3693614,0.5707
2017-06-16,0.3687448,0.6393
2017-06-17,0.3680758,0.7290
2017-06-18,0.3672843,0.8264
2017-06-19,0.3664668,0.7926
2017-06-20,0.3656730,0.8373
2017-06-21,0.3648167,0.8085
2017-06-22,0.3641044,0.6345
2017-06-23,0.3635383,0.4885
2017-06-24,0.3631081,0.4002
2017-06-25,0.3627069,0.4047
2017-06-26,0.3622868,0.4448
2017-06-27,0.3618024,0.5295
2017-06-28,0.3612356,0.5909
2017-06-29,0.3606428,0.5858
2017-06-30,0.3600727,0.5548
2017-07-01,0.3595162,0.5749
2017-07-02,0.3589314,0.5694
2017-07-03,0.3584260,0.4182
2017-07-04,0.3580926,0.2744
2017-07-05,0.3578507,0.2102
2017-07-06,0.3576795,0.1241
2017-07-07,0.3575894,0.0773
2017-07-08,0.3575071,0.0839
2017-07-09,0.3574252,0.0798
2017-07-10,0.3573335,0.1175
2017-07-11,0.3571525,0.2681
2017-07-12,0.3567985,0.4152
2017-07-13,0.3563397,0.5096
2017-07-14,0.3557750,0.6168
2017-07-15,0.3551328,0.6438
2017-07-16,0.3545113,0.5989
2017-07-17,0.3539339,0.5572
2017-07-18,0.3533869,0.5455
2017-07-19,0.3528699,0.4526
2017-07-20,0.3524756,0.3778
2017-07-21,0.3520979,0.3522
2017-07-22,0.3517853,0.2842
2017-07-23,0.3515060,0.2868
2017-07-24,0.3511897,0.3553
2017-07-25,0.3507771,0.4788
2017-07-26,0.3502269,0.6178
2017-07-27,0.3495550,0.7163
2017-07-28,0.3488315,0.7031
2017-07-29,0.3481606,0.6545
2017-07-30,0.3475298,0.5839
2017-07-31,0.3470191,0.4343
2017-08-01,0.3466573,0.2963
2017-08-02,0.3464176,0.1849
2017-08-03,0.3462795,0.0973
2017-08-04,0.3462068,0.0582
2017-08-05,0.3461313,0.1145
2017-08-06,0.3459884,0.1390
2017-08-07,0.3458541,0.1610
2017-08-08,0.3456339,0.2806
2017-08-09,0.3452908,0.4065
2017-08-10,0.3448115,0.5606
2017-08-11,0.3441808,0.6810
2017-08-12,0.3434856,0.6930
2017-08-13,0.3428105,0.6580
2017-08-14,0.3421832,0.5824
2017-08-15,0.3416571,0.4728
2017-08-16,0.3412370,0.3650
2017-08-17,0.3409361,0.2304
2017-08-18,0.3407410,0.2016
2017-08-19,0.3405194,0.2134
2017-08-20,0.3403042,0.2552
2017-08-21,0.3399683,0.4193
2017-08-22,0.3394911,0.5070
2017-08-23,0.3389885,0.4920
2017-08-24,0.3384825,0.5507
2017-08-25,0.3379082,0.5462
2017-08-26,0.3374314,0.4177
2017-08-27,0.3370656,0.3109
2017-08-28,0.3368008,0.2305
2017-08-29,0.3365967,0.1737
2017-08-30,0.3364652,0.0814
2017-08-31,0.3364071,0.0694
2017-09-01,0.3363070,0.1155
2017-09-02,0.3361832,0.1403
2017-09-03,0.3360197,0.1852
2017-09-04,0.3357915,0.2940
2017-09-05,0.3354041,0.4857
2017-09-06,0.3348184,0.6825
2017-09-07,0.3340548,0.8322
2017-09-08,0.3331740,0.9218
2017-09-09,0.3322264,0.9659
2017-09-10,0.3312681,0.9325
2017-09-11,0.3303762,0.8549
2017-09-12,0.3295699,0.7427
2017-09-13,0.3288928,0.6245
2017-09-14,0.3282938,0.5875
2017-09-15,0.3277127,0.5658
2017-09-16,0.3271251,0.6553
2017-09-17,0.3263704,0.8399
2017-09-18,0.3254522,1.0036
2017-09-19,0.3243822,1.1101
2017-09-20,0.3232700,1.1026
2017-09-21,0.3221784,1.0909
2017-09-22,0.3211066,1.0238
2017-09-23,0.3201480,0.9049
2017-09-24,0.3192947,0.7923
2017-09-25,0.3185789,0.6334
2017-09-26,0.3180063,0.5395
2017-09-27,0.3174801,0.5050
2017-09-28,0.3169719,0.5435
2017-09-29,0.3163884,0.5960
2017-09-30,0.3157875,0.6258
2017-10-01,0.3151433,0.6362
2017-10-02,0.3145042,0.6794
2017-10-03,0.3137553,0.8101
2017-10-04,0.3128801,0.9524
2017-10-05,0.3118472,1.1048
2017-10-06,0.3107030,1.1599
2017-10-07,0.3095458,1.1597
2017-10-08,0.3084027,1.1021
2017-10-09,0.3073670,0.9681
2017-10-10,0.3064679,0.8297
2017-10-11,0.3056873,0.7521
2017-10-12,0.3049414,0.7414
2017-10-13,0.3041776,0.8116
2017-10-14,0.3033042,0.9239
2017-10-15,0.3023310,1.0325
2017-10-16,0.3012194,1.2006
2017-10-17,0.2999410,1.3352
2017-10-18,0.2985785,1.3813
2017-10-19,0.2971898,1.3933
2017-10-20,0.2958162,1.3325
2017-10-21,0.2945455,1.2096
2017-10-22,0.2933783,1.1427
2017-10-23,0.2922689,1.0494
2017-10-24,0.2912988,0.8984
2017-10-25,0.2904457,0.8268
2017-10-26,0.2896225,0.8232
2017-10-27,0.2887951,0.8322
2017-10-28,0.2879423,0.8887
2017-10-29,0.2869943,1.0153
2017-10-30,0.2859215,1.1125
2017-10-31,0.2847563,1.2486
2017-11-01,0.2834186,1.4016
2017-11-02,0.2819741,1.4915
2017-11-03,0.2804434,1.5582
2017-11-04,0.2788916,1.5234
2017-11-05,0.2774282,1.3939
2017-11-06,0.2761141,1.2335
2017-11-07,0.2749591,1.0795
2017-11-08,0.2739175,1.0384
2017-11-09,0.2728553,1.0782
2017-11-10,0.2717553,1.1354
2017-11-11,0.2705650,1.2512
2017-11-12,0.2692491,1.3783
2017-11-13,0.2678169,1.4799
2017-11-14,0.2663129,1.5106
2017-11-15,0.2648225,1.4608
2017-11-16,0.2634146,1.3412
2017-11-17,0.2621456,1.2053
2017-11-18,0.2609930,1.1026
2017-11-19,0.2599548,0.9568
2017-11-20,0.2590952,0.7637
2017-11-21,0.2584030,0.6439
2017-11-22,0.2577722,0.6296
2017-11-23,0.2571279,0.6630
2017-11-24,0.2564427,0.7068
2017-11-25,0.2557184,0.7382
2017-11-26,0.2549406,0.8465
2017-11-27,0.2539932,1.0513
2017-11-28,0.2528346,1.2661
2017-11-29,0.2514797,1.4247
2017-11-30,0.2500151,1.4936
2017-12-01,0.2485001,1.5396
2017-12-02,0.2469699,1.4837
2017-12-03,0.2455622,1.3393
2017-12-04,0.2442778,1.2353
2017-12-05,0.2430722,1.1893
2017-12-06,0.2418790,1.2038
2017-12-07,0.2406564,1.2428
2017-12-08,0.2393884,1.2968
2017-12-09,0.2380494,1.3910
2017-12-10,0.2366137,1.4634
2017-12-11,0.2351508,1.4511
2017-12-12,0.2337272,1.3917
2017-12-13,0.2323861,1.2761
2017-12-14,0.2311842,1.1329
2017-12-15,0.2301356,0.9439
2017-12-16,0.2292912,0.7706
2017-12-17,0.2285676,0.6777
2017-12-18,0.2279407,0.5700
2017-12-19,0.2274163,0.4962
2017-12-20,0.2269129,0.5287
2017-12-21,0.2263633,0.5481
2017-12-22,0.2258234,0.5475
2017-12-23,0.2252297,0.6625
2017-12-24,0.2244866,0.8127
2017-12-25,0.2236216,0.9111
2017-12-26,0.2226648,1.0085
2017-12-27,0.2216024,1.1126
2017-12-28,0.2204568,1.1652
2017-12-29,0.2193082,1.1091
2017-12-30,0.2182443,1.0359
2017-12-31,0.2172403,0.9510
2018-01-01,0.2163577,0.8199
2018-01-02,0.2155874,0.7280
2018-01-03,0.2148609,0.7584
2018-01-04,0.2140527,0.8423
2018-01-05,0.2131882,0.8904
2018-01-06,0.2122898,0.8847
2018-01-07,0.2114257,0.8583
2018-01-08,0.2105948,0.7672
2018-01-09,0.2099097,0.6207
2018-01-10,0.2093470,0.4932
2018-01-11,0.2089056,0.4189
2018-01-12,0.2085151,0.3269
2018-01-13,0.2082798,0.1508
2018-01-14,0.2081755,0.0885
2018-01-15,0.2080984,0.0392
2018-01-16,0.2080772,0.0495
2018-01-17,0.2079746,0.1341
2018-01-18,0.2078316,0.1510
2018-01-19,0.2076469,0.2449
2018-01-20,0.2073123,0.4272
2018-01-21,0.2067940,0.6051
2018-01-22,0.2061160,0.7414
2018-01-23,0.2053143,0.8683
2018-01-24,0.2043973,0.9413
2018-01-25,0.2034402,0.9886
2018-01-26,0.2024318,1.0007
2018-01-27,0.2014701,0.9189
2018-01-28,0.2005783,0.8841
2018-01-29,0.1996865,0.8954
2018-01-30,0.1987569,0.9984
2018-01-31,0.1976740,1.1486
2018-02-01,0.1964646,1.2842
2018-02-02,0.1950819,1.4908
2018-02-03,0.1934980,1.6524
2018-02-04,0.1918172,1.6936
2018-02-05,0.1901421,1.6407
2018-02-06,0.1885659,1.4975
2018-02-07,0.1871541,1.3335
2018-02-08,0.1858940,1.1843
2018-02-09,0.1848016,0.9868
2018-02-10,0.1839131,0.8112
2018-02-11,0.1831397,0.7541
2018-02-12,0.1823862,0.7529
2018-02-13,0.1816316,0.7585
2018-02-14,0.1808591,0.7945
2018-02-15,0.1800361,0.8501
2018-02-16,0.1791523,0.9255
2018-02-17,0.1781794,1.0181
2018-02-18,0.1771176,1.1060
2018-02-19,0.1759766,1.1661
2018-02-20,0.1748059,1.1648
2018-02-21,0.1736605,1.1231
2018-02-22,0.1725641,1.0681
2018-02-23,0.1715396,0.9673
2018-02-24,0.1706360,0.8469
2018-02-25,0.1698271,0.7827
2018-02-26,0.1690487,0.7843
2018-02-27,0.1682480,0.8175
2018-02-28,0.1674030,0.8827
2018-03-01,0.1664473,1.0538
2018-03-02,0.1652916,1.2363
2018-03-03,0.1640270,1.2619
2018-03-04,0.1627874,1.2287
2018-03-05,0.1615785,1.1688
2018-03-06,0.1604839,1.0066
2018-03-07,0.1595412,0.9165
2018-03-08,0.1586365,0.8694
2018-03-09,0.1578251,0.7542
2018-03-10,0.1571114,0.6890
2018-03-11,0.1564273,0.6831
2018-03-12,0.1557302,0.7223
2018-03-13,0.1549723,0.7926
2018-03-14,0.1541452,0.8622
2018-03-15,0.1532421,0.9491
2018-03-16,0.1522448,1.0424
2018-03-17,0.1511656,1.1107
2018-03-18,0.1500269,1.1684
2018-03-19,0.1488290,1.2253
2018-03-20,0.1475874,1.2488
2018-03-21,0.1463478,1.2232
2018-03-22,0.1451572,1.1492
2018-03-23,0.1440653,1.0276
2018-03-24,0.1431017,0.9071
2018-03-25,0.1422333,0.8401
2018-03-26,0.1413808,0.8952
2018-03-27,0.1404181,1.0249
2018-03-28,0.1393369,1.1371
2018-03-29,0.1381503,1.2300
2018-03-30,0.1368700,1.3436
2018-03-31,0.1354801,1.4063
2018-04-01,0.1340919,1.3653
2018-04-02,0.1327638,1.2812
2018-04-03,0.1315479,1.1420
2018-04-04,0.1304933,0.9624
2018-04-05,0.1296169,0.8015
2018-04-06,0.1288673,0.7095
2018-04-07,0.1281820,0.6652
2018-04-08,0.1275261,0.6534
2018-04-09,0.1268650,0.6721
2018-04-10,0.1261843,0.6835
2018-04-11,0.1254843,0.7358
2018-04-12,0.1246885,0.8606
2018-04-13,0.1237648,0.9805
2018-04-14,0.1227279,1.0994
2018-04-15,0.1215516,1.2616
2018-04-16,0.1202219,1.3721
2018-04-17,0.1188591,1.3276
2018-04-18,0.1176018,1.1779
2018-04-19,0.1164911,1.0648
2018-04-20,0.1154595,0.9898
2018-04-21,0.1145009,0.9467
2018-04-22,0.1135425,0.9745
2018-04-23,0.1125337,1.0569
2018-04-24,0.1113982,1.2308
2018-04-25,0.1100794,1.3827
2018-04-26,0.1086530,1.4739
2018-04-27,0.1071446,1.5261
2018-04-28,0.1056176,1.5280
2018-04-29,0.1041281,1.4112
2018-04-30,0.1028179,1.2261
2018-05-01,0.1016567,1.0987
2018-05-02,0.1006233,0.9628
2018-05-03,0.0997347,0.8159
2018-05-04,0.0989771,0.7122
2018-05-05,0.0982874,0.6773
2018-05-06,0.0976177,0.6567
2018-05-07,0.0969698,0.6486
2018-05-08,0.0962955,0.7155
2018-05-09,0.0955205,0.8375
2018-05-10,0.0946331,0.9218
2018-05-11,0.0936859,0.9790
2018-05-12,0.0926566,1.0917
2018-05-13,0.0915264,1.1329
2018-05-14,0.0904266,1.0669
2018-05-15,0.0894075,0.9562
2018-05-16,0.0885366,0.7784
2018-05-17,0.0878291,0.6654
2018-05-18,0.0871981,0.5756
2018-05-19,0.0866552,0.5538
2018-05-20,0.0860637,0.6125
2018-05-21,0.0854250,0.6870
2018-05-22,0.0846600,0.8507
2018-05-23,0.0837281,1.0009
2018-05-24,0.0826900,1.0558
2018-05-25,0.0816457,1.0230
2018-05-26,0.0806496,0.9733
2018-05-27,0.0797000,0.9210
2018-05-28,0.0788383,0.7768
2018-05-29,0.0781702,0.5614
2018-05-30,0.0776965,0.4032
2018-05-31,0.0773296,0.3477
2018-06-01,0.0769966,0.3058
2018-06-02,0.0767081,0.2936
2018-06-03,0.0763948,0.3253
2018-06-04,0.0760462,0.3909
2018-06-05,0.0756097,0.4663
2018-06-06,0.0751095,0.5541
2018-06-07,0.0744923,0.6697
2018-06-08,0.0737824,0.7486
2018-06-09,0.0729877,0.8497
2018-06-10,0.0721058,0.8826
2018-06-11,0.0712665,0.7837
2018-06-12,0.0705547,0.6358
2018-06-13,0.0699977,0.4794
2018-06-14,0.0695920,0.3346
2018-06-15,0.0693172,0.2236
2018-06-16,0.0691140,0.2051
2018-06-17,0.0688867,0.2476
2018-06-18,0.0686057,0.3293
2018-06-19,0.0682192,0.4375
2018-06-20,0.0677580,0.4638
2018-06-21,0.0673250,0.3899
2018-06-22,0.0670016,0.2459
2018-06-23,0.0668439,0.0697
2018-06-24,0.0668756,-0.1466
2018-06-25,0.0671262,-0.3301
2018-06-26,0.0675266,-0.4860
2018-06-27,0.0680923,-0.6244
2018-06-28,0.0687270,-0.6178
2018-06-29,0.0693284,-0.6127
2018-06-30,0.0699649,-0.6449
2018-07-01,0.0705973,-0.6142
2018-07-02,0.0711817,-0.5487
2018-07-03,0.0716793,-0.4369
2018-07-04,0.0720528,-0.3169
2018-07-05,0.0723000,-0.1575
2018-07-06,0.0723675,0.0028
2018-07-07,0.0723193,0.0884
2018-07-08,0.0721982,0.1516
2018-07-09,0.0720344,0.1600
2018-07-10,0.0718895,0.1345
2018-07-11,0.0717743,0.0822
2018-07-12,0.0717395,-0.0134
2018-07-13,0.0717787,-0.0416
2018-07-14,0.0717883,0.0336
2018-07-15,0.0716867,0.1832
2018-07-16,0.0714123,0.3618
2018-07-17,0.0709782,0.4953
2018-07-18,0.0704463,0.5550
2018-07-19,0.0699020,0.5134
2018-07-20,0.0694513,0.3764
2018-07-21,0.0691622,0.2006
2018-07-22,0.0690456,0.0385
2018-07-23,0.0690692,-0.0755
2018-07-24,0.0691781,-0.1338
2018-07-25,0.0693304,-0.1728
2018-07-26,0.0695103,-0.1715
2018-07-27,0.0696607,-0.1322
2018-07-28,0.0697827,-0.1168
2018-07-29,0.0698892,-0.0861
2018-07-30,0.0699453,-0.0266
2018-07-31,0.0699325,0.0628
2018-08-01,0.0698102,0.1809
2018-08-02,0.0695763,0.2824
2018-08-03,0.0692629,0.3316
2018-08-04,0.0689387,0.3041
2018-08-05,0.0686671,0.2396
2018-08-06,0.0684611,0.1703
2018-08-07,0.0683332,0.0807
2018-08-08,0.0682926,0.0123
2018-08-09,0.0682790,0.0326
2018-08-10,0.0681971,0.1438
2018-08-11,0.0679668,0.3289
2018-08-12,0.0675370,0.5211
2018-08-13,0.0669575,0.6148
2018-08-14,0.0663382,0.6162
2018-08-15,0.0657339,0.5913
2018-08-16,0.0651808,0.4908
2018-08-17,0.0647654,0.3508
2018-08-18,0.0644887,0.1822
2018-08-19,0.0643999,0.0170
2018-08-20,0.0644274,-0.0662
2018-08-21,0.0645280,-0.1366
2018-08-22,0.0646884,-0.1706
2018-08-23,0.0648517,-0.1523
2018-08-24,0.0650018,-0.1604
2018-08-25,0.0651619,-0.1367
2018-08-26,0.0652315,0.0180
2018-08-27,0.0651086,0.2244
2018-08-28,0.0648107,0.3466
2018-08-29,0.0644521,0.3588
2018-08-30,0.0640949,0.3658
2018-08-31,0.0637042,0.4217
2018-09-01,0.0632797,0.3930
2018-09-02,0.0629525,0.2613
2018-09-03,0.0627471,0.1596
2018-09-04,0.0626180,0.1037
2018-09-05,0.0625225,0.0996
2018-09-06,0.0623972,0.1605
2018-09-07,0.0621696,0.3170
2018-09-08,0.0617506,0.5114
2018-09-09,0.0611433,0.7164
2018-09-10,0.0603195,0.9164
2018-09-11,0.0593494,0.9998
2018-09-12,0.0583688,0.9364
2018-09-13,0.0575139,0.7611
2018-09-14,0.0568579,0.5520
2018-09-15,0.0564025,0.3650
2018-09-16,0.0561236,0.1910
2018-09-17,0.0559947,0.0945
2018-09-18,0.0559116,0.0670
2018-09-19,0.0558621,0.0353
2018-09-20,0.0558132,0.0870
2018-09-21,0.0556637,0.2119
2018-09-22,0.0553887,0.3389
2018-09-23,0.0549741,0.5015
2018-09-24,0.0543782,0.6867
2018-09-25,0.0536128,0.8355
2018-09-26,0.0527386,0.8902
2018-09-27,0.0518424,0.9148
2018-09-28,0.0509123,0.9294
2018-09-29,0.0500090,0.8677
2018-09-30,0.0491855,0.7804
2018-10-01,0.0484422,0.7113
2018-10-02,0.0477556,0.6641
2018-10-03,0.0470950,0.6737
2018-10-04,0.0463829,0.7590
2018-10-05,0.0455331,0.9760
2018-10-06,0.0444284,1.2006
2018-10-07,0.0431670,1.3199
2018-10-08,0.0417926,1.4272
2018-10-09,0.0403473,1.4302
2018-10-10,0.0389725,1.3121
2018-10-11,0.0377371,1.1518
2018-10-12,0.0366770,0.9670
2018-10-13,0.0358042,0.7788
2018-10-14,0.0351009,0.6460
2018-10-15,0.0345090,0.5226
2018-10-16,0.0340490,0.4192
2018-10-17,0.0336358,0.4201
2018-10-18,0.0331836,0.4965
2018-10-19,0.0326338,0.6000
2018-10-20,0.0319812,0.7107
2018-10-21,0.0311914,0.8842
2018-10-22,0.0302123,1.0590
2018-10-23,0.0290892,1.1863
2018-10-24,0.0278497,1.2836
2018-10-25,0.0265518,1.2917
2018-10-26,0.0252947,1.2147
2018-10-27,0.0241285,1.1194
2018-10-28,0.0230588,1.0153
2018-10-29,0.0220948,0.9204
2018-10-30,0.0212045,0.8661
2018-10-31,0.0203398,0.8803
2018-11-01,0.0194100,0.9962
2018-11-02,0.0183392,1.1368
2018-11-03,0.0171535,1.2260
2018-11-04,0.0159064,1.2576
2018-11-05,0.0146517,1.2488
2018-11-06,0.0134133,1.2263
2018-11-07,0.0122295,1.1127
2018-11-08,0.0111928,0.9846
2018-11-09,0.0102582,0.8630
2018-11-10,0.0094704,0.7308
2018-11-11,0.0087666,0.6886
2018-11-12,0.0080908,0.6535
2018-11-13,0.0074419,0.6715
2018-11-14,0.0067305,0.7413
2018-11-15,0.0059584,0.8139
2018-11-16,0.0050952,0.9091
2018-11-17,0.0041410,1.0018
2018-11-18,0.0030793,1.1314
2018-11-19,0.0018698,1.2863
2018-11-20,0.0005255,1.3849
2018-11-21,-0.0008739,1.4054
2018-11-22,-0.0022644,1.3632
2018-11-23,-0.0035859,1.2777
2018-11-24,-0.0048081,1.1571
2018-11-25,-0.0058923,1.0131
2018-11-26,-0.0068614,0.9504
2018-11-27,-0.0078195,0.9670
2018-11-28,-0.0088161,1.0459
2018-11-29,-0.0099250,1.1659
2018-11-30,-0.0111375,1.2545
2018-12-01,-0.0124228,1.3093
2018-12-02,-0.0137338,1.2972
2018-12-03,-0.0149921,1.2097
2018-12-04,-0.0161149,1.0073
2018-12-05,-0.0169955,0.7712
2018-12-06,-0.0176813,0.6072
2018-12-07,-0.0182366,0.5232
2018-12-08,-0.0187315,0.4504
2018-12-09,-0.0191338,0.3667
2018-12-10,-0.0194914,0.3624
2018-12-11,-0.0198816,0.4273
2018-12-12,-0.0203504,0.5056
2018-12-13,-0.0208876,0.5682
2018-12-14,-0.0214930,0.6494
2018-12-15,-0.0221946,0.7552
2018-12-16,-0.0230078,0.8743
2018-12-17,-0.0239410,0.9869
2018-12-18,-0.0249665,1.0542
2018-12-19,-0.0260051,0.9886
2018-12-20,-0.0269070,0.8128
2018-12-21,-0.0276346,0.6488
2018-12-22,-0.0282128,0.5094
2018-12-23,-0.0286787,0.4459
2018-12-24,-0.0291401,0.4890
2018-12-25,-0.0296689,0.5688
2018-12-26,-0.0302944,0.6989
2018-12-27,-0.0310765,0.8586
2018-12-28,-0.0320114,1.0177
2018-12-29,-0.0330854,1.0972
2018-12-30,-0.0341662,1.0578
2018-12-31,-0.0351948,0.9996
2019-01-01,-0.0361632,0.9347
2019-01-02,-0.0370452,0.8129
2019-01-03,-0.0377584,0.5994
2019-01-04,-0.0382710,0.4670
2019-01-05,-0.0387231,0.4266
2019-01-06,-0.0391107,0.3456
2019-01-07,-0.0394318,0.3170
2019-01-08,-0.0397606,0.3362
2019-01-09,-0.0401230,0.4118
2019-01-10,-0.0405821,0.4811
2019-01-11,-0.0410915,0.5694
2019-01-12,-0.0417339,0.6967
2019-01-13,-0.0424652,0.7647
2019-01-14,-0.0432663,0.8415
2019-01-15,-0.0441428,0.9019
2019-01-16,-0.0450467,0.8920
2019-01-17,-0.0459130,0.8405
2019-01-18,-0.0467252,0.7814
2019-01-19,-0.0474805,0.7365
2019-01-20,-0.0482177,0.7501
2019-01-21,-0.0490075,0.8440
2019-01-22,-0.0499191,0.9782
2019-01-23,-0.0509772,1.1524
2019-01-24,-0.0522303,1.3458
2019-01-25,-0.0536338,1.4341
2019-01-26,-0.0550685,1.4325
2019-01-27,-0.0564856,1.3915
2019-01-28,-0.0578081,1.2204
2019-01-29,-0.0589114,1.0041
2019-01-30,-0.0598320,0.8347
2019-01-31,-0.0605762,0.6515
2019-02-01,-0.0611564,0.5327
2019-02-02,-0.0616624,0.4764
2019-02-03,-0.0621277,0.4756
2019-02-04,-0.0626533,0.5941
2019-02-05,-0.0633185,0.7206
2019-02-06,-0.0640895,0.8320
2019-02-07,-0.0649842,0.9483
2019-02-08,-0.0659790,1.0432
2019-02-09,-0.0670674,1.1284
2019-02-10,-0.0682290,1.1932
2019-02-11,-0.0694334,1.1970
2019-02-12,-0.0706159,1.1797
2019-02-13,-0.0717940,1.1661
2019-02-14,-0.0729259,1.0861
2019-02-15,-0.0739665,1.0071
2019-02-16,-0.0749540,0.9697
2019-02-17,-0.0759185,0.9701
2019-02-18,-0.0769301,1.0781
2019-02-19,-0.0781015,1.2665
2019-02-20,-0.0794558,1.4328
2019-02-21,-0.0809446,1.5314
2019-02-22,-0.0824874,1.5362
2019-02-23,-0.0839918,1.4652
2019-02-24,-0.0853787,1.2769
2019-02-25,-0.0865327,1.0499
2019-02-26,-0.0874829,0.8360
2019-02-27,-0.0882119,0.6438
2019-02-28,-0.0887955,0.5265
2019-03-01,-0.0892758,0.4418
2019-03-02,-0.0897148,0.4642
2019-03-03,-0.0902098,0.5034
2019-03-04,-0.0907251,0.5530
2019-03-05,-0.0913344,0.6583
2019-03-06,-0.0920430,0.7676
2019-03-07,-0.0928782,0.9027
2019-03-08,-0.0938285,0.9781
2019-03-09,-0.0948222,1.0171
2019-03-10,-0.0958673,1.0701
2019-03-11,-0.0969416,1.0609
2019-03-12,-0.0979631,0.9739
2019-03-13,-0.0988823,0.8656
2019-03-14,-0.0997021,0.7805
2019-03-15,-0.1004690,0.7724
2019-03-16,-0.1012687,0.8296
2019-03-17,-0.1021385,0.9179
2019-03-18,-0.1031338,1.0943
2019-03-19,-0.1043416,1.3141
2019-03-20,-0.1057496,1.4967
2019-03-21,-0.1073241,1.6467
2019-03-22,-0.1090030,1.6769
2019-03-23,-0.1106334,1.5737
2019-03-24,-0.1121243,1.3922
2019-03-25,-0.1133992,1.1548
2019-03-26,-0.1144431,0.9450
2019-03-27,-0.1153175,0.8202
2019-03-28,-0.1160974,0.7371
2019-03-29,-0.1168102,0.7095
2019-03-30,-0.1175397,0.7517
2019-03-31,-0.1183242,0.8258
2019-04-01,-0.1191979,0.9198
2019-04-02,-0.1201648,1.0168
2019-04-03,-0.1212465,1.1587
2019-04-04,-0.1224726,1.2719
2019-04-05,-0.1237568,1.2847
2019-04-06,-0.1250404,1.2927
2019-04-07,-0.1263347,1.2781
2019-04-08,-0.1275788,1.2102
2019-04-09,-0.1287422,1.1035
2019-04-10,-0.1297738,0.9608
2019-04-11,-0.1306581,0.8011
2019-04-12,-0.1314155,0.7598
2019-04-13,-0.1322115,0.8200
2019-04-14,-0.1330617,0.8989
2019-04-15,-0.1340441,1.0822
2019-04-16,-0.1352327,1.2851
2019-04-17,-0.1365999,1.4447
2019-04-18,-0.1380752,1.4637
2019-04-19,-0.1394900,1.3708
2019-04-20,-0.1408027,1.2356
2019-04-21,-0.1419298,1.0063
2019-04-22,-0.1428101,0.7615
2019-04-23,-0.1434763,0.5873
2019-04-24,-0.1440169,0.5098
2019-04-25,-0.1445128,0.4831
2019-04-26,-0.1450041,0.5194
2019-04-27,-0.1455633,0.5909
2019-04-28,-0.1461748,0.6293
2019-04-29,-0.1468390,0.7192
2019-04-30,-0.1476321,0.8658
2019-05-01,-0.1485675,1.0032
2019-05-02,-0.1496123,1.0622
2019-05-03,-0.1506564,1.0147
2019-05-04,-0.1516315,0.9364
2019-05-05,-0.1525334,0.8705
2019-05-06,-0.1533663,0.7859
2019-05-07,-0.1540934,0.6660
2019-05-08,-0.1547113,0.5850
2019-05-09,-0.1552802,0.5542
2019-05-10,-0.1558271,0.5454
2019-05-11,-0.1563994,0.6219
2019-05-12,-0.1570941,0.7682
2019-05-13,-0.1579420,0.9332
2019-05-14,-0.1589712,1.1302
2019-05-15,-0.1601803,1.2607
2019-05-16,-0.1614572,1.2849
2019-05-17,-0.1627123,1.1958
2019-05-18,-0.1637952,0.9458
2019-05-19,-0.1646049,0.6989
2019-05-20,-0.1652061,0.4914
2019-05-21,-0.1655949,0.3055
2019-05-22,-0.1658535,0.2286
2019-05-23,-0.1660761,0.2235
2019-05-24,-0.1663131,0.2560
2019-05-25,-0.1665897,0.2931
2019-05-26,-0.1669079,0.3559
2019-05-27,-0.1673088,0.4407
2019-05-28,-0.1677762,0.4864
2019-05-29,-0.1682876,0.5502
2019-05-30,-0.1688717,0.5993
2019-05-31,-0.1694668,0.5904
2019-06-01,-0.1700507,0.5763
2019-06-02,-0.1705893,0.4720
2019-06-03,-0.1709735,0.3043
2019-06-04,-0.1712196,0.2019
2019-06-05,-0.1713926,0.1454
2019-06-06,-0.1715186,0.1135
2019-06-07,-0.1716405,0.1444
2019-06-08,-0.1718291,0.2404
2019-06-09,-0.1721388,0.3888
2019-06-10,-0.1726102,0.5477
2019-06-11,-0.1732135,0.6445
2019-06-12,-0.1738701,0.6541
2019-06-13,-0.1744949,0.5834
2019-06-14,-0.1750150,0.4471
2019-06-15,-0.1753616,0.2283
2019-06-16,-0.1754711,0.0081
2019-06-17,-0.1754081,-0.1211
2019-06-18,-0.1752440,-0.2048
2019-06-19,-0.1750116,-0.2490
2019-06-20,-0.1747685,-0.2258
2019-06-21,-0.1745736,-0.1619
2019-06-22,-0.1744381,-0.1177
2019-06-23,-0.1743521,-0.0318
2019-06-24,-0.1743707,0.0427
2019-06-25,-0.1744160,0.0527
2019-06-26,-0.1744791,0.0719
2019-06-27,-0.1745418,0.0372
2019-06-28,-0.1745529,0.0006
2019-06-29,-0.1745373,-0.0533
2019-06-30,-0.1744209,-0.1835
2019-07-01,-0.1741722,-0.3080
2019-07-02,-0.1738071,-0.4259
2019-07-03,-0.1733232,-0.5353
2019-07-04,-0.1727722,-0.5375
2019-07-05,-0.1722958,-0.3969
2019-07-06,-0.1720076,-0.1687
2019-07-07,-0.1719339,-0.0142
2019-07-08,-0.1719471,0.0438
2019-07-09,-0.1720110,0.0701
2019-07-10,-0.1720628,0.0229
2019-07-11,-0.1720240,-0.1226
2019-07-12,-0.1717933,-0.3410
2019-07-13,-0.1713410,-0.5624
2019-07-14,-0.1706722,-0.7728
2019-07-15,-0.1698133,-0.9297
2019-07-16,-0.1688584,-0.9498
2019-07-17,-0.1679368,-0.9004
2019-07-18,-0.1670647,-0.8296
2019-07-19,-0.1662905,-0.7200
2019-07-20,-0.1656386,-0.5687
2019-07-21,-0.1651336,-0.4757
2019-07-22,-0.1646551,-0.4788
2019-07-23,-0.1642060,-0.3917
2019-07-24,-0.1638710,-0.3066
2019-07-25,-0.1635554,-0.3336
2019-07-26,-0.1631943,-0.3892
2019-07-27,-0.1627890,-0.4089
2019-07-28,-0.1623658,-0.4608
2019-07-29,-0.1618466,-0.5752
2019-07-30,-0.1612414,-0.6118
2019-07-31,-0.1606543,-0.5546
2019-08-01,-0.1601594,-0.4157
2019-08-02,-0.1598491,-0.1980
2019-08-03,-0.1597661,0.0279
2019-08-04,-0.1598905,0.2108
2019-08-05,-0.1601557,0.2978
2019-08-06,-0.1604474,0.2686
2019-08-07,-0.1606591,0.1381
2019-08-08,-0.1606992,-0.0655
2019-08-09,-0.1605139,-0.3116
2019-08-10,-0.1600862,-0.5271
2019-08-11,-0.1594952,-0.6362
2019-08-12,-0.1588168,-0.7363
2019-08-13,-0.1580450,-0.7694
2019-08-14,-0.1573268,-0.6563
2019-08-15,-0.1567430,-0.5116
2019-08-16,-0.1562759,-0.4500
2019-08-17,-0.1558423,-0.3905
2019-08-18,-0.1555028,-0.3074
2019-08-19,-0.1552151,-0.2616
2019-08-20,-0.1549871,-0.1933
2019-08-21,-0.1548215,-0.1458
2019-08-22,-0.1546787,-0.1485
2019-08-23,-0.1545227,-0.1564
2019-08-24,-0.1543507,-0.2099
2019-08-25,-0.1540811,-0.3289
2019-08-26,-0.1537064,-0.4074
2019-08-27,-0.1533047,-0.3708
2019-08-28,-0.1529913,-0.2548
2019-08-29,-0.1528174,-0.0721
2019-08-30,-0.1528609,0.1519
2019-08-31,-0.1531259,0.3898
2019-09-01,-0.1536329,0.6047
2019-09-02,-0.1542651,0.6089
2019-09-03,-0.1548143,0.5038
2019-09-04,-0.1552635,0.3712
2019-09-05,-0.1555240,0.1404
2019-09-06,-0.1555421,-0.0969
2019-09-07,-0.1553677,-0.2215
2019-09-08,-0.1551056,-0.3266
2019-09-09,-0.1547169,-0.4245
2019-09-10,-0.1543014,-0.3881
2019-09-11,-0.1539390,-0.3569
2019-09-12,-0.1535956,-0.3016
2019-09-13,-0.1533692,-0.1462
2019-09-14,-0.1532988,-0.0041
2019-09-15,-0.1533251,0.0302
2019-09-16,-0.1533367,-0.0031
2019-09-17,-0.1533243,-0.0203
2019-09-18,-0.1532823,-0.0790
2019-09-19,-0.1531511,-0.1834
2019-09-20,-0.1529114,-0.3001
2019-09-21,-0.1525524,-0.4121
2019-09-22,-0.1521081,-0.4612
2019-09-23,-0.1516463,-0.4614
2019-09-24,-0.1512088,-0.3909
2019-09-25,-0.1509148,-0.1693
2019-09-26,-0.1509029,0.1503
2019-09-27,-0.1512152,0.4691
2019-09-28,-0.1518024,0.6718
2019-09-29,-0.1525061,0.7163
2019-09-30,-0.1531969,0.6463
2019-10-01,-0.1537424,0.4074
2019-10-02,-0.1539819,0.0791
2019-10-03,-0.1539302,-0.1603
2019-10-04,-0.1536867,-0.3234
2019-10-05,-0.1532989,-0.4400
2019-10-06,-0.1528341,-0.4743
2019-10-07,-0.1523745,-0.4361
2019-10-08,-0.1519718,-0.3681
2019-10-09,-0.1516461,-0.2768
2019-10-10,-0.1514326,-0.1423
2019-10-11,-0.1513740,0.0299
2019-10-12,-0.1514780,0.1590
2019-10-13,-0.1516730,0.2312
2019-10-14,-0.1519347,0.2863
2019-10-15,-0.1522400,0.3246
2019-10-16,-0.1525734,0.3313
2019-10-17,-0.1528842,0.2829
2019-10-18,-0.1531350,0.2218
2019-10-19,-0.1533206,0.1392
2019-10-20,-0.1534187,0.0727
2019-10-21,-0.1534904,0.0796
2019-10-22,-0.1535986,0.1487
2019-10-23,-0.1538178,0.3077
2019-10-24,-0.1542404,0.5460
2019-10-25,-0.1549155,0.8014
2019-10-26,-0.1558157,0.9742
2019-10-27,-0.1568124,0.9924
2019-10-28,-0.1577418,0.8345
2019-10-29,-0.1584521,0.5887
2019-10-30,-0.1589190,0.3423
2019-10-31,-0.1591500,0.1357
2019-11-01,-0.1592191,0.0153
2019-11-02,-0.1592033,-0.0369
2019-11-03,-0.1591771,0.0064
2019-11-04,-0.1592174,0.0537
2019-11-05,-0.1592844,0.1009
2019-11-06,-0.1594509,0.2432
2019-11-07,-0.1597762,0.4016
2019-11-08,-0.1602505,0.5492
2019-11-09,-0.1608641,0.6653
2019-11-10,-0.1615591,0.7153
2019-11-11,-0.1622667,0.6812
2019-11-12,-0.1629007,0.5848
2019-11-13,-0.1634352,0.4853
2019-11-14,-0.1638651,0.3673
2019-11-15,-0.1641749,0.2645
2019-11-16,-0.1643885,0.1449
2019-11-17,-0.1644699,0.0409
2019-11-18,-0.1645181,0.0802
2019-11-19,-0.1646584,0.2038
2019-11-20,-0.1649642,0.4428
2019-11-21,-0.1655534,0.7099
2019-11-22,-0.1663395,0.8434
2019-11-23,-0.1672110,0.8891
2019-11-24,-0.1680955,0.8680
2019-11-25,-0.1689013,0.7098
2019-11-26,-0.1694753,0.4322
2019-11-27,-0.1697867,0.2177
2019-11-28,-0.1699463,0.1101
2019-11-29,-0.1700196,0.0407
2019-11-30,-0.1700320,-0.0157
2019-12-01,-0.1700144,0.0064
2019-12-02,-0.1700672,0.0958
2019-12-03,-0.1702051,0.1824
2019-12-04,-0.1704239,0.2446
2019-12-05,-0.1706918,0.2993
2019-12-06,-0.1710269,0.3672
2019-12-07,-0.1714231,0.4259
2019-12-08,-0.1718637,0.4396
2019-12-09,-0.1722681,0.3508
2019-12-10,-0.1725355,0.1726
2019-12-11,-0.1726237,0.0256
2019-12-12,-0.1725987,-0.0853
2019-12-13,-0.1724603,-0.1748
2019-12-14,-0.1722749,-0.1871
2019-12-15,-0.1721025,-0.1502
2019-12-16,-0.1719983,-0.0419
2019-12-17,-0.1720340,0.1124
2019-12-18,-0.1722479,0.3410
2019-12-19,-0.1727185,0.5769
2019-12-20,-0.1733550,0.6726
2019-12-21,-0.1740384,0.6925
2019-12-22,-0.1747194,0.6506
2019-12-23,-0.1753123,0.5266
2019-12-24,-0.1757574,0.3569
2019-12-25,-0.1760245,0.1823
2019-12-26,-0.1761465,0.0811
2019-12-27,-0.1762087,0.0460
2019-12-28,-0.1762508,0.0479
2019-12-29,-0.1763259,0.1139
2019-12-30,-0.1764922,0.2205
2019-12-31,-0.1767688,0.3328
2020-01-01,-0.1771554,0.4379
2020-01-02,-0.1776274,0.4915
2020-01-03,-0.1781148,0.4743
2020-01-04,-0.1785885,0.4946
2020-01-05,-0.1790818,0.4482
2020-01-06,-0.1794276,0.2298
2020-01-07,-0.1795514,0.0414
2020-01-08,-0.1795302,-0.0877
2020-01-09,-0.1793750,-0.2198
2020-01-10,-0.1791174,-0.2715
2020-01-11,-0.1788786,-0.1832
2020-01-12,-0.1787902,0.0229
2020-01-13,-0.1789375,0.2682
2020-01-14,-0.1793277,0.5166
2020-01-15,-0.1799645,0.7463
2020-01-16,-0.1807929,0.8938
2020-01-17,-0.1817427,1.0133
2020-01-18,-0.1827849,1.0291
2020-01-19,-0.1837574,0.9143
2020-01-20,-0.1846024,0.7662
2020-01-21,-0.1852838,0.6000
2020-01-22,-0.1858012,0.4303
2020-01-23,-0.1861639,0.3190
2020-01-24,-0.1864690,0.2970
2020-01-25,-0.1867835,0.3518
2020-01-26,-0.1871917,0.4639
2020-01-27,-0.1877080,0.5663
2020-01-28,-0.1883268,0.6764
2020-01-29,-0.1890522,0.7608
2020-01-30,-0.1898134,0.7401
2020-01-31,-0.1905200,0.6822
2020-02-01,-0.1911703,0.6019
2020-02-02,-0.1917202,0.5108
2020-02-03,-0.1921865,0.4037
2020-02-04,-0.1925140,0.2560
2020-02-05,-0.1927151,0.1581
2020-02-06,-0.1928451,0.1048
2020-02-07,-0.1929304,0.0687
2020-02-08,-0.1930187,0.1413
2020-02-09,-0.1932681,0.3793
2020-02-10,-0.1937929,0.6643
2020-02-11,-0.1945811,0.9027
2020-02-12,-0.1955524,1.0036
2020-02-13,-0.1965396,0.9584
2020-02-14,-0.1974284,0.7907
2020-02-15,-0.1981127,0.5981
2020-02-16,-0.1986289,0.4183
2020-02-17,-0.1989401,0.2110
2020-02-18,-0.1990761,0.0793
2020-02-19,-0.1991257,0.0285
2020-02-20,-0.1991524,0.0355
2020-02-21,-0.1992371,0.1638
2020-02-22,-0.1995078,0.3755
2020-02-23,-0.1999742,0.5456
2020-02-24,-0.2005754,0.6448
2020-02-25,-0.2012489,0.6994
2020-02-26,-0.2019712,0.7451
2020-02-27,-0.2027359,0.7814
2020-02-28,-0.2035207,0.7779
2020-02-29,-0.2042796,0.7382
2020-03-01,-0.2049904,0.6785
2020-03-02,-0.2056255,0.5856
2020-03-03,-0.2061689,0.5145
2020-03-04,-0.2066659,0.4777
2020-03-05,-0.2071407,0.4900
2020-03-06,-0.2076825,0.6122
2020-03-07,-0.2083814,0.7834
2020-03-08,-0.2092576,0.9795
2020-03-09,-0.2103578,1.2277
2020-03-10,-0.2117147,1.4809
2020-03-11,-0.2132675,1.5780
2020-03-12,-0.2147950,1.4482
2020-03-13,-0.2161404,1.2478
2020-03-14,-0.2172820,1.0214
2020-03-15,-0.2181664,0.7445
2020-03-16,-0.2187942,0.5373
2020-03-17,-0.2192723,0.4239
2020-03-18,-0.2196470,0.3256
2020-03-19,-0.2199424,0.2840
2020-03-20,-0.2202417,0.3224
2020-03-21,-0.2205851,0.3544
2020-03-22,-0.2209490,0.3818
2020-03-23,-0.2213784,0.4981
2020-03-24,-0.2219310,0.5717
2020-03-25,-0.2224940,0.5620
2020-03-26,-0.2230530,0.5464
2020-03-27,-0.2235729,0.4890
2020-03-28,-0.2240333,0.4384
2020-03-29,-0.2244327,0.3368
2020-03-30,-0.2247096,0.2434
2020-03-31,-0.2249429,0.2202
2020-04-01,-0.2251639,0.2386
2020-04-02,-0.2254376,0.3095
2020-04-03,-0.2258149,0.4764
2020-04-04,-0.2264256,0.7488
2020-04-05,-0.2273265,1.0632
2020-04-06,-0.2285447,1.3557
2020-04-07,-0.2300093,1.5625
2020-04-08,-0.2316212,1.6239
2020-04-09,-0.2332043,1.5270
2020-04-10,-0.2346315,1.2989
2020-04-11,-0.2357756,0.9914
2020-04-12,-0.2366269,0.7216
2020-04-13,-0.2372315,0.4897
2020-04-14,-0.2376207,0.3008
2020-04-15,-0.2378557,0.1797
2020-04-16,-0.2380168,0.1688
2020-04-17,-0.2382326,0.2759
2020-04-18,-0.2385729,0.3958
2020-04-19,-0.2390137,0.4840
2020-04-20,-0.2395153,0.4953
2020-04-21,-0.2399946,0.4776
2020-04-22,-0.2404811,0.4918
2020-04-23,-0.2409606,0.4531
2020-04-24,-0.2413705,0.3640
2020-04-25,-0.2416796,0.2480
2020-04-26,-0.2418681,0.1366
2020-04-27,-0.2419768,0.0970
2020-04-28,-0.2420687,0.0772
2020-04-29,-0.2421354,0.0699
2020-04-30,-0.2422373,0.1488
2020-05-01,-0.2424662,0.3272
2020-05-02,-0.2429192,0.5880
2020-05-03,-0.2436439,0.8540
2020-05-04,-0.2445982,1.0331
2020-05-05,-0.2456736,1.1026
2020-05-06,-0.2467817,1.1070
2020-05-07,-0.2478452,0.9840
2020-05-08,-0.2486991,0.7091
2020-05-09,-0.2492900,0.5142
2020-05-10,-0.2497392,0.3546
2020-05-11,-0.2499950,0.1823
2020-05-12,-0.2501527,0.1565
2020-05-13,-0.2503303,0.1976
2020-05-14,-0.2505353,0.2009
2020-05-15,-0.2507515,0.2625
2020-05-16,-0.2510759,0.3710
2020-05-17,-0.2514862,0.4577
2020-05-18,-0.2520039,0.5824
2020-05-19,-0.2526091,0.5814
2020-05-20,-0.2531420,0.5062
2020-05-21,-0.2536200,0.4265
2020-05-22,-0.2539670,0.2627
2020-05-23,-0.2541436,0.0933
2020-05-24,-0.2541533,-0.0772
2020-05-25,-0.2540118,-0.1799
2020-05-26,-0.2538321,-0.1670
2020-05-27,-0.2536790,-0.1507
2020-05-28,-0.2535495,-0.0779
2020-05-29,-0.2535504,0.0765
2020-05-30,-0.2537140,0.2654
2020-05-31,-0.2540873,0.4725
2020-06-01,-0.2546335,0.6029
2020-06-02,-0.2552518,0.6093
2020-06-03,-0.2558002,0.4600
2020-06-04,-0.2561358,0.2025
2020-06-05,-0.2562081,-0.0465
2020-06-06,-0.2560530,-0.2649
2020-06-07,-0.2556889,-0.4516
2020-06-08,-0.2551855,-0.5311
2020-06-09,-0.2546259,-0.6130
2020-06-10,-0.2539811,-0.6301
2020-06-11,-0.2533761,-0.6159
2020-06-12,-0.2527310,-0.6566
2020-06-13,-0.2520982,-0.5913
2020-06-14,-0.2515642,-0.4785
2020-06-15,-0.2511335,-0.3887
2020-06-16,-0.2507493,-0.4113
2020-06-17,-0.2502801,-0.5263
2020-06-18,-0.2497090,-0.6045
2020-06-19,-0.2490317,-0.8010
2020-06-20,-0.2481022,-1.0119
2020-06-21,-0.2470448,-1.1122
2020-06-22,-0.2458865,-1.1864
2020-06-23,-0.2447016,-1.1718
2020-06-24,-0.2435726,-1.0683
2020-06-25,-0.2426000,-0.8600
2020-06-26,-0.2418664,-0.6103
2020-06-27,-0.2413618,-0.4135
2020-06-28,-0.2410246,-0.2611
2020-06-29,-0.2408104,-0.1963
2020-06-30,-0.2405680,-0.3236
2020-07-01,-0.2401335,-0.5401
2020-07-02,-0.2394847,-0.7660
2020-07-03,-0.2385999,-0.9966
2020-07-04,-0.2374993,-1.2036
2020-07-05,-0.2362178,-1.3351
2020-07-06,-0.2348785,-1.3183
2020-07-07,-0.2336011,-1.2416
2020-07-08,-0.2323948,-1.1662
2020-07-09,-0.2312661,-1.0985
2020-07-10,-0.2302077,-1.0012
2020-07-11,-0.2292418,-0.9696
2020-07-12,-0.2282373,-1.0317
2020-07-13,-0.2271922,-1.0525
2020-07-14,-0.2261196,-1.1115
2020-07-15,-0.2249647,-1.1839
2020-07-16,-0.2237563,-1.2429
2020-07-17,-0.2224735,-1.3183
2020-07-18,-0.2211221,-1.3865
2020-07-19,-0.2196966,-1.4665
2020-07-20,-0.2182229,-1.4453
2020-07-21,-0.2168569,-1.2715
2020-07-22,-0.2156934,-1.0572
2020-07-23,-0.2147397,-0.8515
2020-07-24,-0.2139895,-0.6487
2020-07-25,-0.2134277,-0.4898
2020-07-26,-0.2129642,-0.4680
2020-07-27,-0.2124511,-0.5681
2020-07-28,-0.2118250,-0.6772
2020-07-29,-0.2110863,-0.8176
2020-07-30,-0.2101852,-0.9717
2020-07-31,-0.2091731,-1.0353
2020-08-01,-0.2081241,-1.0706
2020-08-02,-0.2070517,-1.0467
2020-08-03,-0.2060679,-0.9113
2020-08-04,-0.2052187,-0.8073
2020-08-05,-0.2044629,-0.6746
2020-08-06,-0.2038807,-0.5082
2020-08-07,-0.2034204,-0.4201
2020-08-08,-0.2030407,-0.3315
2020-08-09,-0.2027274,-0.3330
2020-08-10,-0.2023368,-0.4481
2020-08-11,-0.2018318,-0.5613
2020-08-12,-0.2011971,-0.7257
2020-08-13,-0.2003908,-0.8588
2020-08-14,-0.1994927,-0.9523
2020-08-15,-0.1984615,-1.1200
2020-08-16,-0.1972792,-1.2084
2020-08-17,-0.1961068,-1.1106
2020-08-18,-0.1950958,-0.8994
2020-08-19,-0.1942946,-0.7283
2020-08-20,-0.1936647,-0.4806
2020-08-21,-0.1933494,-0.1848
2020-08-22,-0.1932377,-0.0614
2020-08-23,-0.1931778,-0.0846
2020-08-24,-0.1930310,-0.2202
2020-08-25,-0.1927039,-0.4563
2020-08-26,-0.1920949,-0.7628
2020-08-27,-0.1912021,-0.9977
2020-08-28,-0.1901225,-1.1635
2020-08-29,-0.1888915,-1.2802
2020-08-30,-0.1876013,-1.2792
2020-08-31,-0.1863822,-1.1309
2020-09-01,-0.1853422,-0.9746
2020-09-02,-0.1844207,-0.8552
2020-09-03,-0.1836441,-0.6990
2020-09-04,-0.1830079,-0.5873
2020-09-05,-0.1824377,-0.5709
2020-09-06,-0.1818637,-0.5616
2020-09-07,-0.1813038,-0.5845
2020-09-08,-0.1806747,-0.6673
2020-09-09,-0.1799600,-0.7775
2020-09-10,-0.1791442,-0.8140
2020-09-11,-0.1783491,-0.7992
2020-09-12,-0.1775331,-0.8225
2020-09-13,-0.1767424,-0.7308
2020-09-14,-0.1761111,-0.5201
2020-09-15,-0.1757107,-0.2838
2020-09-16,-0.1755555,-0.0115
2020-09-17,-0.1756758,0.2249
2020-09-18,-0.1759784,0.3805
2020-09-19,-0.1764030,0.4347
2020-09-20,-0.1767895,0.3139
2020-09-21,-0.1770063,0.1195
2020-09-22,-0.1770188,-0.1039
2020-09-23,-0.1768106,-0.2911
2020-09-24,-0.1764569,-0.4174
2020-09-25,-0.1760082,-0.4465
2020-09-26,-0.1755640,-0.4753
2020-09-27,-0.1750367,-0.5668
2020-09-28,-0.1744831,-0.5003
2020-09-29,-0.1740546,-0.3785
2020-09-30,-0.1737183,-0.2802
2020-10-01,-0.1734782,-0.2299
2020-10-02,-0.1732518,-0.1995
2020-10-03,-0.1730890,-0.1396
2020-10-04,-0.1729516,-0.1427
2020-10-05,-0.1727809,-0.2137
2020-10-06,-0.1725084,-0.3320
2020-10-07,-0.1721191,-0.4438
2020-10-08,-0.1716062,-0.5996
2020-10-09,-0.1709530,-0.6562
2020-10-10,-0.1703455,-0.5575
2020-10-11,-0.1698329,-0.4739
2020-10-12,-0.1694286,-0.2976
2020-10-13,-0.1692903,0.0365
2020-10-14,-0.1694855,0.3222
2020-10-15,-0.1699282,0.5885
2020-10-16,-0.1706366,0.7771
2020-10-17,-0.1714326,0.8163
2020-10-18,-0.1722094,0.6760
2020-10-19,-0.1727370,0.3927
2020-10-20,-0.1730140,0.1668
2020-10-21,-0.1730915,0.0036
2020-10-22,-0.1730757,0.0038
2020-10-23,-0.1731186,0.0624
2020-10-24,-0.1731930,0.0983
2020-10-25,-0.1733207,0.1506
2020-10-26,-0.1734985,0.2156
2020-10-27,-0.1737620,0.3108
2020-10-28,-0.1741066,0.3654
2020-10-29,-0.1744639,0.3333
2020-10-30,-0.1747709,0.2943
2020-10-31,-0.1750625,0.2853
2020-11-01,-0.1753242,0.2244
2020-11-02,-0.1754919,0.1055
2020-11-03,-0.1755382,-0.0043
2020-11-04,-0.1754841,-0.1118
2020-11-05,-0.1753093,-0.2352
2020-11-06,-0.1750298,-0.3103
2020-11-07,-0.1747231,-0.2821
2020-11-08,-0.1745166,-0.1008
2020-11-09,-0.1745658,0.2133
2020-11-10,-0.1749252,0.4732
2020-11-11,-0.1754913,0.6702
2020-11-12,-0.1762615,0.8548
2020-11-13,-0.1771474,0.8788
2020-11-14,-0.1779726,0.7633
2020-11-15,-0.1786358,0.5331
2020-11-16,-0.1790143,0.2295
2020-11-17,-0.1791188,-0.0021
2020-11-18,-0.1790201,-0.2038
2020-11-19,-0.1787447,-0.3049
2020-11-20,-0.1784505,-0.2854
2020-11-21,-0.1781942,-0.2052
2020-11-22,-0.1780743,-0.0226
2020-11-23,-0.1781469,0.1537
2020-11-24,-0.1783547,0.2490
2020-11-25,-0.1786407,0.3317
2020-11-26,-0.1789629,0.2489
2020-11-27,-0.1791349,0.1552
2020-11-28,-0.1792864,0.1007
2020-11-29,-0.1793053,-0.0467
2020-11-30,-0.1792119,-0.1375
2020-12-01,-0.1790244,-0.2461
2020-12-02,-0.1787170,-0.3629
2020-12-03,-0.1783210,-0.4126
2020-12-04,-0.1779234,-0.3674
2020-12-05,-0.1776276,-0.1981
2020-12-06,-0.1775402,0.0100
2020-12-07,-0.1776460,0.2131
2020-12-08,-0.1779740,0.4390
2020-12-09,-0.1784944,0.5761
2020-12-10,-0.1791038,0.6459
2020-12-11,-0.1797353,0.5628
2020-12-12,-0.1801801,0.3318
2020-12-13,-0.1803991,0.1015
2020-12-14,-0.1803768,-0.1477
2020-12-15,-0.1801173,-0.3561
2020-12-16,-0.1796837,-0.5073
2020-12-17,-0.1791649,-0.4720
2020-12-18,-0.1787687,-0.3496
2020-12-19,-0.1784625,-0.2367
2020-12-20,-0.1783116,-0.0748
2020-12-21,-0.1782977,0.0416
2020-12-22,-0.1783938,0.1550
2020-12-23,-0.1785629,0.1341
2020-12-24,-0.1786356,0.0342
2020-12-25,-0.1786349,-0.0547
2020-12-26,-0.1785028,-0.2136
2020-12-27,-0.1782078,-0.3720
2020-12-28,-0.1777715,-0.4923
2020-12-29,-0.1772387,-0.5661
2020-12-30,-0.1766424,-0.6306
2020-12-31,-0.1759902,-0.6569
2021-01-01,-0.1753606,-0.5872
2021-01-02,-0.1748408,-0.4424
2021-01-03,-0.1744883,-0.2600
2021-01-04,-0.1743298,-0.0505
2021-01-05,-0.1743807,0.1391
2021-01-06,-0.1745789,0.2414
2021-01-07,-0.1748375,0.2657
2021-01-08,-0.1750651,0.1544
2021-01-09,-0.1751023,-0.0889
2021-01-10,-0.1748876,-0.3313
2021-01-11,-0.1744740,-0.4708
2021-01-12,-0.1739718,-0.5330
2021-01-13,-0.1734203,-0.5582
2021-01-14,-0.1728944,-0.4663
2021-01-15,-0.1724715,-0.4228
2021-01-16,-0.1720571,-0.3544
2021-01-17,-0.1717852,-0.2187
2021-01-18,-0.1715870,-0.1813
2021-01-19,-0.1714154,-0.1654
2021-01-20,-0.1712499,-0.1682
2021-01-21,-0.1710607,-0.2257
2021-01-22,-0.1707998,-0.2792
2021-01-23,-0.1704878,-0.3762
2021-01-24,-0.1700259,-0.5378
2021-01-25,-0.1694244,-0.6628
2021-01-26,-0.1687147,-0.7444
2021-01-27,-0.1679717,-0.7175
2021-01-28,-0.1673316,-0.5348
2021-01-29,-0.1669136,-0.3176
2021-01-30,-0.1666923,-0.1126
2021-01-31,-0.1667111,0.1606
2021-02-01,-0.1670144,0.4366
2021-02-02,-0.1675564,0.6290
2021-02-03,-0.1682175,0.6567
2021-02-04,-0.1688232,0.5445
2021-02-05,-0.1692847,0.3667
2021-02-06,-0.1695447,0.1530
2021-02-07,-0.1695977,-0.0399
2021-02-08,-0.1694906,-0.1559
2021-02-09,-0.1693336,-0.1288
2021-02-10,-0.1692534,-0.0405
2021-02-11,-0.1692598,0.0693
2021-02-12,-0.1694129,0.2417
2021-02-13,-0.1697391,0.4019
2021-02-14,-0.1701992,0.5097
2021-02-15,-0.1707272,0.5236
2021-02-16,-0.1712255,0.4746
2021-02-17,-0.1716618,0.3816
2021-02-18,-0.1719484,0.1676
2021-02-19,-0.1720054,-0.0213
2021-02-20,-0.1719070,-0.2068
2021-02-21,-0.1715738,-0.4463
2021-02-22,-0.1710543,-0.5660
2021-02-23,-0.1704603,-0.6302
2021-02-24,-0.1698306,-0.5842
2021-02-25,-0.1693395,-0.3955
2021-02-26,-0.1690595,-0.1473
2021-02-27,-0.1690533,0.1259
2021-02-28,-0.1693069,0.3859
2021-03-01,-0.1698038,0.5821
2021-03-02,-0.1704164,0.6141
2021-03-03,-0.1710185,0.6056
2021-03-04,-0.1715856,0.4710
2021-03-05,-0.1719085,0.1804
2021-03-06,-0.1719688,-0.0430
2021-03-07,-0.1718500,-0.1840
2021-03-08,-0.1716151,-0.2820
2021-03-09,-0.1713208,-0.2756
2021-03-10,-0.1711047,-0.1468
2021-03-11,-0.1710279,-0.0158
2021-03-12,-0.1710769,0.1268
2021-03-13,-0.1712857,0.2821
2021-03-14,-0.1716108,0.3464
2021-03-15,-0.1719493,0.3232
2021-03-16,-0.1722327,0.2265
2021-03-17,-0.1723871,0.0841
2021-03-18,-0.1724047,-0.0468
2021-03-19,-0.1722889,-0.1916
2021-03-20,-0.1720295,-0.3125
2021-03-21,-0.1716901,-0.3549
2021-03-22,-0.1713329,-0.3578
2021-03-23,-0.1709787,-0.3480
2021-03-24,-0.1706717,-0.2338
2021-03-25,-0.1705336,-0.0520
2021-03-26,-0.1705906,0.1984
2021-03-27,-0.1709346,0.4615
2021-03-28,-0.1714975,0.6763
2021-03-29,-0.1722581,0.8039
2021-03-30,-0.1730454,0.7517
2021-03-31,-0.1737276,0.5978
2021-04-01,-0.1742206,0.3826
2021-04-02,-0.1744958,0.1764
2021-04-03,-0.1745772,-0.0184
2021-04-04,-0.1744947,-0.1063
2021-04-05,-0.1744238,-0.0168
2021-04-06,-0.1744684,0.0944
2021-04-07,-0.1746088,0.1940
2021-04-08,-0.1748729,0.3429
2021-04-09,-0.1752809,0.4506
2021-04-10,-0.1757602,0.5167
2021-04-11,-0.1763028,0.5482
2021-04-12,-0.1768210,0.4729
2021-04-13,-0.1772510,0.4047
2021-04-14,-0.1776221,0.3117
2021-04-15,-0.1778606,0.1775
2021-04-16,-0.1779905,0.0837
2021-04-17,-0.1780302,-0.0033
2021-04-18,-0.1779901,-0.0715
2021-04-19,-0.1779059,-0.0835
2021-04-20,-0.1778521,-0.0085
2021-04-21,-0.1779066,0.1195
2021-04-22,-0.1781108,0.3066
2021-04-23,-0.1785334,0.5346
2021-04-24,-0.1791694,0.7308
2021-04-25,-0.1799802,0.8825
2021-04-26,-0.1809192,0.9887
2021-04-27,-0.1819033,0.9319
2021-04-28,-0.1827157,0.6731
2021-04-29,-0.1832166,0.3156
2021-04-30,-0.1833706,0.0293
2021-05-01,-0.1833154,-0.1363
2021-05-02,-0.1831090,-0.2688
2021-05-03,-0.1828035,-0.3244
2021-05-04,-0.1825155,-0.2143
2021-05-05,-0.1823930,-0.0500
2021-05-06,-0.1824015,0.0722
2021-05-07,-0.1825528,0.2406
2021-05-08,-0.1828400,0.2810
2021-05-09,-0.1830715,0.1917
2021-05-10,-0.1832338,0.1337
2021-05-11,-0.1833566,0.1290
2021-05-12,-0.1834439,-0.0193
2021-05-13,-0.1833052,-0.2062
2021-05-14,-0.1830862,-0.2292
2021-05-15,-0.1828412,-0.2690
2021-05-16,-0.1825517,-0.2982
2021-05-17,-0.1822619,-0.2761
2021-05-18,-0.1820350,-0.1476
2021-05-19,-0.1819779,0.0144
2021-05-20,-0.1820965,0.2747
2021-05-21,-0.1825095,0.4818
2021-05-22,-0.1830317,0.6038
2021-05-23,-0.1837196,0.7335
2021-05-24,-0.1844372,0.6787
2021-05-25,-0.1850360,0.5007
2021-05-26,-0.1854191,0.2641
2021-05-27,-0.1855527,-0.0069
2021-05-28,-0.1854098,-0.2642
2021-05-29,-0.1850555,-0.4279
2021-05-30,-0.1845965,-0.4642
2021-05-31,-0.1841715,-0.3672
2021-06-01,-0.1838779,-0.2229
2021-06-02,-0.1837186,-0.0999
2021-06-03,-0.1836725,0.0064
2021-06-04,-0.1837134,0.0585
2021-06-05,-0.1837491,-0.0108
2021-06-06,-0.1836759,-0.1278
2021-06-07,-0.1834833,-0.2754
2021-06-08,-0.1831184,-0.4429
2021-06-09,-0.1825979,-0.6090
2021-06-10,-0.1819091,-0.7489
2021-06-11,-0.1811045,-0.8756
2021-06-12,-0.1801830,-0.9268
2021-06-13,-0.1792700,-0.9205
2021-06-14,-0.1783568,-0.8698
2021-06-15,-0.1775755,-0.6839
2021-06-16,-0.1769789,-0.5285
2021-06-17,-0.1765265,-0.3491
2021-06-18,-0.1762902,-0.1410
2021-06-19,-0.1762203,-0.0054
2021-06-20,-0.1762492,0.0396
2021-06-21,-0.1762222,-0.1475
2021-06-22,-0.1759403,-0.3765
2021-06-23,-0.1754675,-0.6107
2021-06-24,-0.1746773,-0.9697
2021-06-25,-0.1735840,-1.1609
2021-06-26,-0.1723977,-1.2257
2021-06-27,-0.1711515,-1.2340
2021-06-28,-0.1699781,-1.0971
2021-06-29,-0.1689857,-0.8750
2021-06-30,-0.1681915,-0.7627
2021-07-01,-0.1674334,-0.7313
2021-07-02,-0.1667271,-0.7055
2021-07-03,-0.1659922,-0.7705
2021-07-04,-0.1651689,-0.8873
2021-07-05,-0.1641902,-1.0863
2021-07-06,-0.1630268,-1.1940
2021-07-07,-0.1618138,-1.2671
2021-07-08,-0.1604715,-1.4037
2021-07-09,-0.1590303,-1.4686
2021-07-10,-0.1575737,-1.4155
2021-07-11,-0.1562196,-1.3017
2021-07-12,-0.1549782,-1.1641
2021-07-13,-0.1539054,-0.9844
2021-07-14,-0.1530285,-0.7474
2021-07-15,-0.1524095,-0.5139
2021-07-16,-0.1519891,-0.3154
2021-07-17,-0.1517526,-0.1953
2021-07-18,-0.1515310,-0.2776
2021-07-19,-0.1511792,-0.4143
2021-07-20,-0.1507064,-0.5389
2021-07-21,-0.1500907,-0.6957
2021-07-22,-0.1493131,-0.8583
2021-07-23,-0.1483996,-0.9446
2021-07-24,-0.1474810,-0.8597
2021-07-25,-0.1467112,-0.6819
2021-07-26,-0.1460905,-0.5844
2021-07-27,-0.1455425,-0.4866
2021-07-28,-0.1451243,-0.3676
2021-07-29,-0.1447658,-0.3729
2021-07-30,-0.1443687,-0.4074
2021-07-31,-0.1439305,-0.5034
2021-08-01,-0.1433465,-0.6456
2021-08-02,-0.1426499,-0.7559
2021-08-03,-0.1418310,-0.8772
2021-08-04,-0.1408997,-0.9859
2021-08-05,-0.1398654,-1.0760
2021-08-06,-0.1387840,-1.0573
2021-08-07,-0.1377575,-1.0187
2021-08-08,-0.1367460,-0.9821
2021-08-09,-0.1358292,-0.8380
2021-08-10,-0.1350822,-0.6573
2021-08-11,-0.1345132,-0.4806
2021-08-12,-0.1341184,-0.3115
2021-08-13,-0.1338431,-0.2835
2021-08-14,-0.1335206,-0.3479
2021-08-15,-0.1331316,-0.4594
2021-08-16,-0.1325653,-0.6803
2021-08-17,-0.1317597,-0.9351
2021-08-18,-0.1307233,-1.1054
2021-08-19,-0.1295768,-1.1919
2021-08-20,-0.1283665,-1.1973
2021-08-21,-0.1272417,-1.0243
2021-08-22,-0.1263287,-0.8190
2021-08-23,-0.1255817,-0.6798
2021-08-24,-0.1249651,-0.5526
2021-08-25,-0.1244694,-0.4466
2021-08-26,-0.1240270,-0.4752
2021-08-27,-0.1235033,-0.5507
2021-08-28,-0.1229011,-0.6995
2021-08-29,-0.1221164,-0.8119
2021-08-30,-0.1212885,-0.8905
2021-08-31,-0.1203297,-0.9860
2021-09-01,-0.1193421,-1.0046
2021-09-02,-0.1182978,-1.0914
2021-09-03,-0.1172249,-0.9815
2021-09-04,-0.1163486,-0.8304
2021-09-05,-0.1155460,-0.7338
2021-09-06,-0.1149296,-0.4914
2021-09-07,-0.1145640,-0.2467
2021-09-08,-0.1144284,-0.0253
2021-09-09,-0.1144641,0.0481
2021-09-10,-0.1144997,0.0469
2021-09-11,-0.1145235,-0.0576
2021-09-12,-0.1143427,-0.2874
2021-09-13,-0.1139356,-0.5566
2021-09-14,-0.1132503,-0.7634
2021-09-15,-0.1124497,-0.8476
2021-09-16,-0.1115819,-0.8513
2021-09-17,-0.1107914,-0.7222
2021-09-18,-0.1101777,-0.4725
2021-09-19,-0.1098169,-0.3113
2021-09-20,-0.1095342,-0.2129
2021-09-21,-0.1093892,-0.1203
2021-09-22,-0.1092721,-0.0922
2021-09-23,-0.1091983,-0.0836
2021-09-24,-0.1090766,-0.1597
2021-09-25,-0.1088675,-0.2698
2021-09-26,-0.1085268,-0.4105
2021-09-27,-0.1080394,-0.5724
2021-09-28,-0.1074037,-0.6691
2021-09-29,-0.1067197,-0.7102
2021-09-30,-0.1059785,-0.7658
2021-10-01,-0.1052424,-0.6584
2021-10-02,-0.1046917,-0.4610
2021-10-03,-0.1043054,-0.3087
2021-10-04,-0.1040955,-0.0928
2021-10-05,-0.1041487,0.2099
2021-10-06,-0.1045040,0.4788
2021-10-07,-0.1050416,0.5538
2021-10-08,-0.1055579,0.4679
2021-10-09,-0.1059383,0.2649
2021-10-10,-0.1060701,0.0091
2021-10-11,-0.1059780,-0.1822
2021-10-12,-0.1057250,-0.3156
2021-10-13,-0.1053813,-0.3456
2021-10-14,-0.1050614,-0.2930
2021-10-15,-0.1048167,-0.1764
2021-10-16,-0.1047288,0.0008
2021-10-17,-0.1048035,0.1338
2021-10-18,-0.1049980,0.2718
2021-10-19,-0.1053281,0.3529
2021-10-20,-0.1056655,0.3190
2021-10-21,-0.1059571,0.2582
2021-10-22,-0.1061588,0.1280
2021-10-23,-0.1061799,-0.1017
2021-10-24,-0.1059622,-0.3110
2021-10-25,-0.1055795,-0.4557
2021-10-26,-0.1050768,-0.5226
2021-10-27,-0.1045726,-0.4747
2021-10-28,-0.1041327,-0.4109
2021-10-29,-0.1037682,-0.2949
2021-10-30,-0.1035808,-0.0653
2021-10-31,-0.1036639,0.2430
2021-11-01,-0.1040585,0.5263
2021-11-02,-0.1046989,0.7568
2021-11-03,-0.1055290,0.8579
2021-11-04,-0.1063546,0.7786
2021-11-05,-0.1070385,0.5563
2021-11-06,-0.1074313,0.2263
2021-11-07,-0.1075120,-0.0411
2021-11-08,-0.1073922,-0.1793
2021-11-09,-0.1071865,-0.2184
2021-11-10,-0.1069843,-0.1710
2021-11-11,-0.1068851,-0.0019
2021-11-12,-0.1069909,0.1985
2021-11-13,-0.1072628,0.3409
2021-11-14,-0.1076479,0.4089
2021-11-15,-0.1080248,0.3094
2021-11-16,-0.1082685,0.2154
2021-11-17,-0.1084696,0.1635
2021-11-18,-0.1085597,0.0041
2021-11-19,-0.1084680,-0.1848
2021-11-20,-0.1081988,-0.3475
2021-11-21,-0.1077913,-0.4552
2021-11-22,-0.1073005,-0.5268
2021-11-23,-0.1067521,-0.5554
2021-11-24,-0.1062149,-0.5085
2021-11-25,-0.1057449,-0.4323
2021-11-26,-0.1053930,-0.2279
2021-11-27,-0.1053216,0.0741
2021-11-28,-0.1055073,0.2745
2021-11-29,-0.1058347,0.3671
2021-11-30,-0.1062537,0.4963
2021-12-01,-0.1068110,0.5767
2021-12-02,-0.1073553,0.5019
2021-12-03,-0.1077674,0.2850
2021-12-04,-0.1078987,-0.0118
2021-12-05,-0.1077731,-0.2208
2021-12-06,-0.1075124,-0.2640
2021-12-07,-0.1072705,-0.2311
2021-12-08,-0.1070812,-0.1051
2021-12-09,-0.1071108,0.1723
2021-12-10,-0.1073893,0.3401
2021-12-11,-0.1077608,0.4174
2021-12-12,-0.1082100,0.4526
2021-12-13,-0.1086269,0.3705
2021-12-14,-0.1089523,0.2922
2021-12-15,-0.1092029,0.1888
2021-12-16,-0.1093137,0.0370
2021-12-17,-0.1092674,-0.1431
2021-12-18,-0.1090445,-0.2721
2021-12-19,-0.1087445,-0.3372
2021-12-20,-0.1083780,-0.3787
2021-12-21,-0.1079939,-0.3999
2021-12-22,-0.1075984,-0.3604
2021-12-23,-0.1073220,-0.1742
2021-12-24,-0.1072533,0.0219
2021-12-25,-0.1073673,0.2226
2021-12-26,-0.1077126,0.4655
2021-12-27,-0.1082711,0.6268
2021-12-28,-0.1089221,0.6559
2021-12-29,-0.1095581,0.6105
2021-12-30,-0.1101027,0.4441
2021-12-31,-0.1104179,0.1927
2022-01-01,-0.1104988,-0.0267
2022-01-02,-0.1103729,-0.2209
2022-01-03,-0.1101047,-0.2719
2022-01-04,-0.1099008,-0.1079
2022-01-05,-0.1099040,0.1013
2022-01-06,-0.1100781,0.2346
2022-01-07,-0.1103701,0.3586
2022-01-08,-0.1107840,0.4488
2022-01-09,-0.1112265,0.4156
2022-01-10,-0.1115956,0.3238
2022-01-11,-0.1118561,0.1781
2022-01-12,-0.1119402,-0.0025
2022-01-13,-0.1118519,-0.1806
2022-01-14,-0.1115808,-0.3533
2022-01-15,-0.1111492,-0.5142
2022-01-16,-0.1105848,-0.5777
2022-01-17,-0.1100033,-0.6126
2022-01-18,-0.1093690,-0.6192
2022-01-19,-0.1088123,-0.4835
2022-01-20,-0.1084318,-0.2584
2022-01-21,-0.1082918,-0.0442
2022-01-22,-0.1083222,0.1065
2022-01-23,-0.1084942,0.2253
2022-01-24,-0.1087496,0.2746
2022-01-25,-0.1090171,0.2451
2022-01-26,-0.1092155,0.1429
2022-01-27,-0.1092761,-0.0395
2022-01-28,-0.1091307,-0.2394
2022-01-29,-0.1088120,-0.3953
2022-01-30,-0.1083554,-0.5052
2022-01-31,-0.1078395,-0.5013
2022-02-01,-0.1073953,-0.3700
2022-02-02,-0.1071299,-0.1474
2022-02-03,-0.1070988,0.0701
2022-02-04,-0.1072359,0.1850
2022-02-05,-0.1074324,0.1907
2022-02-06,-0.1075893,0.1123
2022-02-07,-0.1076479,0.0064
2022-02-08,-0.1075786,-0.1701
2022-02-09,-0.1072942,-0.3872
2022-02-10,-0.1068126,-0.5793
2022-02-11,-0.1061234,-0.8081
2022-02-12,-0.1052494,-0.8781
2022-02-13,-0.1044131,-0.8105
2022-02-14,-0.1036308,-0.7357
2022-02-15,-0.1029828,-0.5377
2022-02-16,-0.1025493,-0.3581
2022-02-17,-0.1022728,-0.1600
2022-02-18,-0.1022552,0.1158
2022-02-19,-0.1024744,0.3015
2022-02-20,-0.1028227,0.3805
2022-02-21,-0.1032029,0.3620
2022-02-22,-0.1035198,0.2629
2022-02-23,-0.1037067,0.0976
2022-02-24,-0.1036979,-0.1192
2022-02-25,-0.1034735,-0.3204
2022-02-26,-0.1030872,-0.4312
2022-02-27,-0.1026591,-0.3981
2022-02-28,-0.1023234,-0.2680
2022-03-01,-0.1021399,-0.0876
2022-03-02,-0.1021706,0.1600
2022-03-03,-0.1024422,0.3544
2022-03-04,-0.1028386,0.4263
2022-03-05,-0.1032508,0.3660
2022-03-06,-0.1035497,0.2429
2022-03-07,-0.1037253,0.0860
2022-03-08,-0.1036867,-0.1760
2022-03-09,-0.1033883,-0.3931
2022-03-10,-0.1029238,-0.5404
2022-03-11,-0.1023234,-0.6398
2022-03-12,-0.1016717,-0.6565
2022-03-13,-0.1010181,-0.6501
2022-03-14,-0.1003917,-0.5830
2022-03-15,-0.0998809,-0.4295
2022-03-16,-0.0995535,-0.2135
2022-03-17,-0.0994564,0.0100
2022-03-18,-0.0995545,0.1765
2022-03-19,-0.0998023,0.3217
2022-03-20,-0.1001813,0.4171
2022-03-21,-0.1005703,0.3138
2022-03-22,-0.1007722,0.1005
2022-03-23,-0.1007766,-0.0967
2022-03-24,-0.1005739,-0.3084
2022-03-25,-0.1001880,-0.4355
2022-03-26,-0.0997422,-0.4445
2022-03-27,-0.0993293,-0.3624
2022-03-28,-0.0990507,-0.1803
2022-03-29,-0.0989745,0.0193
2022-03-30,-0.0990621,0.1372
2022-03-31,-0.0992408,0.2308
2022-04-01,-0.0995152,0.2990
2022-04-02,-0.0998077,0.2738
2022-04-03,-0.1000285,0.1456
2022-04-04,-0.1000837,-0.0282
2022-04-05,-0.0999612,-0.2346
2022-04-06,-0.0996137,-0.4435
2022-04-07,-0.0991024,-0.5678
2022-04-08,-0.0985133,-0.5866
2022-04-09,-0.0979471,-0.5516
2022-04-10,-0.0974066,-0.5269
2022-04-11,-0.0969204,-0.4207
2022-04-12,-0.0965844,-0.2569
2022-04-13,-0.0964330,-0.0138
2022-04-14,-0.0965616,0.2438
2022-04-15,-0.0969019,0.4452
2022-04-16,-0.0974266,0.5705
2022-04-17,-0.0979911,0.5403
2022-04-18,-0.0984761,0.4168
2022-04-19,-0.0988025,0.2265
2022-04-20,-0.0988976,-0.0585
2022-04-21,-0.0986939,-0.3182
2022-04-22,-0.0983227,-0.3933
2022-04-23,-0.0979347,-0.3862
2022-04-24,-0.0975643,-0.3372
2022-04-25,-0.0972900,-0.1990
2022-04-26,-0.0971796,-0.0210
2022-04-27,-0.0972299,0.1028
2022-04-28,-0.0973576,0.1438
2022-04-29,-0.0974959,0.1200
2022-04-30,-0.0975807,0.0453
2022-05-01,-0.0975681,-0.0848
2022-05-02,-0.0974149,-0.2037
2022-05-03,-0.0971873,-0.2429
2022-05-04,-0.0969128,-0.3309
2022-05-05,-0.0965103,-0.4643
2022-05-06,-0.0960238,-0.4787
2022-05-07,-0.0955768,-0.4214
2022-05-08,-0.0951795,-0.3687
2022-05-09,-0.0948755,-0.2078
2022-05-10,-0.0947980,0.0552
2022-05-11,-0.0949959,0.3481
2022-05-12,-0.0954625,0.5460
2022-05-13,-0.0960613,0.6640
2022-05-14,-0.0967616,0.6953
2022-05-15,-0.0974001,0.5713
2022-05-16,-0.0978880,0.3987
2022-05-17,-0.0981858,0.1911
2022-05-18,-0.0982687,-0.0210
2022-05-19,-0.0981576,-0.1917
2022-05-20,-0.0979316,-0.2234
2022-05-21,-0.0977566,-0.1175
2022-05-22,-0.0977032,0.0083
2022-05-23,-0.0977735,0.1352
2022-05-24,-0.0979683,0.2463
2022-05-25,-0.0982372,0.2707
2022-05-26,-0.0984824,0.2130
2022-05-27,-0.0986396,0.0844
2022-05-28,-0.0986187,-0.1416
2022-05-29,-0.0983361,-0.4286
2022-05-30,-0.0977616,-0.7154
2022-05-31,-0.0969215,-0.9538
2022-06-01,-0.0958951,-1.0690
2022-06-02,-0.0947972,-1.1430
2022-06-03,-0.0936390,-1.1272
2022-06-04,-0.0925843,-0.9870
2022-06-05,-0.0916470,-0.9007
2022-06-06,-0.0907993,-0.7650
2022-06-07,-0.0901458,-0.5429
2022-06-08,-0.0896892,-0.3938
2022-06-09,-0.0893428,-0.2909
2022-06-10,-0.0890964,-0.2208
2022-06-11,-0.0888622,-0.2676
2022-06-12,-0.0885178,-0.4445
2022-06-13,-0.0879416,-0.7161
2022-06-14,-0.0870864,-0.9852
2022-06-15,-0.0859913,-1.1941
2022-06-16,-0.0847395,-1.2791
2022-06-17,-0.0834976,-1.1708
2022-06-18,-0.0824386,-0.9405
2022-06-19,-0.0815999,-0.7601
2022-06-20,-0.0808990,-0.6377
2022-06-21,-0.0803101,-0.5585
2022-06-22,-0.0797518,-0.5700
2022-06-23,-0.0791238,-0.7203
2022-06-24,-0.0783037,-0.8931
2022-06-25,-0.0773458,-1.0413
2022-06-26,-0.0761929,-1.2742
2022-06-27,-0.0748245,-1.4257
2022-06-28,-0.0733636,-1.5110
2022-06-29,-0.0718046,-1.5901
2022-06-30,-0.0702097,-1.5905
2022-07-01,-0.0686589,-1.4850
2022-07-02,-0.0672487,-1.3523
2022-07-03,-0.0659704,-1.1712
2022-07-04,-0.0649346,-0.9053
2022-07-05,-0.0641485,-0.6732
2022-07-06,-0.0635560,-0.5378
2022-07-07,-0.0630522,-0.4647
2022-07-08,-0.0625958,-0.4842
2022-07-09,-0.0620422,-0.6287
2022-07-10,-0.0613057,-0.8713
2022-07-11,-0.0602983,-1.1177
2022-07-12,-0.0591157,-1.2279
2022-07-13,-0.0578313,-1.3718
2022-07-14,-0.0564398,-1.3127
2022-07-15,-0.0552659,-1.0737
2022-07-16,-0.0542851,-0.8566
2022-07-17,-0.0535386,-0.6819
2022-07-18,-0.0528908,-0.5987
2022-07-19,-0.0523130,-0.6001
2022-07-20,-0.0516611,-0.6899
2022-07-21,-0.0509196,-0.8204
2022-07-22,-0.0499927,-1.0337
2022-07-23,-0.0488680,-1.1996
2022-07-24,-0.0476049,-1.3313
2022-07-25,-0.0462108,-1.4469
2022-07-26,-0.0447478,-1.4525
2022-07-27,-0.0433170,-1.4246
2022-07-28,-0.0418792,-1.4548
2022-07-29,-0.0404440,-1.3753
2022-07-30,-0.0391908,-1.1093
2022-07-31,-0.0381980,-0.9254
2022-08-01,-0.0373483,-0.7164
2022-08-02,-0.0367589,-0.5261
2022-08-03,-0.0362580,-0.4502
2022-08-04,-0.0358269,-0.4693
2022-08-05,-0.0353074,-0.5245
2022-08-06,-0.0347531,-0.6541
2022-08-07,-0.0339632,-0.8916
2022-08-08,-0.0329984,-1.0437
2022-08-09,-0.0319015,-1.1186
2022-08-10,-0.0308142,-1.0345
2022-08-11,-0.0298669,-0.8471
2022-08-12,-0.0291365,-0.6101
2022-08-13,-0.0286395,-0.3945
2022-08-14,-0.0283067,-0.3013
2022-08-15,-0.0279962,-0.3304
2022-08-16,-0.0276156,-0.4505
2022-08-17,-0.0270840,-0.6041
2022-08-18,-0.0263694,-0.8715
2022-08-19,-0.0253613,-1.0779
2022-08-20,-0.0242146,-1.2812
2022-08-21,-0.0228183,-1.4264
2022-08-22,-0.0214130,-1.4181
2022-08-23,-0.0200007,-1.3538
2022-08-24,-0.0187128,-1.2671
2022-08-25,-0.0174483,-1.2350
2022-08-26,-0.0162920,-1.0553
2022-08-27,-0.0153544,-0.8256
2022-08-28,-0.0146370,-0.6074
2022-08-29,-0.0141295,-0.4193
2022-08-30,-0.0137965,-0.2367
2022-08-31,-0.0136267,-0.1423
2022-09-01,-0.0134685,-0.1779
2022-09-02,-0.0132489,-0.2793
2022-09-03,-0.0128962,-0.4216
2022-09-04,-0.0123955,-0.5945
2022-09-05,-0.0117211,-0.7256
2022-09-06,-0.0110140,-0.6475
2022-09-07,-0.0104350,-0.5426
2022-09-08,-0.0099623,-0.3373
2022-09-09,-0.0098005,-0.0119
2022-09-10,-0.0099085,0.2234
2022-09-11,-0.0102085,0.3423
2022-09-12,-0.0105579,0.3557
2022-09-13,-0.0108729,0.2281
2022-09-14,-0.0109907,0.0304
2022-09-15,-0.0109090,-0.2414
2022-09-16,-0.0105258,-0.4596
2022-09-17,-0.0100043,-0.6341
2022-09-18,-0.0092607,-0.7991
2022-09-19,-0.0084480,-0.8384
2022-09-20,-0.0075738,-0.9079
2022-09-21,-0.0066870,-0.8129
2022-09-22,-0.0059827,-0.6140
2022-09-23,-0.0054466,-0.4525
2022-09-24,-0.0050975,-0.2316
2022-09-25,-0.0049683,-0.0561
2022-09-26,-0.0049655,0.0599
2022-09-27,-0.0050974,0.2037
2022-09-28,-0.0053144,0.1720
2022-09-29,-0.0053982,0.0106
2022-09-30,-0.0053336,-0.1570
2022-10-01,-0.0050583,-0.4025
2022-10-02,-0.0045691,-0.5265
2022-10-03,-0.0040573,-0.4945
2022-10-04,-0.0035919,-0.4273
2022-10-05,-0.0032304,-0.2772
2022-10-06,-0.0030710,-0.0267
2022-10-07,-0.0031829,0.2413
2022-10-08,-0.0035431,0.4776
2022-10-09,-0.0040999,0.5993
2022-10-10,-0.0046909,0.5685
2022-10-11,-0.0051964,0.4163
2022-10-12,-0.0055025,0.2011
2022-10-13,-0.0055882,-0.0455
2022-10-14,-0.0054348,-0.2224
2022-10-15,-0.0051902,-0.2590
2022-10-16,-0.0049179,-0.2922
2022-10-17,-0.0046510,-0.1896
2022-10-18,-0.0045607,-0.0208
2022-10-19,-0.0045926,0.0975
2022-10-20,-0.0047767,0.2786
2022-10-21,-0.0051528,0.4685
2022-10-22,-0.0057198,0.6766
2022-10-23,-0.0065123,0.9037
2022-10-24,-0.0074710,0.9621
2022-10-25,-0.0083956,0.8976
2022-10-26,-0.0092457,0.7716
2022-10-27,-0.0098836,0.4800
2022-10-28,-0.0102110,0.2042
2022-10-29,-0.0103322,0.0488
2022-10-30,-0.0103138,-0.0911
2022-10-31,-0.0101959,-0.0933
2022-11-01,-0.0101934,0.1030
2022-11-02,-0.0104236,0.3643
2022-11-03,-0.0109470,0.7005
2022-11-04,-0.0118051,0.9782
2022-11-05,-0.0128251,1.0208
2022-11-06,-0.0138143,0.9660
2022-11-07,-0.0147324,0.8371
2022-11-08,-0.0154511,0.5960
2022-11-09,-0.0159442,0.4141
2022-11-10,-0.0162517,0.1492
2022-11-11,-0.0162332,-0.1439
2022-11-12,-0.0160316,-0.2337
2022-11-13,-0.0157892,-0.2531
2022-11-14,-0.0155378,-0.2352
2022-11-15,-0.0153539,-0.1120
2022-11-16,-0.0153214,0.0339
2022-11-17,-0.0154506,0.2663
2022-11-18,-0.0158589,0.5132
2022-11-19,-0.0164143,0.5720
2022-11-20,-0.0170428,0.7505
2022-11-21,-0.0178912,0.8569
2022-11-22,-0.0186669,0.6944
2022-11-23,-0.0192766,0.5217
2022-11-24,-0.0196827,0.2662
2022-11-25,-0.0198111,0.0171
2022-11-26,-0.0197418,-0.1571
2022-11-27,-0.0195235,-0.2513
2022-11-28,-0.0192998,-0.1638
2022-11-29,-0.0192255,0.0124
2022-11-30,-0.0193201,0.1751
2022-12-01,-0.0195901,0.3809
2022-12-02,-0.0200318,0.4364
2022-12-03,-0.0204331,0.4026
2022-12-04,-0.0208201,0.3183
2022-12-05,-0.0210300,0.1150
2022-12-06,-0.0210506,-0.0870
2022-12-07,-0.0208548,-0.2928
2022-12-08,-0.0204831,-0.4445
2022-12-09,-0.0199769,-0.5630
2022-12-10,-0.0193674,-0.6506
2022-12-11,-0.0187029,-0.6567
2022-12-12,-0.0180986,-0.5289
2022-12-13,-0.0176422,-0.4098
2022-12-14,-0.0172863,-0.2687
2022-12-15,-0.0171108,-0.1095
2022-12-16,-0.0170862,0.1066
2022-12-17,-0.0173035,0.2613
2022-12-18,-0.0175525,0.2471
2022-12-19,-0.0177921,0.2159
2022-12-20,-0.0179712,0.1452
2022-12-21,-0.0180841,0.0793
2022-12-22,-0.0180991,-0.0786
2022-12-23,-0.0179138,-0.2757
2022-12-24,-0.0176092,-0.2882
2022-12-25,-0.0173692,-0.2052
2022-12-26,-0.0172531,0.0407
2022-12-27,-0.0174768,0.3651
2022-12-28,-0.0179214,0.5037
2022-12-29,-0.0184549,0.5544
2022-12-30,-0.0190022,0.5210
2022-12-31,-0.0194890,0.4640
2023-01-01,-0.0198682,0.2210
2023-01-02,-0.0199331,-0.0158
2023-01-03,-0.0198530,-0.2034
2023-01-04,-0.0195102,-0.4391
2023-01-05,-0.0190344,-0.4959
2023-01-06,-0.0185256,-0.5312
2023-01-07,-0.0179842,-0.5300
2023-01-08,-0.0174954,-0.4393
2023-01-09,-0.0171331,-0.2661
2023-01-10,-0.0169645,-0.0889
2023-01-11,-0.0169516,0.0772
2023-01-12,-0.0170839,0.1384
2023-01-13,-0.0172129,0.1531
2023-01-14,-0.0173915,0.1720
2023-01-15,-0.0175491,0.1674
2023-01-16,-0.0177137,0.1251
2023-01-17,-0.0177502,-0.0644
2023-01-18,-0.0175661,-0.3104
2023-01-19,-0.0171811,-0.4012
2023-01-20,-0.0167614,-0.4990
2023-01-21,-0.0161801,-0.6060
2023-01-22,-0.0156326,-0.4636
2023-01-23,-0.0152837,-0.2287
2023-01-24,-0.0152003,0.0817
2023-01-25,-0.0154144,0.2940
2023-01-26,-0.0157010,0.2443
2023-01-27,-0.0158913,0.1595
2023-01-28,-0.0159956,0.0013
2023-01-29,-0.0158886,-0.1730
2023-01-30,-0.0156599,-0.3164
2023-01-31,-0.0152327,-0.5291
2023-02-01,-0.0146257,-0.6700
2023-02-02,-0.0139102,-0.7586
2023-02-03,-0.0131284,-0.7875
2023-02-04,-0.0123974,-0.6298
2023-02-05,-0.0118811,-0.4354
2023-02-06,-0.0115057,-0.3039
2023-02-07,-0.0112791,-0.1550
2023-02-08,-0.0111890,-0.0261
2023-02-09,-0.0112366,0.1320
2023-02-10,-0.0114572,0.3025
2023-02-11,-0.0118011,0.3513
2023-02-12,-0.0121337,0.3219
2023-02-13,-0.0124063,0.1769
2023-02-14,-0.0124630,-0.0415
2023-02-15,-0.0123404,-0.2086
2023-02-16,-0.0120575,-0.3406
2023-02-17,-0.0116874,-0.3879
2023-02-18,-0.0113574,-0.2081
2023-02-19,-0.0113179,0.1116
2023-02-20,-0.0115756,0.4161
2023-02-21,-0.0121528,0.7286
2023-02-22,-0.0129547,0.8069
2023-02-23,-0.0137296,0.7742
2023-02-24,-0.0145001,0.7324
2023-02-25,-0.0151470,0.5482
2023-02-26,-0.0155598,0.2539
2023-02-27,-0.0156520,-0.0487
2023-02-28,-0.0155073,-0.2165
2023-03-01,-0.0152853,-0.1852
2023-03-02,-0.0151155,-0.2180
2023-03-03,-0.0148525,-0.2411
2023-03-04,-0.0146877,-0.1010
2023-03-05,-0.0146756,0.1143
2023-03-06,-0.0149259,0.3582
2023-03-07,-0.0153731,0.5454
2023-03-08,-0.0160102,0.7132
2023-03-09,-0.0167801,0.8227
2023-03-10,-0.0176210,0.8282
2023-03-11,-0.0184072,0.7458
2023-03-12,-0.0190960,0.6137
2023-03-13,-0.0196027,0.3858
2023-03-14,-0.0199052,0.2707
2023-03-15,-0.0201196,0.0821
2023-03-16,-0.0200763,-0.0859
2023-03-17,-0.0200343,0.0054
2023-03-18,-0.0201240,0.2073
2023-03-19,-0.0204889,0.5293
2023-03-20,-0.0211554,0.7696
2023-03-21,-0.0220019,0.9314
2023-03-22,-0.0229764,0.9677
2023-03-23,-0.0238902,0.8625
2023-03-24,-0.0246804,0.6941
2023-03-25,-0.0252312,0.3841
2023-03-26,-0.0254402,0.0489
2023-03-27,-0.0253812,-0.1298
2023-03-28,-0.0251942,-0.2676
2023-03-29,-0.0248756,-0.3165
2023-03-30,-0.0246029,-0.2402
2023-03-31,-0.0244064,-0.1301
2023-04-01,-0.0243562,0.0206
2023-04-02,-0.0244586,0.2045
2023-04-03,-0.0247645,0.3864
2023-04-04,-0.0252246,0.5480
2023-04-05,-0.0258463,0.6670
2023-04-06,-0.0265279,0.6940
2023-04-07,-0.0272224,0.6855
2023-04-08,-0.0278761,0.6087
2023-04-09,-0.0284239,0.4840
2023-04-10,-0.0288276,0.3096
2023-04-11,-0.0290272,0.0875
2023-04-12,-0.0290338,-0.0410
2023-04-13,-0.0289872,-0.0436
2023-04-14,-0.0290013,0.1180
2023-04-15,-0.0292515,0.3646
2023-04-16,-0.0297608,0.7020
2023-04-17,-0.0306277,0.9559
2023-04-18,-0.0316004,0.9933
2023-04-19,-0.0325682,0.8925
2023-04-20,-0.0333569,0.7063
2023-04-21,-0.0339589,0.4543
2023-04-22,-0.0342654,0.2021
2023-04-23,-0.0343794,-0.0013
2023-04-24,-0.0342718,-0.1779
2023-04-25,-0.0340645,-0.2319
2023-04-26,-0.0338276,-0.2270
2023-04-27,-0.0336239,-0.1820
2023-04-28,-0.0334926,-0.0500
2023-04-29,-0.0335471,0.1517
2023-04-30,-0.0337980,0.3594
2023-05-01,-0.0342607,0.5516
2023-05-02,-0.0348528,0.5987
2023-05-03,-0.0354571,0.6427
2023-05-04,-0.0361458,0.7096
2023-05-05,-0.0368137,0.5886
2023-05-06,-0.0373337,0.4998
2023-05-07,-0.0377772,0.3028
2023-05-08,-0.0379479,0.1318
2023-05-09,-0.0380827,0.0867
2023-05-10,-0.0381417,0.1029
2023-05-11,-0.0383659,0.3514
2023-05-12,-0.0388389,0.5830
2023-05-13,-0.0395370,0.8299
2023-05-14,-0.0405224,1.1479
2023-05-15,-0.0417858,1.3247
2023-05-16,-0.0431008,1.2883
2023-05-17,-0.0443123,1.1015
2023-05-18,-0.0452763,0.8322
2023-05-19,-0.0459527,0.4909
2023-05-20,-0.0462785,0.2109
2023-05-21,-0.0463887,-0.0265
2023-05-22,-0.0462362,-0.2319
2023-05-23,-0.0459753,-0.2860
2023-05-24,-0.0456713,-0.3189
2023-05-25,-0.0453536,-0.3034
2023-05-26,-0.0450865,-0.2218
2023-05-27,-0.0449415,-0.0455
2023-05-28,-0.0449951,0.1297
2023-05-29,-0.0451735,0.2226
2023-05-30,-0.0454412,0.3184
2023-05-31,-0.0457725,0.3010
2023-06-01,-0.0460216,0.2187
2023-06-02,-0.0461939,0.0883
2023-06-03,-0.0461712,-0.1232
2023-06-04,-0.0459314,-0.3831
2023-06-05,-0.0454375,-0.5454
2023-06-06,-0.0449068,-0.5089
2023-06-07,-0.0444282,-0.4468
2023-06-08,-0.0440579,-0.2506
2023-06-09,-0.0439377,-0.0223
2023-06-10,-0.0440155,0.2124
2023-06-11,-0.0443185,0.3150
2023-06-12,-0.0445858,0.2386
2023-06-13,-0.0447864,0.1345
2023-06-14,-0.0448237,-0.0627
2023-06-15,-0.0446568,-0.2724
2023-06-16,-0.0442558,-0.5514
2023-06-17,-0.0435792,-0.7546
2023-06-18,-0.0427973,-0.8055
2023-06-19,-0.0419766,-0.8310
2023-06-20,-0.0411476,-0.8196
2023-06-21,-0.0403442,-0.7877
2023-06-22,-0.0395966,-0.6824
2023-06-23,-0.0389775,-0.5828
2023-06-24,-0.0384454,-0.4400
2023-06-25,-0.0380847,-0.3354
2023-06-26,-0.0377517,-0.2993
2023-06-27,-0.0374962,-0.2327
2023-06-28,-0.0372669,-0.2243
2023-06-29,-0.0370206,-0.2969
2023-06-30,-0.0366520,-0.4329
2023-07-01,-0.0361418,-0.6078
2023-07-02,-0.0354103,-0.8609
2023-07-03,-0.0344606,-0.9921
2023-07-04,-0.0334896,-0.9328
2023-07-05,-0.0326093,-0.8306
2023-07-06,-0.0318706,-0.6019
2023-07-07,-0.0314185,-0.3344
2023-07-08,-0.0311586,-0.1966
2023-07-09,-0.0309682,-0.2300
2023-07-10,-0.0306799,-0.3196
2023-07-11,-0.0303052,-0.4807
2023-07-12,-0.0297122,-0.6608
2023-07-13,-0.0289416,-0.9668
2023-07-14,-0.0278018,-1.2033
2023-07-15,-0.0266109,-1.2121
2023-07-16,-0.0253465,-1.3143
2023-07-17,-0.0240328,-1.2650
2023-07-18,-0.0228499,-1.1155
2023-07-19,-0.0218042,-0.9589
2023-07-20,-0.0209728,-0.6802
2023-07-21,-0.0204258,-0.4557
2023-07-22,-0.0200288,-0.3292
2023-07-23,-0.0197679,-0.2013
2023-07-24,-0.0195874,-0.1899
2023-07-25,-0.0193676,-0.2399
2023-07-26,-0.0191049,-0.2979
2023-07-27,-0.0187321,-0.4751
2023-07-28,-0.0181456,-0.6795
2023-07-29,-0.0173825,-0.8557
2023-07-30,-0.0164666,-0.9346
2023-07-31,-0.0155675,-0.8510
2023-08-01,-0.0147873,-0.6994
2023-08-02,-0.0141988,-0.4575
2023-08-03,-0.0138935,-0.1519
2023-08-04,-0.0138734,0.0888
2023-08-05,-0.0140306,0.2079
2023-08-06,-0.0142145,0.1029
2023-08-07,-0.0141840,-0.1591
2023-08-08,-0.0139156,-0.3631
2023-08-09,-0.0134473,-0.5986
2023-08-10,-0.0127055,-0.8729
2023-08-11,-0.0117195,-1.0932
2023-08-12,-0.0105551,-1.2054
2023-08-13,-0.0093577,-1.1704
2023-08-14,-0.0082219,-1.1125
2023-08-15,-0.0071510,-0.9997
2023-08-16,-0.0062540,-0.7924
2023-08-17,-0.0055530,-0.6247
2023-08-18,-0.0050012,-0.4674
2023-08-19,-0.0046041,-0.3526
2023-08-20,-0.0042496,-0.3769
2023-08-21,-0.0038346,-0.4482
2023-08-22,-0.0033591,-0.5018
2023-08-23,-0.0028166,-0.5988
2023-08-24,-0.0021335,-0.7800
2023-08-25,-0.0012577,-0.9579
2023-08-26,-0.0002515,-1.0344
2023-08-27,0.0007736,-0.9982
2023-08-28,0.0017132,-0.8667
2023-08-29,0.0024615,-0.5986
2023-08-30,0.0028542,-0.1618
2023-08-31,0.0028256,0.1536
2023-09-01,0.0025857,0.3529
2023-09-02,0.0021748,0.3871
2023-09-03,0.0018834,0.2057
2023-09-04,0.0017903,-0.0565
2023-09-05,0.0020459,-0.4674
2023-09-06,0.0026768,-0.7334
2023-09-07,0.0034649,-0.8558
2023-09-08,0.0043828,-0.9613
2023-09-09,0.0053595,-0.9829
2023-09-10,0.0063350,-0.9638
2023-09-11,0.0072445,-0.8169
2023-09-12,0.0079658,-0.6610
2023-09-13,0.0085499,-0.4551
2023-09-14,0.0088819,-0.2667
2023-09-15,0.0091191,-0.1857
2023-09-16,0.0092469,-0.0854
2023-09-17,0.0093177,-0.0686
2023-09-18,0.0094281,-0.1838
2023-09-19,0.0096992,-0.3407
2023-09-20,0.0100802,-0.4096
2023-09-21,0.0105431,-0.5527
2023-09-22,0.0111907,-0.7112
2023-09-23,0.0119383,-0.7881
2023-09-24,0.0127268,-0.7448
2023-09-25,0.0133746,-0.5415
2023-09-26,0.0137917,-0.2839
2023-09-27,0.0139010,0.0980
2023-09-28,0.0136037,0.4559
2023-09-29,0.0130342,0.6786
2023-09-30,0.0123138,0.6992
2023-10-01,0.0117108,0.4948
2023-10-02,0.0113502,0.2124
2023-10-03,0.0113072,-0.1336
2023-10-04,0.0115944,-0.4104
2023-10-05,0.0120893,-0.5709
2023-10-06,0.0127181,-0.6771
2023-10-07,0.0133928,-0.6311
2023-10-08,0.0139478,-0.4875
2023-10-09,0.0143696,-0.3493
2023-10-10,0.0146321,-0.1684
2023-10-11,0.0146879,0.0678
2023-10-12,0.0145260,0.2154
2023-10-13,0.0142818,0.2890
2023-10-14,0.0139540,0.3445
2023-10-15,0.0136312,0.2847
2023-10-16,0.0134015,0.1744
2023-10-17,0.0132931,0.0322
2023-10-18,0.0133572,-0.1702
2023-10-19,0.0136094,-0.3002
2023-10-20,0.0139203,-0.3182
2023-10-21,0.0142272,-0.2806
2023-10-22,0.0144520,-0.1547
2023-10-23,0.0145004,0.0798
2023-10-24,0.0142656,0.3948
2023-10-25,0.0137379,0.6284
2023-10-26,0.0130336,0.7875
2023-10-27,0.0122022,0.8287
2023-10-28,0.0114608,0.6161
2023-10-29,0.0110110,0.2804
2023-10-30,0.0108859,-0.0129
2023-10-31,0.0110119,-0.2314
2023-11-01,0.0113237,-0.3749
2023-11-02,0.0117490,-0.4803
2023-11-03,0.0122562,-0.5016
2023-11-04,0.0127099,-0.3961
2023-11-05,0.0130232,-0.2149
2023-11-06,0.0131320,-0.0106
2023-11-07,0.0130441,0.1947
2023-11-08,0.0127712,0.3142
2023-11-09,0.0124263,0.4020
2023-11-10,0.0119526,0.5336
2023-11-11,0.0114014,0.5381
2023-11-12,0.0109249,0.3970
2023-11-13,0.0106024,0.2710
2023-11-14,0.0103987,0.0978
2023-11-15,0.0104195,-0.1135
2023-11-16,0.0105947,-0.2318
2023-11-17,0.0108558,-0.2683
2023-11-18,0.0111099,-0.2405
2023-11-19,0.0112996,-0.1009
2023-11-20,0.0112892,0.1063
2023-11-21,0.0110968,0.2840
2023-11-22,0.0107398,0.4060
2023-11-23,0.0103208,0.4199
2023-11-24,0.0099061,0.4155
2023-11-25,0.0095291,0.2932
2023-11-26,0.0093725,0.0124
2023-11-27,0.0094908,-0.2278
2023-11-28,0.0098205,-0.4453
2023-11-29,0.0103653,-0.6144
2023-11-30,0.0109949,-0.6202
2023-12-01,0.0115685,-0.5142
2023-12-02,0.0120123,-0.3751
2023-12-03,0.0123091,-0.2072
2023-12-04,0.0124352,-0.0647
2023-12-05,0.0124403,0.0723
2023-12-06,0.0122791,0.2437
2023-12-07,0.0119831,0.3246
2023-12-08,0.0116609,0.3126
2023-12-09,0.0113878,0.2109
2023-12-10,0.0112512,0.0729
2023-12-11,0.0112434,-0.0693
2023-12-12,0.0113914,-0.2163
2023-12-13,0.0116654,-0.3316
2023-12-14,0.0120461,-0.4216
2023-12-15,0.0124573,-0.3578
2023-12-16,0.0126981,-0.1032
2023-12-17,0.0126467,0.2026
2023-12-18,0.0123109,0.4545
2023-12-19,0.0117447,0.6854
2023-12-20,0.0109710,0.8236
2023-12-21,0.0101428,0.8260
2023-12-22,0.0093580,0.7116
2023-12-23,0.0087535,0.4956
2023-12-24,0.0083783,0.2453
2023-12-25,0.0082663,-0.0150
2023-12-26,0.0083595,-0.1289
2023-12-27,0.0084886,-0.1365
2023-12-28,0.0086486,-0.1926
2023-12-29,0.0088546,-0.1910
2023-12-30,0.0089870,-0.0585
2023-12-31,0.0089604,0.1077
2024-01-01,0.0087837,0.2375
2024-01-02,0.0084956,0.3367
2024-01-03,0.0081219,0.4012
2024-01-04,0.0077010,0.4424
2024-01-05,0.0072681,0.3904
2024-01-06,0.0069473,0.2569
2024-01-07,0.0067651,0.0911
2024-01-08,0.0067901,-0.1497
2024-01-09,0.0070491,-0.3444
2024-01-10,0.0074360,-0.4103
2024-01-11,0.0078418,-0.3923
2024-01-12,0.0081782,-0.2469
2024-01-13,0.0082983,0.0104
2024-01-14,0.0081575,0.2674
2024-01-15,0.0077759,0.4872
2024-01-16,0.0072093,0.6282
2024-01-17,0.0065697,0.6184
2024-01-18,0.0060196,0.4673
2024-01-19,0.0056647,0.2274
2024-01-20,0.0055601,0.0015
2024-01-21,0.0056454,-0.1754
2024-01-22,0.0058978,-0.3131
2024-01-23,0.0062377,-0.3491
2024-01-24,0.0065538,-0.2586
2024-01-25,0.0067511,-0.1566
2024-01-26,0.0068557,-0.0207
2024-01-27,0.0067817,0.1476
2024-01-28,0.0065393,0.3796
2024-01-29,0.0060503,0.5283
2024-01-30,0.0055114,0.5908
2024-01-31,0.0048723,0.6426
2024-02-01,0.0042667,0.5729
2024-02-02,0.0037387,0.4665
2024-02-03,0.0033587,0.2849
2024-02-04,0.0031807,0.0677
2024-02-05,0.0032021,-0.0861
2024-02-06,0.0033281,-0.1657
2024-02-07,0.0035006,-0.1467
2024-02-08,0.0035892,-0.0309
2024-02-09,0.0035273,0.1903
2024-02-10,0.0031602,0.5569
2024-02-11,0.0024162,0.9155
2024-02-12,0.0013827,1.1136
2024-02-13,0.0002522,1.1222
2024-02-14,-0.0008228,1.0140
2024-02-15,-0.0017412,0.8020
2024-02-16,-0.0024093,0.5376
2024-02-17,-0.0028061,0.2422
2024-02-18,-0.0029008,-0.0320
2024-02-19,-0.0027733,-0.2125
2024-02-20,-0.0025121,-0.2842
2024-02-21,-0.0022297,-0.2815
2024-02-22,-0.0019607,-0.2439
2024-02-23,-0.0017695,-0.1234
2024-02-24,-0.0017267,0.0354
2024-02-25,-0.0018432,0.2030
2024-02-26,-0.0021159,0.3203
2024-02-27,-0.0024601,0.3663
2024-02-28,-0.0028310,0.3596
2024-02-29,-0.0031494,0.2633
2024-03-01,-0.0033560,0.1623
2024-03-02,-0.0034805,0.0810
2024-03-03,-0.0034967,-0.0640
2024-03-04,-0.0033277,-0.2834
2024-03-05,-0.0029707,-0.3803
2024-03-06,-0.0026447,-0.2445
2024-03-07,-0.0025154,-0.0075
2024-03-08,-0.0026692,0.3482
2024-03-09,-0.0032292,0.7563
2024-03-10,-0.0041582,1.0938
2024-03-11,-0.0053652,1.2765
2024-03-12,-0.0066328,1.2238
2024-03-13,-0.0077523,0.9895
2024-03-14,-0.0085771,0.6511
2024-03-15,-0.0090590,0.3262
2024-03-16,-0.0092530,0.0717
2024-03-17,-0.0092365,-0.0804
2024-03-18,-0.0091353,-0.1031
2024-03-19,-0.0090743,0.0062
2024-03-20,-0.0091657,0.1693
2024-03-21,-0.0093990,0.2905
2024-03-22,-0.0097540,0.4334
2024-03-23,-0.0102653,0.5746
2024-03-24,-0.0108995,0.7047
2024-03-25,-0.0116584,0.7861
2024-03-26,-0.0124410,0.7755
2024-03-27,-0.0131823,0.6838
2024-03-28,-0.0137797,0.5056
2024-03-29,-0.0141950,0.3318
2024-03-30,-0.0144341,0.1303
2024-03-31,-0.0144506,-0.0860
2024-04-01,-0.0142806,-0.2466
2024-04-02,-0.0139904,-0.3081
2024-04-03,-0.0137032,-0.2530
2024-04-04,-0.0135373,-0.0391
2024-04-05,-0.0136700,0.3099
2024-04-06,-0.0141534,0.6478
2024-04-07,-0.0149326,0.8865
2024-04-08,-0.0158724,0.9631
2024-04-09,-0.0167880,0.8274
2024-04-10,-0.0174832,0.5597
2024-04-11,-0.0178856,0.2265
2024-04-12,-0.0179594,-0.0370
2024-04-13,-0.0178409,-0.2127
2024-04-14,-0.0175516,-0.3355
2024-04-15,-0.0172207,-0.3059
2024-04-16,-0.0169362,-0.2873
2024-04-17,-0.0166840,-0.1552
2024-04-18,-0.0166517,0.0546
2024-04-19,-0.0167784,0.2200
2024-04-20,-0.0170929,0.3889
2024-04-21,-0.0175283,0.4740
2024-04-22,-0.0180226,0.5041
2024-04-23,-0.0185106,0.4565
2024-04-24,-0.0189075,0.3244
2024-04-25,-0.0191558,0.1813
2024-04-26,-0.0192498,-0.0228
2024-04-27,-0.0191058,-0.2403
2024-04-28,-0.0187921,-0.3892
2024-04-29,-0.0183718,-0.4051
2024-04-30,-0.0180302,-0.2763
2024-05-01,-0.0178212,-0.1417
2024-05-02,-0.0177834,0.1027
2024-05-03,-0.0180584,0.4425
2024-05-04,-0.0186539,0.7390
2024-05-05,-0.0194895,0.8950
2024-05-06,-0.0203732,0.8391
2024-05-07,-0.0211029,0.5890
2024-05-08,-0.0215242,0.2578
2024-05-09,-0.0216175,-0.0766
2024-05-10,-0.0213943,-0.3411
2024-05-11,-0.0209972,-0.4198
2024-05-12,-0.0205921,-0.3864
2024-05-13,-0.0202385,-0.3106
2024-05-14,-0.0199954,-0.1614
2024-05-15,-0.0199221,0.0070
2024-05-16,-0.0199832,0.0967
2024-05-17,-0.0201153,0.1859
2024-05-18,-0.0203534,0.2703
2024-05-19,-0.0206336,0.2878
2024-05-20,-0.0209206,0.2801
2024-05-21,-0.0211768,0.2213
2024-05-22,-0.0213353,0.0789
2024-05-23,-0.0213183,-0.1123
2024-05-24,-0.0211052,-0.3201
2024-05-25,-0.0207023,-0.4552
2024-05-26,-0.0202334,-0.4744
2024-05-27,-0.0197756,-0.4273
2024-05-28,-0.0194260,-0.2386
2024-05-29,-0.0193250,0.0299
2024-05-30,-0.0194775,0.2735
2024-05-31,-0.0198650,0.4962
2024-06-01,-0.0204404,0.6305
2024-06-02,-0.0210632,0.5765
2024-06-03,-0.0215592,0.4198
2024-06-04,-0.0218848,0.2092
2024-06-05,-0.0219394,-0.1158
2024-06-06,-0.0216440,-0.4682
2024-06-07,-0.0210517,-0.6744
2024-06-08,-0.0203424,-0.7388
2024-06-09,-0.0195906,-0.7536
2024-06-10,-0.0188634,-0.6838
2024-06-11,-0.0182557,-0.5160
2024-06-12,-0.0178272,-0.3607
2024-06-13,-0.0174714,-0.3941
2024-06-14,-0.0170272,-0.4629
2024-06-15,-0.0165832,-0.4190
2024-06-16,-0.0161680,-0.4388
2024-06-17,-0.0156654,-0.5792
2024-06-18,-0.0149779,-0.8149
2024-06-19,-0.0140422,-1.0309
2024-06-20,-0.0129307,-1.2030
2024-06-21,-0.0116547,-1.3196
2024-06-22,-0.0103235,-1.3403
2024-06-23,-0.0089815,-1.3390
2024-06-24,-0.0076861,-1.2161
2024-06-25,-0.0066017,-0.9361
2024-06-26,-0.0058176,-0.6452
2024-06-27,-0.0052843,-0.4355
2024-06-28,-0.0049392,-0.2481
2024-06-29,-0.0047398,-0.2055
2024-06-30,-0.0044457,-0.4105
2024-07-01,-0.0038851,-0.7165
2024-07-02,-0.0030263,-0.9817
2024-07-03,-0.0019154,-1.2657
2024-07-04,-0.0005082,-1.5099
2024-07-05,0.0010719,-1.6568
2024-07-06,0.0027385,-1.6030
2024-07-07,0.0042562,-1.4841
2024-07-08,0.0057108,-1.3777
2024-07-09,0.0069776,-1.1694
2024-07-10,0.0080633,-1.0022
2024-07-11,0.0089966,-0.8788
2024-07-12,0.0098382,-0.8074
2024-07-13,0.0105944,-0.6850
2024-07-14,0.0112492,-0.6857
2024-07-15,0.0120088,-0.8155
2024-07-16,0.0128729,-0.9235
2024-07-17,0.0138535,-1.0247
2024-07-18,0.0149430,-1.1880
2024-07-19,0.0162059,-1.2803
2024-07-20,0.0174545,-1.2252
2024-07-21,0.0186530,-1.1603
2024-07-22,0.0197161,-0.9185
2024-07-23,0.0204508,-0.5592
2024-07-24,0.0208607,-0.2783
2024-07-25,0.0210522,-0.1316
2024-07-26,0.0211600,-0.0933
2024-07-27,0.0212767,-0.1689
2024-07-28,0.0215550,-0.4163
2024-07-29,0.0221326,-0.7337
2024-07-30,0.0229924,-0.9612
2024-07-31,0.0240263,-1.1026
2024-08-01,0.0252061,-1.2694
2024-08-02,0.0265460,-1.3787
2024-08-03,0.0278945,-1.2810
2024-08-04,0.0291058,-1.1769
2024-08-05,0.0302461,-1.0664
2024-08-06,0.0312169,-0.8910
2024-08-07,0.0320377,-0.7445
2024-08-08,0.0327287,-0.6665
2024-08-09,0.0333825,-0.6239
2024-08-10,0.0340138,-0.6933
2024-08-11,0.0347967,-0.8456
2024-08-12,0.0357092,-1.0104
2024-08-13,0.0368019,-1.1284
2024-08-14,0.0379662,-1.2470
2024-08-15,0.0393064,-1.3972
2024-08-16,0.0407087,-1.3919
2024-08-17,0.0420401,-1.2365
2024-08-18,0.0431462,-0.9747
2024-08-19,0.0439714,-0.6587
2024-08-20,0.0444441,-0.2842
2024-08-21,0.0445729,-0.0089
2024-08-22,0.0445232,0.0826
2024-08-23,0.0444595,0.0189
2024-08-24,0.0445464,-0.2277
2024-08-25,0.0449273,-0.5115
2024-08-26,0.0455861,-0.8453
2024-08-27,0.0465758,-1.0529
2024-08-28,0.0476446,-1.1186
2024-08-29,0.0488219,-1.2108
2024-08-30,0.0500008,-1.1066
2024-08-31,0.0510070,-0.9180
2024-09-01,0.0518305,-0.7105
2024-09-02,0.0524343,-0.5218
2024-09-03,0.0529082,-0.4355
2024-09-04,0.0532942,-0.3161
2024-09-05,0.0535605,-0.2571
2024-09-06,0.0538143,-0.2159
2024-09-07,0.0540226,-0.2658
2024-09-08,0.0543969,-0.4688
2024-09-09,0.0549429,-0.6200
2024-09-10,0.0556329,-0.7592
2024-09-11,0.0564307,-0.8065
2024-09-12,0.0572473,-0.8580
2024-09-13,0.0581131,-0.8086
2024-09-14,0.0588057,-0.5829
2024-09-15,0.0592557,-0.2876
2024-09-16,0.0593726,0.0326
2024-09-17,0.0591649,0.4295
2024-09-18,0.0585680,0.6630
2024-09-19,0.0579166,0.6632
2024-09-20,0.0572831,0.5387
2024-09-21,0.0568857,0.2746
2024-09-22,0.0567402,-0.0082
2024-09-23,0.0569108,-0.3169
2024-09-24,0.0573169,-0.4542
2024-09-25,0.0577839,-0.4855
2024-09-26,0.0582671,-0.4545
2024-09-27,0.0586559,-0.3126
2024-09-28,0.0588979,-0.1875
2024-09-29,0.0590378,-0.0832
2024-09-30,0.0590625,0.0266
2024-10-01,0.0590197,0.0313
2024-10-02,0.0589803,0.0948
2024-10-03,0.0588359,0.1409
2024-10-04,0.0587388,0.0661
2024-10-05,0.0586926,0.0245
2024-10-06,0.0587170,-0.0986
2024-10-07,0.0589010,-0.2554
2024-10-08,0.0591987,-0.3248
2024-10-09,0.0595450,-0.3774
2024-10-10,0.0599505,-0.4209
2024-10-11,0.0603417,-0.3292
2024-10-12,0.0605430,-0.0397
2024-10-13,0.0604088,0.2869
2024-10-14,0.0599407,0.6990
2024-10-15,0.0590172,1.0918
2024-10-16,0.0578362,1.2472
2024-10-17,0.0566125,1.1334
2024-10-18,0.0556300,0.8378
2024-10-19,0.0549607,0.4709
2024-10-20,0.0546913,0.0948
2024-10-21,0.0547455,-0.2043
2024-10-22,0.0550409,-0.3262
2024-10-23,0.0553405,-0.2758
2024-10-24,0.0556042,-0.2605
2024-10-25,0.0558279,-0.1443
2024-10-26,0.0558570,0.0792
2024-10-27,0.0556859,0.2536
2024-10-28,0.0553612,0.3938
2024-10-29,0.0548978,0.5355
2024-10-30,0.0543433,0.5178
2024-10-31,0.0539099,0.3569
2024-11-01,0.0536234,0.2144
2024-11-02,0.0534948,0.0310
2024-11-03,0.0535572,-0.1396
2024-11-04,0.0537686,-0.2938
2024-11-05,0.0541382,-0.4281
2024-11-06,0.0545806,-0.4299
2024-11-07,0.0549773,-0.3698
2024-11-08,0.0552809,-0.1920
2024-11-09,0.0553231,0.1003
2024-11-10,0.0550745,0.4098
2024-11-11,0.0545309,0.6371
2024-11-12,0.0538190,0.8085
2024-11-13,0.0529441,0.8895
2024-11-14,0.0521344,0.6875
2024-11-15,0.0516005,0.3913
2024-11-16,0.0513388,0.1342
2024-11-17,0.0513329,-0.1255
2024-11-18,0.0515649,-0.3107
2024-11-19,0.0519065,-0.3524
2024-11-20,0.0522203,-0.2460
2024-11-21,0.0523603,-0.0251
2024-11-22,0.0522818,0.1621
2024-11-23,0.0520347,0.3537
2024-11-24,0.0515822,0.5219
2024-11-25,0.0510474,0.5205
2024-11-26,0.0505410,0.5195
2024-11-27,0.0500218,0.4781
2024-11-28,0.0496303,0.3002
2024-11-29,0.0494232,0.1168
2024-11-30,0.0493933,-0.0566
2024-12-01,0.0495247,-0.1950
2024-12-02,0.0497840,-0.3356
2024-12-03,0.0501791,-0.4259
2024-12-04,0.0505928,-0.3872
2024-12-05,0.0509343,-0.2907
2024-12-06,0.0511482,-0.1161
2024-12-07,0.0511405,0.1365
2024-12-08,0.0508605,0.4332
2024-12-09,0.0503146,0.6084
2024-12-10,0.0496681,0.7104
2024-12-11,0.0489325,0.6963
2024-12-12,0.0483583,0.4337
2024-12-13,0.0480534,0.2063
2024-12-14,0.0479505,-0.0355
2024-12-15,0.0481073,-0.2260
2024-12-16,0.0483659,-0.3066
2024-12-17,0.0486749,-0.2503
2024-12-18,0.0488232,-0.0641
2024-12-19,0.0487966,0.1415
2024-12-20,0.0485236,0.3968
2024-12-21,0.0480413,0.5372
2024-12-22,0.0474784,0.5899
2024-12-23,0.0468719,0.6114
2024-12-24,0.0462839,0.5478
2024-12-25,0.0458006,0.4111
2024-12-26,0.0454669,0.2586
2024-12-27,0.0452790,0.1193
2024-12-28,0.0452471,-0.0766
2024-12-29,0.0454190,-0.2331
2024-12-30,0.0456819,-0.2953
2024-12-31,0.0459943,-0.3116
2025-01-01,0.0462673,-0.2145
2025-01-02,0.0464040,-0.0596
2025-01-03,0.0463344,0.2516
2025-01-04,0.0459051,0.5499
2025-01-05,0.0452691,0.7447
2025-01-06,0.0444337,0.8855
2025-01-07,0.0435819,0.7748
2025-01-08,0.0429268,0.5359
2025-01-09,0.0425308,0.2350
2025-01-10,0.0424629,-0.0840
2025-01-11,0.0426615,-0.2911
2025-01-12,0.0430183,-0.4178
2025-01-13,0.0434857,-0.5104
2025-01-14,0.0439896,-0.4546
2025-01-15,0.0443560,-0.2820
2025-01-16,0.0445550,-0.1136
2025-01-17,0.0445879,0.0409
2025-01-18,0.0444969,0.1245
2025-01-19,0.0443484,0.1796
2025-01-20,0.0441706,0.1361
2025-01-21,0.0440976,0.0285
2025-01-22,0.0441289,-0.1249
2025-01-23,0.0443637,-0.3270
2025-01-24,0.0447968,-0.5708
2025-01-25,0.0454701,-0.7091
2025-01-26,0.0461783,-0.7374
2025-01-27,0.0469314,-0.7254
2025-01-28,0.0475530,-0.4852
2025-01-29,0.0479003,-0.2406
2025-01-30,0.0480437,-0.0246
2025-01-31,0.0479105,0.3084
2025-02-01,0.0474465,0.5827
2025-02-02,0.0468143,0.6495
2025-02-03,0.0461952,0.5730
2025-02-04,0.0456971,0.4099
2025-02-05,0.0454107,0.1410
2025-02-06,0.0454315,-0.1770
2025-02-07,0.0457240,-0.3730
2025-02-08,0.0461476,-0.4792
2025-02-09,0.0466340,-0.4402
2025-02-10,0.0469810,-0.2603
2025-02-11,0.0471723,-0.1334
2025-02-12,0.0472286,0.0511
2025-02-13,0.0470728,0.2275
2025-02-14,0.0467736,0.4037
2025-02-15,0.0463069,0.4552
2025-02-16,0.0459161,0.3480
2025-02-17,0.0456069,0.2527
2025-02-18,0.0454397,0.0704
2025-02-19,0.0454665,-0.1130
2025-02-20,0.0456433,-0.2292
2025-02-21,0.0459189,-0.3274
2025-02-22,0.0462958,-0.4189
2025-02-23,0.0467373,-0.4523
2025-02-24,0.0471608,-0.3668
2025-02-25,0.0474162,-0.1171
2025-02-26,0.0473812,0.1740
2025-02-27,0.0470745,0.4462
2025-02-28,0.0464809,0.7421
2025-03-01,0.0456357,0.9016
2025-03-02,0.0447383,0.8791
2025-03-03,0.0439141,0.7467
2025-03-04,0.0433147,0.4048
2025-03-05,0.0431139,0.0346
2025-03-06,0.0431809,-0.1420
2025-03-07,0.0433737,-0.2462
2025-03-08,0.0436746,-0.3545
2025-03-09,0.0440331,-0.3142
2025-03-10,0.0442572,-0.1367
2025-03-11,0.0443077,0.0370
2025-03-12,0.0441771,0.2289
2025-03-13,0.0438553,0.4045
2025-03-14,0.0433951,0.4989
2025-03-15,0.0428780,0.5318
2025-03-16,0.0423703,0.4484
2025-03-17,0.0419917,0.3336
2025-03-18,0.0416988,0.2317
2025-03-19,0.0415366,0.1048
2025-03-20,0.0415048,-0.0689
2025-03-21,0.0416559,-0.1872
2025-03-22,0.0418462,-0.2067
2025-03-23,0.0420613,-0.2024
2025-03-24,0.0422162,-0.0937
2025-03-25,0.0422110,0.1281
2025-03-26,0.0419335,0.4292
2025-03-27,0.0413583,0.7130
2025-03-28,0.0405118,0.9839
2025-03-29,0.0394363,1.1173
2025-03-30,0.0383605,1.0008
2025-03-31,0.0374881,0.7243
2025-04-01,0.0369248,0.4092
2025-04-02,0.0366841,0.0508
2025-04-03,0.0367877,-0.2011
2025-04-04,0.0370160,-0.2421
2025-04-05,0.0372362,-0.1759
2025-04-06,0.0373366,-0.0159
2025-04-07,0.0372508,0.1957
2025-04-08,0.0369471,0.4014
2025-04-09,0.0364610,0.5679
2025-04-10,0.0358415,0.6439
2025-04-11,0.0351960,0.6516
2025-04-12,0.0345506,0.6224
2025-04-13,0.0339808,0.5046
2025-04-14,0.0335647,0.3171
2025-04-15,0.0333442,0.1368
2025-04-16,0.0332918,-0.0456
2025-04-17,0.0334435,-0.2522
2025-04-18,0.0337515,-0.3246
2025-04-19,0.0340553,-0.2850
2025-04-20,0.0343090,-0.2081
2025-04-21,0.0344385,-0.0322
2025-04-22,0.0343565,0.1946
2025-04-23,0.0340409,0.4468
2025-04-24,0.0334557,0.7205
2025-04-25,0.0326140,0.9517
2025-04-26,0.0316202,0.9792
2025-04-27,0.0307244,0.8005
2025-04-28,0.0300455,0.5431
2025-04-29,0.0296529,0.2416
2025-04-30,0.0295695,-0.0816
2025-05-01,0.0297827,-0.3045
2025-05-02,0.0300933,-0.2719
2025-05-03,0.0302921,-0.1362
2025-05-04,0.0303696,-0.0124
2025-05-05,0.0303047,0.1479
2025-05-06,0.0300678,0.3262
2025-05-07,0.0296892,0.3939
2025-05-08,0.0293147,0.3577
2025-05-09,0.0289807,0.3008
2025-05-10,0.0287222,0.2164
2025-05-11,0.0285467,0.1355
2025-05-12,0.0284718,-0.0072
2025-05-13,0.0285607,-0.1485
2025-05-14,0.0287687,-0.2894
2025-05-15,0.0291352,-0.4175
2025-05-16,0.0295694,-0.4426
2025-05-17,0.0299968,-0.3968
2025-05-18,0.0303362,-0.2707
2025-05-19,0.0305341,-0.1323
2025-05-20,0.0305926,0.0307
2025-05-21,0.0304257,0.3346
2025-05-22,0.0299494,0.5606
2025-05-23,0.0293263,0.7211
2025-05-24,0.0285448,0.7687
2025-05-25,0.0278859,0.5254
2025-05-26,0.0275137,0.2229
2025-05-27,0.0274509,-0.1121
2025-05-28,0.0277099,-0.3631
2025-05-29,0.0281134,-0.4230
2025-05-30,0.0285111,-0.3486
2025-05-31,0.0287994,-0.2406
2025-06-01,0.0289868,-0.1160
2025-06-02,0.0290301,0.0126
2025-06-03,0.0289761,0.0979
2025-06-04,0.0288497,0.1371
2025-06-05,0.0287299,0.0923
2025-06-06,0.0286740,0.0206
2025-06-07,0.0286988,-0.0816
2025-06-08,0.0288788,-0.3085
2025-06-09,0.0293356,-0.5947
2025-06-10,0.0300291,-0.7634
2025-06-11,0.0308434,-0.8749
2025-06-12,0.0317679,-0.9533
2025-06-13,0.0327215,-0.9463
2025-06-14,0.0336073,-0.7797
2025-06-15,0.0342743,-0.5934
2025-06-16,0.0347921,-0.4012
2025-06-17,0.0350584,-0.1540
2025-06-18,0.0351268,0.0132
2025-06-19,0.0350448,0.1420
2025-06-20,0.0349044,0.0862
2025-06-21,0.0349050,-0.0673
2025-06-22,0.0351139,-0.4456
2025-06-23,0.0358217,-0.9004
2025-06-24,0.0368204,-1.0724
2025-06-25,0.0379449,-1.1796
2025-06-26,0.0391584,-1.2230
2025-06-27,0.0403467,-1.1336
2025-06-28,0.0413882,-0.9321
2025-06-29,0.0422057,-0.7152
2025-06-30,0.0428531,-0.6018
2025-07-01,0.0434161,-0.5088
2025-07-02,0.0438823,-0.4506
2025-07-03,0.0443565,-0.5100
2025-07-04,0.0449210,-0.6256
2025-07-05,0.0456370,-0.8290
2025-07-06,0.0465965,-1.0850
2025-07-07,0.0477821,-1.2663
2025-07-08,0.0490790,-1.2974
2025-07-09,0.0503832,-1.3475
2025-07-10,0.0517660,-1.3734
2025-07-11,0.0530733,-1.2290
2025-07-12,0.0541865,-0.9721
2025-07-13,0.0550115,-0.6971
2025-07-14,0.0555761,-0.4084
2025-07-15,0.0558158,-0.0822
2025-07-16,0.0558262,-0.0131
2025-07-17,0.0559141,-0.1604
2025-07-18,0.0561069,-0.1874
2025-07-19,0.0563281,-0.3319
2025-07-20,0.0568023,-0.5711
2025-07-21,0.0574677,-0.8024
2025-07-22,0.0583578,-0.8859
2025-07-23,0.0591900,-0.8209
2025-07-24,0.0600000,-0.7570
2025-07-25,0.0606487,-0.5271
2025-07-26,0.0610552,-0.3000
2025-07-27,0.0612726,-0.1446
2025-07-28,0.0613727,-0.0742
2025-07-29,0.0614430,-0.0697
2025-07-30,0.0615251,-0.1041
2025-07-31,0.0617052,-0.3007
2025-08-01,0.0621353,-0.5239
2025-08-02,0.0627491,-0.7354
2025-08-03,0.0636339,-1.0301
2025-08-04,0.0647733,-1.2167
2025-08-05,0.0660351,-1.3067
2025-08-06,0.0673619,-1.3221
2025-08-07,0.0686522,-1.2560
2025-08-08,0.0698331,-1.0673
2025-08-09,0.0707590,-0.7952
2025-08-10,0.0714291,-0.5398
2025-08-11,0.0718324,-0.2656
2025-08-12,0.0719877,-0.0736
2025-08-13,0.0720369,-0.0536
2025-08-14,0.0721403,-0.1700
2025-08-15,0.0723909,-0.3284
2025-08-16,0.0728331,-0.5947
2025-08-17,0.0735807,-0.8622
2025-08-18,0.0745242,-1.0299
2025-08-19,0.0756245,-1.1494
2025-08-20,0.0767629,-1.0884
2025-08-21,0.0777675,-0.9261
2025-08-22,0.0786197,-0.7777
2025-08-23,0.0793169,-0.6112
2025-08-24,0.0798540,-0.4803
2025-08-25,0.0802899,-0.3867
2025-08-26,0.0806535,-0.3713
2025-08-27,0.0810433,-0.3881
2025-08-28,0.0814490,-0.4628
2025-08-29,0.0820002,-0.6316
2025-08-30,0.0827130,-0.8029
2025-08-31,0.0835958,-0.9435
2025-09-01,0.0845797,-1.0233
2025-09-02,0.0856269,-1.0568
2025-09-03,0.0866550,-0.9755
2025-09-04,0.0875544,-0.8238
2025-09-05,0.0882653,-0.5603
2025-09-06,0.0886644,-0.2651
2025-09-07,0.0888046,0.0030
2025-09-08,0.0886504,0.2953
2025-09-09,0.0882691,0.4223
2025-09-10,0.0878766,0.3367
2025-09-11,0.0876407,0.1160
2025-09-12,0.0876305,-0.0624
2025-09-13,0.0877922,-0.3209
2025-09-14,0.0882760,-0.5905
2025-09-15,0.0889058,-0.6578
2025-09-16,0.0895493,-0.5980
2025-09-17,0.0900733,-0.4527
2025-09-18,0.0904231,-0.2126
2025-09-19,0.0905051,0.0079
2025-09-20,0.0904253,0.1746
2025-09-21,0.0901699,0.2995
2025-09-22,0.0898864,0.2443
2025-09-23,0.0897026,0.1253
2025-09-24,0.0896456,-0.0232
2025-09-25,0.0897600,-0.2048
2025-09-26,0.0900231,-0.2902
2025-09-27,0.0903727,-0.4724
2025-09-28,0.0909727,-0.6688
2025-09-29,0.0916592,-0.7119
2025-09-30,0.0923952,-0.7510
2025-10-01,0.0930830,-0.5554
2025-10-02,0.0934758,-0.2691
2025-10-03,0.0936520,-0.0750
2025-10-04,0.0935933,0.2167
2025-10-05,0.0932320,0.4681
2025-10-06,0.0927150,0.5459
2025-10-07,0.0921824,0.4971
2025-10-08,0.0917511,0.3575
2025-10-09,0.0915072,0.0986
2025-10-10,0.0915914,-0.2728
2025-10-11,0.0920217,-0.5510
2025-10-12,0.0926474,-0.6912
2025-10-13,0.0933574,-0.6914
2025-10-14,0.0939932,-0.5806
2025-10-15,0.0944921,-0.3903
2025-10-16,0.0947517,-0.1337
2025-10-17,0.0947685,0.0960
2025-10-18,0.0945855,0.2483
2025-10-19,0.0942950,0.3314
2025-10-20,0.0939499,0.3328
2025-10-21,0.0936620,0.2364
2025-10-22,0.0934834,0.1213
2025-10-23,0.0933865,0.1050
2025-10-24,0.0933238,-0.0625
2025-10-25,0.0935118,-0.2310
2025-10-26,0.0937419,-0.2680
2025-10-27,0.0940574,-0.3340
2025-10-28,0.0943525,-0.2279
2025-10-29,0.0944653,0.0220
2025-10-30,0.0943029,0.2886
2025-10-31,0.0938751,0.5942
2025-11-01,0.0931221,0.8771
2025-11-02,0.0921711,1.0095
2025-11-03,0.0911224,1.0839
2025-11-04,0.0900434,1.0380
2025-11-05,0.0891140,0.7894
2025-11-06,0.0884986,0.4389
2025-11-07,0.0882069,0.1764
2025-11-08,0.0881184,-0.0040
2025-11-09,0.0881735,-0.0602
2025-11-10,0.0881778,0.0666
2025-11-11,0.0880036,0.3037
2025-11-12,0.0875944,0.4690
2025-11-13,0.0870888,0.5648
2025-11-14,0.0864371,0.7436
2025-11-15,0.0856435,0.7966
2025-11-16,0.0849021,0.6751
2025-11-17,0.0843032,0.5241
2025-11-18,0.0838727,0.3168
2025-11-19,0.0836543,0.1554
2025-11-20,0.0835523,0.0229
2025-11-21,0.0836133,-0.1241
2025-11-22,0.0837754,-0.1959
2025-11-23,0.0839950,-0.2375
2025-11-24,0.0842125,-0.1655
2025-11-25,0.0842934,0.0042
2025-11-26,0.0841718,0.2709
2025-11-27,0.0837387,0.5764
2025-11-28,0.0830318,0.8434
2025-11-29,0.0820685,1.0604
2025-11-30,0.0809568,1.1399
2025-12-01,0.0798210,1.1225
2025-12-02,0.0787751,0.9152
2025-12-03,0.0780143,0.6370
2025-12-04,0.0775125,0.3248
2025-12-05,0.0773653,0.0107
2025-12-06,0.0774337,-0.1313
2025-12-07,0.0775758,-0.1168
2025-12-08,0.0776071,0.0785
2025-12-09,0.0773986,0.3345
2025-12-10,0.0769731,0.4857
2025-12-11,0.0764697,0.5095
2025-12-12,0.0759769,0.4651
2025-12-13,0.0755439,0.4077
2025-12-14,0.0751674,0.3326
2025-12-15,0.0749082,0.1690
2025-12-16,0.0748365,-0.0160
2025-12-17,0.0749291,-0.1678
2025-12-18,0.0751983,-0.3983
2025-12-19,0.0756914,-0.5259
2025-12-20,0.0762133,-0.5431
2025-12-21,0.0767782,-0.5622
2025-12-22,0.0772759,-0.3959
2025-12-23,0.0775547,-0.1837
2025-12-24,0.0776216,0.0935
2025-12-25,0.0773663,0.3747
2025-12-26,0.0769038,0.5611
2025-12-27,0.0762560,0.7119
2025-12-28,0.0755368,0.6923
2025-12-29,0.0749100,0.5569
2025-12-30,0.0744353,0.3844
2025-12-31,0.0741508,0.1829
2026-01-01,0.0740677,-0.0131
2026-01-02,0.0741632,-0.1675
2026-01-03,0.0743601,-0.1941
2026-01-04,0.0744805,-0.0081
2026-01-05,0.0743588,0.2304
2026-01-06,0.0740229,0.4595
2026-01-07,0.0734682,0.6036
2026-01-08,0.0728589,0.6181
2026-01-09,0.0722576,0.5558
2026-01-10,0.0717705,0.4240
2026-01-11,0.0714293,0.2330
2026-01-12,0.0713216,-0.0094
2026-01-13,0.0714189,-0.1644
2026-01-14,0.0716599,-0.3480
2026-01-15,0.0721096,-0.5159
2026-01-16,0.0726584,-0.5840
2026-01-17,0.0732631,-0.6087
2026-01-18,0.0738290,-0.4931
2026-01-19,0.0742071,-0.2508
2026-01-20,0.0743241,0.0111
2026-01-21,0.0741758,0.3002
2026-01-22,0.0737310,0.5674
2026-01-23,0.0730556,0.7909
2026-01-24,0.0722113,0.8283
2026-01-25,0.0714667,0.6627
2026-01-26,0.0708888,0.4884
2026-01-27,0.0705113,0.2500
2026-01-28,0.0703713,0.0643
2026-01-29,0.0703840,-0.1252
2026-01-30,0.0705716,-0.1643
2026-01-31,0.0706657,-0.0625
2026-02-01,0.0706649,0.1346
2026-02-02,0.0703761,0.3930
2026-02-03,0.0699091,0.5608
2026-02-04,0.0692655,0.6954
2026-02-05,0.0685733,0.6648
2026-02-06,0.0679617,0.5566
2026-02-07,0.0674761,0.4002
2026-02-08,0.0671882,0.1630
2026-02-09,0.0671427,-0.0519
2026-02-10,0.0672917,-0.2660
2026-02-11,0.0676529,-0.4147
2026-02-12,0.0681064,-0.5193
2026-02-13,0.0686715,-0.5639
2026-02-14,0.0691976,-0.4987
2026-02-15,0.0696475,-0.3694
2026-02-16,0.0699030,-0.1400
2026-02-17,0.0699026,0.1642
2026-02-18,0.0695673,0.4904
2026-02-19,0.0689774,0.6498
2026-02-20,0.0682977,0.7191
2026-02-21,0.0675823,0.6592
2026-02-22,0.0670139,0.4954
2026-02-23,0.0665926,0.3282
2026-02-24,0.0663815,0.0891
2026-02-25,0.0664241,-0.1791
2026-02-26,0.0667069,-0.3490
2026-02-27,0.0670413,-0.2766
2026-02-28,0.0672225,-0.0912
2026-03-01,0.0672051,0.1502
2026-03-02,0.0669109,0.4252
2026-03-03,0.0663788,0.6278
2026-03-04,0.0656692,0.7886
2026-03-05,0.0648511,0.8008
2026-03-06,0.0641097,0.6865
2026-03-07,0.0634948,0.5220
2026-03-08,0.0630991,0.2573
2026-03-09,0.0629294,0.1450
2026-03-10,0.0627760,0.1321
2026-03-11,0.0626815,0.0702
2026-03-12,0.0626413,-0.0088
2026-03-13,0.0626603,0.0287
2026-03-14,0.0625260,0.2399
2026-03-15,0.0621760,0.4645
2026-03-16,0.0616010,0.6772
2026-03-17,0.0608240,0.8829
2026-03-18,0.0598381,1.0800
2026-03-19,0.0586914,1.1951
2026-03-20,0.0575069,1.1333
2026-03-21,0.0564633,0.9562
2026-03-22,0.0556372,0.6512
2026-03-23,0.0551637,0.3379
2026-03-24,0.0549352,0.1034
2026-03-25,0.0549061,0.0214
2026-03-26,0.0548401,0.0962
2026-03-27,0.0546935,0.2316
2026-03-28,0.0543316,0.5029
2026-03-29,0.0536880,0.7735
2026-03-30,0.0528355,0.8915
2026-03-31,0.0519295,0.9359
2026-04-01,0.0509688,0.9651
2026-04-02,0.0500293,0.9044
2026-04-03,0.0491948,0.7395
2026-04-04,0.0485652,0.5300
2026-04-05,0.0481386,0.3093
2026-04-06,0.0479247,0.1544
2026-04-07,0.0478031,0.0795
2026-04-08,0.0477547,0.0375
2026-04-09,0.0477033,0.0697
2026-04-10,0.0475828,0.1992
2026-04-11,0.0472924,0.3662
2026-04-12,0.0468333,0.5844
2026-04-13,0.0461228,0.8051
2026-04-14,0.0452246,1.0214
2026-04-15,0.0440889,1.2109
2026-04-16,0.0428453,1.2729
2026-04-17,0.0415947,1.1801
2026-04-18,0.0405424,0.9155
2026-04-19,0.0397725,0.6246
2026-04-20,0.0392793,0.3753
2026-04-21,0.0389978,0.1984
2026-04-22,0.0388375,0.1565
2026-04-23,0.0386405,0.2475
2026-04-24,0.0383144,0.4228
2026-04-25,0.0377857,0.6257
2026-04-26,0.0370732,0.7978
2026-04-27,0.0362001,0.9398
2026-04-28,0.0352408,0.9404
2026-04-29,0.0343501,0.8488
2026-04-30,0.0335535,0.7265
2026-05-01,0.0329216,0.5308
2026-05-02,0.0324955,0.3242
2026-05-03,0.0322356,0.2304
2026-05-04,0.0320589,0.0639
2026-05-05,0.0320895,-0.0477
2026-05-06,0.0321116,-0.0311
2026-05-07,0.0321699,-0.0691
2026-05-08,0.0321979,0.0487
2026-05-09,0.0320530,0.2250
2026-05-10,0.0316958,0.5574
2026-05-11,0.0309688,0.7978
2026-05-12,0.0301508,0.8863
2026-05-13,0.0291746,1.0396
2026-05-14,0.0281261,1.0293
2026-05-15,0.0271589,0.8904
2026-05-16,0.0263847,0.6332
2026-05-17,0.0259097,0.3243
2026-05-18,0.0256980,0.1298
2026-05-19,0.0256097,0.0565
2026-05-20,0.0255247,0.1641
2026-05-21,0.0252286,0.4304
2026-05-22,0.0246431,0.7590
2026-05-23,0.0237510,0.9665
2026-05-24,0.0227533,1.0444
2026-05-25,0.0216859,1.0510
2026-05-26,0.0207024,0.9042
2026-05-27,0.0198498,0.8406
2026-05-28,0.0190565,0.6710
2026-05-29,0.0185124,0.4874
2026-05-30,0.0180593,0.3708
2026-05-31,0.0178133,0.1266
2026-06-01,0.0177649,0.0059
2026-06-02,0.0177749,-0.0352
2026-06-03,0.0178100,-0.0005
2026-06-04,0.0177403,0.1410
2026-06-05,0.0175059,0.3486
2026-06-06,0.0170454,0.5491
2026-06-07,0.0164204,0.7115
2026-06-08,0.0156327,0.8429
2026-06-09,0.0147522,0.9216
2026-06-10,0.0138069,0.9479
2026-06-11,0.0129129,0.8045
2026-06-12,0.0122402,0.5343
2026-06-13,0.0118527,0.2388
2026-06-14,0.0117620,-0.0549
2026-06-15,0.0119162,-0.2097
2026-06-16,0.0121283,-0.2052
2026-06-17,0.0122963,-0.1097
2026-06-18,0.0123322,0.0323
2026-06-19,0.0122361,0.1610
2026-06-20,0.0120035,0.3097
2026-06-21,0.0116497,0.3592
2026-06-22,0.0113317,0.2687
2026-06-23,0.0111436,0.0841
2026-06-24,0.0111492,-0.0576
2026-06-25,0.0112704,-0.2340
2026-06-26,0.0116208,-0.4213
2026-06-27,0.0120895,-0.5380
2026-06-28,0.0126976,-0.6569
2026-06-29,0.0133609,-0.6486
2026-06-30,0.0139776,-0.5889
2026-07-01,0.0145168,-0.4636
2026-07-02,0.0148548,-0.1882
2026-07-03,0.0148932,0.0873
2026-07-04,0.0146858,0.3460
2026-07-05,0.0142242,0.5355
2026-07-06,0.0136300,0.6792
2026-07-07,0.0129108,0.6877
2026-07-08,0.0122663,0.6609
2026-07-09,0.0116400,0.4810
2026-07-10,0.0113444,0.1806
2026-07-11,0.0112523,-0.0405
2026-07-12,0.0114140,-0.2276
2026-07-13,0.0116449,-0.2269
2026-07-14,0.0118271,-0.1042
2026-07-15,0.0118111,0.1450
2026-07-16,0.0115424,0.3784
2026-07-17,0.0110702,0.5643
2026-07-18,0.0104559,0.6240
2026-07-19,0.0098753,0.5243
2026-07-20,0.0094333,0.3464
2026-07-21,0.0092049,0.1011
2026-07-22,0.0092113,-0.0849
2026-07-23,0.0093717,-0.2620
2026-07-24,0.0097464,-0.4722
2026-07-25,0.0102797,-0.5730
2026-07-26,0.0108886,-0.6624
2026-07-27,0.0115749,-0.6630
2026-07-28,0.0121804,-0.5609
2026-07-29,0.0126823,-0.4156
2026-07-30,0.0129625,-0.1230
2026-07-31,0.0129404,0.1334
2026-08-01,0.0127091,0.3496
2026-08-02,0.0122625,0.5018
2026-08-03,0.0117560,0.5025
2026-08-04,0.0112624,0.4885
2026-08-05,0.0108216,0.3466
2026-08-06,0.0105944,0.1291
2026-08-07,0.0105572,-0.0699
2026-08-08,0.0107386,-0.2820
2026-08-09,0.0110854,-0.3868
2026-08-10,0.0114646,-0.3488
2026-08-11,0.0117131,-0.1013
2026-08-12,0.0116192,0.2901
2026-08-13,0.0111490,0.6334
2026-08-14,0.0103868,0.8737
2026-08-15,0.0094476,0.9759
2026-08-16,0.0085003,0.8821
2026-08-17,0.0077272,0.6569
2026-08-18,0.0071953,0.4054
2026-08-19,0.0068895,0.2346
2026-08-20,0.0067347,0.0381
2026-08-21,0.0067861,-0.0767
2026-08-22,0.0068563,-0.0959
2026-08-23,0.0069868,-0.1417
2026-08-24,0.0070911,-0.0417
2026-08-25,0.0070606,0.0873
2026-08-26,0.0068940,0.2840
2026-08-27,0.0064878,0.4952
2026-08-28,0.0059021,0.7108
2026-08-29,0.0050754,0.8988
2026-08-30,0.0041646,0.9064
2026-08-31,0.0032718,0.8865
2026-09-01,0.0024177,0.7882
2026-09-02,0.0017229,0.6074
2026-09-03,0.0012148,0.3910
2026-09-04,0.0009581,0.1231
2026-09-05,0.0009204,-0.0003
2026-09-06,0.0008859,0.0945
2026-09-07,0.0006855,0.3270
2026-09-08,0.0002210,0.5921
2026-09-09,-0.0005075,0.8834
2026-09-10,-0.0015221,1.1035
2026-09-11,-0.0026654,1.1762
2026-09-12,-0.0038602,1.2060
2026-09-13,-0.0050573,1.1756
2026-09-14,-0.0061773,1.0428
2026-09-15,-0.0071201,0.8416
2026-09-16,-0.0078993,0.7568
2026-09-17,-0.0085843,0.5239
2026-09-18,-0.0089848,0.4043
2026-09-19,-0.0094664,0.5054
2026-09-20,-0.0099836,0.5705
2026-09-21,-0.0106307,0.7055
2026-09-22,-0.0114083,0.8814
2026-09-23,-0.0123494,0.9249
2026-09-24,-0.0134728,
